<?xml version='1.0' encoding='utf-8'?>
<kml xmlns="http://www.opengis.net/kml/2.2">
<Document id="root_doc">
<Schema name="六區行道樹2021_1" id="六區行道樹2021_1">
	<SimpleField name="AREA" type="string" />
	<SimpleField name="DATE" type="string" />
	<SimpleField name="UID" type="string" />
	<SimpleField name="TREE_NAME" type="string" />
	<SimpleField name="ROAD" type="string" />
</Schema>
<Folder><name>六區行道樹2021_1</name>
  <Placemark>
	<ExtendedData><SchemaData schemaUrl="#六區行道樹2021_1">
		<SimpleData name="AREA">中西區</SimpleData>
		<SimpleData name="DATE">2019/12/19</SimpleData>
		<SimpleData name="UID">370-01496</SimpleData>
		<SimpleData name="TREE_NAME">福木</SimpleData>
		<SimpleData name="ROAD">中山路柏油路</SimpleData>
	</SchemaData></ExtendedData>
      <Point><coordinates>120.209745537412,22.9955145516852</coordinates></Point>
  </Placemark>
  <Placemark>
	<ExtendedData><SchemaData schemaUrl="#六區行道樹2021_1">
		<SimpleData name="AREA">中西區</SimpleData>
		<SimpleData name="DATE">2019/12/19</SimpleData>
		<SimpleData name="UID">370-01497</SimpleData>
		<SimpleData name="TREE_NAME">福木</SimpleData>
		<SimpleData name="ROAD">中山路柏油路</SimpleData>
	</SchemaData></ExtendedData>
      <Point><coordinates>120.210163518971,22.9957589962716</coordinates></Point>
  </Placemark>
  <Placemark>
	<ExtendedData><SchemaData schemaUrl="#六區行道樹2021_1">
		<SimpleData name="AREA">中西區</SimpleData>
		<SimpleData name="DATE">2019/12/19</SimpleData>
		<SimpleData name="UID">370-01498</SimpleData>
		<SimpleData name="TREE_NAME">福木</SimpleData>
		<SimpleData name="ROAD">中山路柏油路</SimpleData>
	</SchemaData></ExtendedData>
      <Point><coordinates>120.210402028017,22.9958859661572</coordinates></Point>
  </Placemark>
  <Placemark>
	<ExtendedData><SchemaData schemaUrl="#六區行道樹2021_1">
		<SimpleData name="AREA">中西區</SimpleData>
		<SimpleData name="DATE">2019/12/19</SimpleData>
		<SimpleData name="UID">370-01499</SimpleData>
		<SimpleData name="TREE_NAME">福木</SimpleData>
		<SimpleData name="ROAD">中山路柏油路</SimpleData>
	</SchemaData></ExtendedData>
      <Point><coordinates>120.210464216325,22.9959096461343</coordinates></Point>
  </Placemark>
  <Placemark>
	<ExtendedData><SchemaData schemaUrl="#六區行道樹2021_1">
		<SimpleData name="AREA">中西區</SimpleData>
		<SimpleData name="DATE">2019/12/19</SimpleData>
		<SimpleData name="UID">370-01500</SimpleData>
		<SimpleData name="TREE_NAME">福木</SimpleData>
		<SimpleData name="ROAD">中山路柏油路</SimpleData>
	</SchemaData></ExtendedData>
      <Point><coordinates>120.210520604268,22.9959492082893</coordinates></Point>
  </Placemark>
  <Placemark>
	<ExtendedData><SchemaData schemaUrl="#六區行道樹2021_1">
		<SimpleData name="AREA">中西區</SimpleData>
		<SimpleData name="DATE">2019/12/19</SimpleData>
		<SimpleData name="UID">370-01501</SimpleData>
		<SimpleData name="TREE_NAME">福木</SimpleData>
		<SimpleData name="ROAD">中山路柏油路</SimpleData>
	</SchemaData></ExtendedData>
      <Point><coordinates>120.210610405458,22.9960204882514</coordinates></Point>
  </Placemark>
  <Placemark>
	<ExtendedData><SchemaData schemaUrl="#六區行道樹2021_1">
		<SimpleData name="AREA">中西區</SimpleData>
		<SimpleData name="DATE">2019/12/19</SimpleData>
		<SimpleData name="UID">370-01502</SimpleData>
		<SimpleData name="TREE_NAME">福木</SimpleData>
		<SimpleData name="ROAD">中山路柏油路</SimpleData>
	</SchemaData></ExtendedData>
      <Point><coordinates>120.210645153382,22.9960476163799</coordinates></Point>
  </Placemark>
  <Placemark>
	<ExtendedData><SchemaData schemaUrl="#六區行道樹2021_1">
		<SimpleData name="AREA">中西區</SimpleData>
		<SimpleData name="DATE">2019/12/19</SimpleData>
		<SimpleData name="UID">370-01503</SimpleData>
		<SimpleData name="TREE_NAME">福木</SimpleData>
		<SimpleData name="ROAD">中山路柏油路</SimpleData>
	</SchemaData></ExtendedData>
      <Point><coordinates>120.21073657225,22.9960923286259</coordinates></Point>
  </Placemark>
  <Placemark>
	<ExtendedData><SchemaData schemaUrl="#六區行道樹2021_1">
		<SimpleData name="AREA">中西區</SimpleData>
		<SimpleData name="DATE">2019/12/19</SimpleData>
		<SimpleData name="UID">370-01504</SimpleData>
		<SimpleData name="TREE_NAME">福木</SimpleData>
		<SimpleData name="ROAD">中山路柏油路</SimpleData>
	</SchemaData></ExtendedData>
      <Point><coordinates>120.210871740532,22.9961787071228</coordinates></Point>
  </Placemark>
  <Placemark>
	<ExtendedData><SchemaData schemaUrl="#六區行道樹2021_1">
		<SimpleData name="AREA">中西區</SimpleData>
		<SimpleData name="DATE">2019/12/19</SimpleData>
		<SimpleData name="UID">370-01505</SimpleData>
		<SimpleData name="TREE_NAME">福木</SimpleData>
		<SimpleData name="ROAD">中山路柏油路</SimpleData>
	</SchemaData></ExtendedData>
      <Point><coordinates>120.21090288354,22.9961996135302</coordinates></Point>
  </Placemark>
  <Placemark>
	<ExtendedData><SchemaData schemaUrl="#六區行道樹2021_1">
		<SimpleData name="AREA">中西區</SimpleData>
		<SimpleData name="DATE">2019/12/19</SimpleData>
		<SimpleData name="UID">370-01506</SimpleData>
		<SimpleData name="TREE_NAME">福木</SimpleData>
		<SimpleData name="ROAD">中山路柏油路</SimpleData>
	</SchemaData></ExtendedData>
      <Point><coordinates>120.211579926192,22.9966693555068</coordinates></Point>
  </Placemark>
  <Placemark>
	<ExtendedData><SchemaData schemaUrl="#六區行道樹2021_1">
		<SimpleData name="AREA">中西區</SimpleData>
		<SimpleData name="DATE">2019/12/19</SimpleData>
		<SimpleData name="UID">370-01507</SimpleData>
		<SimpleData name="TREE_NAME">鳳凰木</SimpleData>
		<SimpleData name="ROAD">中山路柏油路</SimpleData>
	</SchemaData></ExtendedData>
      <Point><coordinates>120.209596187586,22.9956005320318</coordinates></Point>
  </Placemark>
  <Placemark>
	<ExtendedData><SchemaData schemaUrl="#六區行道樹2021_1">
		<SimpleData name="AREA">中西區</SimpleData>
		<SimpleData name="DATE">2019/12/23</SimpleData>
		<SimpleData name="UID">370-01741</SimpleData>
		<SimpleData name="TREE_NAME">雀榕</SimpleData>
		<SimpleData name="ROAD">東門路一段、北門路一段與民權路一段中央分隔島</SimpleData>
	</SchemaData></ExtendedData>
      <Point><coordinates>120.211648115993,22.988965652071</coordinates></Point>
  </Placemark>
  <Placemark>
	<ExtendedData><SchemaData schemaUrl="#六區行道樹2021_1">
		<SimpleData name="AREA">中西區</SimpleData>
		<SimpleData name="DATE">2019/12/23</SimpleData>
		<SimpleData name="UID">370-01742</SimpleData>
		<SimpleData name="TREE_NAME">榕樹</SimpleData>
		<SimpleData name="ROAD">東門路一段、北門路一段與民權路一段中央分隔島</SimpleData>
	</SchemaData></ExtendedData>
      <Point><coordinates>120.211614612664,22.9890674899578</coordinates></Point>
  </Placemark>
  <Placemark>
	<ExtendedData><SchemaData schemaUrl="#六區行道樹2021_1">
		<SimpleData name="AREA">中西區</SimpleData>
		<SimpleData name="DATE">2019/12/23</SimpleData>
		<SimpleData name="UID">370-01743</SimpleData>
		<SimpleData name="TREE_NAME">榕樹</SimpleData>
		<SimpleData name="ROAD">東門路一段、北門路一段與民權路一段中央分隔島</SimpleData>
	</SchemaData></ExtendedData>
      <Point><coordinates>120.21155655156,22.9891077283657</coordinates></Point>
  </Placemark>
  <Placemark>
	<ExtendedData><SchemaData schemaUrl="#六區行道樹2021_1">
		<SimpleData name="AREA">中西區</SimpleData>
		<SimpleData name="DATE">2019/12/23</SimpleData>
		<SimpleData name="UID">370-01744</SimpleData>
		<SimpleData name="TREE_NAME">榕樹</SimpleData>
		<SimpleData name="ROAD">東門路一段、北門路一段與民權路一段中央分隔島</SimpleData>
	</SchemaData></ExtendedData>
      <Point><coordinates>120.211542268015,22.9891209225798</coordinates></Point>
  </Placemark>
  <Placemark>
	<ExtendedData><SchemaData schemaUrl="#六區行道樹2021_1">
		<SimpleData name="AREA">中西區</SimpleData>
		<SimpleData name="DATE">2019/12/23</SimpleData>
		<SimpleData name="UID">370-01745</SimpleData>
		<SimpleData name="TREE_NAME">榕樹</SimpleData>
		<SimpleData name="ROAD">東門路一段、北門路一段與民權路一段中央分隔島</SimpleData>
	</SchemaData></ExtendedData>
      <Point><coordinates>120.211511453789,22.9891357051072</coordinates></Point>
  </Placemark>
  <Placemark>
	<ExtendedData><SchemaData schemaUrl="#六區行道樹2021_1">
		<SimpleData name="AREA">中西區</SimpleData>
		<SimpleData name="DATE">2019/12/23</SimpleData>
		<SimpleData name="UID">370-01746</SimpleData>
		<SimpleData name="TREE_NAME">蒲桃</SimpleData>
		<SimpleData name="ROAD">東門路一段、北門路一段與民權路一段中央分隔島</SimpleData>
	</SchemaData></ExtendedData>
      <Point><coordinates>120.211484377318,22.9891435620439</coordinates></Point>
  </Placemark>
  <Placemark>
	<ExtendedData><SchemaData schemaUrl="#六區行道樹2021_1">
		<SimpleData name="AREA">中西區</SimpleData>
		<SimpleData name="DATE">2019/12/23</SimpleData>
		<SimpleData name="UID">370-01747</SimpleData>
		<SimpleData name="TREE_NAME">榕樹</SimpleData>
		<SimpleData name="ROAD">東門路一段、北門路一段與民權路一段中央分隔島</SimpleData>
	</SchemaData></ExtendedData>
      <Point><coordinates>120.211367657973,22.9891130190938</coordinates></Point>
  </Placemark>
  <Placemark>
	<ExtendedData><SchemaData schemaUrl="#六區行道樹2021_1">
		<SimpleData name="AREA">中西區</SimpleData>
		<SimpleData name="DATE">2019/12/23</SimpleData>
		<SimpleData name="UID">370-01748</SimpleData>
		<SimpleData name="TREE_NAME">羅比親王海棗</SimpleData>
		<SimpleData name="ROAD">東門路一段、北門路一段與民權路一段中央分隔島</SimpleData>
	</SchemaData></ExtendedData>
      <Point><coordinates>120.21140720944,22.9891439184627</coordinates></Point>
  </Placemark>
  <Placemark>
	<ExtendedData><SchemaData schemaUrl="#六區行道樹2021_1">
		<SimpleData name="AREA">中西區</SimpleData>
		<SimpleData name="DATE">2019/12/23</SimpleData>
		<SimpleData name="UID">370-01749</SimpleData>
		<SimpleData name="TREE_NAME">羅比親王海棗</SimpleData>
		<SimpleData name="ROAD">東門路一段、北門路一段與民權路一段中央分隔島</SimpleData>
	</SchemaData></ExtendedData>
      <Point><coordinates>120.21133501904,22.9891304563988</coordinates></Point>
  </Placemark>
  <Placemark>
	<ExtendedData><SchemaData schemaUrl="#六區行道樹2021_1">
		<SimpleData name="AREA">中西區</SimpleData>
		<SimpleData name="DATE">2019/12/23</SimpleData>
		<SimpleData name="UID">370-01750</SimpleData>
		<SimpleData name="TREE_NAME">桑椹</SimpleData>
		<SimpleData name="ROAD">東門路一段、北門路一段與民權路一段中央分隔島</SimpleData>
	</SchemaData></ExtendedData>
      <Point><coordinates>120.211277473271,22.9891111614841</coordinates></Point>
  </Placemark>
  <Placemark>
	<ExtendedData><SchemaData schemaUrl="#六區行道樹2021_1">
		<SimpleData name="AREA">中西區</SimpleData>
		<SimpleData name="DATE">2019/12/23</SimpleData>
		<SimpleData name="UID">370-01751</SimpleData>
		<SimpleData name="TREE_NAME">羅比親王海棗</SimpleData>
		<SimpleData name="ROAD">東門路一段、北門路一段與民權路一段中央分隔島</SimpleData>
	</SchemaData></ExtendedData>
      <Point><coordinates>120.211294985303,22.9890934231392</coordinates></Point>
  </Placemark>
  <Placemark>
	<ExtendedData><SchemaData schemaUrl="#六區行道樹2021_1">
		<SimpleData name="AREA">中西區</SimpleData>
		<SimpleData name="DATE">2019/12/23</SimpleData>
		<SimpleData name="UID">370-01752</SimpleData>
		<SimpleData name="TREE_NAME">羅比親王海棗</SimpleData>
		<SimpleData name="ROAD">東門路一段、北門路一段與民權路一段中央分隔島</SimpleData>
	</SchemaData></ExtendedData>
      <Point><coordinates>120.211275024994,22.9890794444381</coordinates></Point>
  </Placemark>
  <Placemark>
	<ExtendedData><SchemaData schemaUrl="#六區行道樹2021_1">
		<SimpleData name="AREA">中西區</SimpleData>
		<SimpleData name="DATE">2019/12/23</SimpleData>
		<SimpleData name="UID">370-01753</SimpleData>
		<SimpleData name="TREE_NAME">芒果</SimpleData>
		<SimpleData name="ROAD">東門路一段、北門路一段與民權路一段中央分隔島</SimpleData>
	</SchemaData></ExtendedData>
      <Point><coordinates>120.211259652304,22.9890950984355</coordinates></Point>
  </Placemark>
  <Placemark>
	<ExtendedData><SchemaData schemaUrl="#六區行道樹2021_1">
		<SimpleData name="AREA">中西區</SimpleData>
		<SimpleData name="DATE">2019/12/23</SimpleData>
		<SimpleData name="UID">370-01754</SimpleData>
		<SimpleData name="TREE_NAME">羅比親王海棗</SimpleData>
		<SimpleData name="ROAD">東門路一段、北門路一段與民權路一段中央分隔島</SimpleData>
	</SchemaData></ExtendedData>
      <Point><coordinates>120.211255296078,22.9890723117405</coordinates></Point>
  </Placemark>
  <Placemark>
	<ExtendedData><SchemaData schemaUrl="#六區行道樹2021_1">
		<SimpleData name="AREA">中西區</SimpleData>
		<SimpleData name="DATE">2019/12/23</SimpleData>
		<SimpleData name="UID">370-01755</SimpleData>
		<SimpleData name="TREE_NAME">羅比親王海棗</SimpleData>
		<SimpleData name="ROAD">東門路一段、北門路一段與民權路一段中央分隔島</SimpleData>
	</SchemaData></ExtendedData>
      <Point><coordinates>120.211240530751,22.989052073911</coordinates></Point>
  </Placemark>
  <Placemark>
	<ExtendedData><SchemaData schemaUrl="#六區行道樹2021_1">
		<SimpleData name="AREA">中西區</SimpleData>
		<SimpleData name="DATE">2019/12/23</SimpleData>
		<SimpleData name="UID">370-01756</SimpleData>
		<SimpleData name="TREE_NAME">羅比親王海棗</SimpleData>
		<SimpleData name="ROAD">東門路一段、北門路一段與民權路一段中央分隔島</SimpleData>
	</SchemaData></ExtendedData>
      <Point><coordinates>120.211228983099,22.9890278065911</coordinates></Point>
  </Placemark>
  <Placemark>
	<ExtendedData><SchemaData schemaUrl="#六區行道樹2021_1">
		<SimpleData name="AREA">中西區</SimpleData>
		<SimpleData name="DATE">2019/12/23</SimpleData>
		<SimpleData name="UID">370-01757</SimpleData>
		<SimpleData name="TREE_NAME">羅比親王海棗</SimpleData>
		<SimpleData name="ROAD">東門路一段、北門路一段與民權路一段中央分隔島</SimpleData>
	</SchemaData></ExtendedData>
      <Point><coordinates>120.211210226495,22.988994328749</coordinates></Point>
  </Placemark>
  <Placemark>
	<ExtendedData><SchemaData schemaUrl="#六區行道樹2021_1">
		<SimpleData name="AREA">中西區</SimpleData>
		<SimpleData name="DATE">2019/12/23</SimpleData>
		<SimpleData name="UID">370-01758</SimpleData>
		<SimpleData name="TREE_NAME">垂榕</SimpleData>
		<SimpleData name="ROAD">東門路一段、北門路一段與民權路一段中央分隔島</SimpleData>
	</SchemaData></ExtendedData>
      <Point><coordinates>120.211197413333,22.9888809726904</coordinates></Point>
  </Placemark>
  <Placemark>
	<ExtendedData><SchemaData schemaUrl="#六區行道樹2021_1">
		<SimpleData name="AREA">中西區</SimpleData>
		<SimpleData name="DATE">2019/12/23</SimpleData>
		<SimpleData name="UID">370-01759</SimpleData>
		<SimpleData name="TREE_NAME">羅比親王海棗</SimpleData>
		<SimpleData name="ROAD">東門路一段、北門路一段與民權路一段中央分隔島</SimpleData>
	</SchemaData></ExtendedData>
      <Point><coordinates>120.21120701266,22.9888478978863</coordinates></Point>
  </Placemark>
  <Placemark>
	<ExtendedData><SchemaData schemaUrl="#六區行道樹2021_1">
		<SimpleData name="AREA">中西區</SimpleData>
		<SimpleData name="DATE">2019/12/23</SimpleData>
		<SimpleData name="UID">370-01760</SimpleData>
		<SimpleData name="TREE_NAME">龍柏</SimpleData>
		<SimpleData name="ROAD">東門路一段、北門路一段與民權路一段中央分隔島</SimpleData>
	</SchemaData></ExtendedData>
      <Point><coordinates>120.211230766109,22.9888208895636</coordinates></Point>
  </Placemark>
  <Placemark>
	<ExtendedData><SchemaData schemaUrl="#六區行道樹2021_1">
		<SimpleData name="AREA">中西區</SimpleData>
		<SimpleData name="DATE">2019/12/23</SimpleData>
		<SimpleData name="UID">370-01761</SimpleData>
		<SimpleData name="TREE_NAME">羅比親王海棗</SimpleData>
		<SimpleData name="ROAD">東門路一段、北門路一段與民權路一段中央分隔島</SimpleData>
	</SchemaData></ExtendedData>
      <Point><coordinates>120.21123596076,22.988795874815</coordinates></Point>
  </Placemark>
  <Placemark>
	<ExtendedData><SchemaData schemaUrl="#六區行道樹2021_1">
		<SimpleData name="AREA">中西區</SimpleData>
		<SimpleData name="DATE">2019/12/23</SimpleData>
		<SimpleData name="UID">370-01762</SimpleData>
		<SimpleData name="TREE_NAME">羅比親王海棗</SimpleData>
		<SimpleData name="ROAD">東門路一段、北門路一段與民權路一段中央分隔島</SimpleData>
	</SchemaData></ExtendedData>
      <Point><coordinates>120.211253518409,22.9887738022279</coordinates></Point>
  </Placemark>
  <Placemark>
	<ExtendedData><SchemaData schemaUrl="#六區行道樹2021_1">
		<SimpleData name="AREA">中西區</SimpleData>
		<SimpleData name="DATE">2019/12/23</SimpleData>
		<SimpleData name="UID">370-01763</SimpleData>
		<SimpleData name="TREE_NAME">龍柏</SimpleData>
		<SimpleData name="ROAD">東門路一段、北門路一段與民權路一段中央分隔島</SimpleData>
	</SchemaData></ExtendedData>
      <Point><coordinates>120.211262043819,22.9887529940487</coordinates></Point>
  </Placemark>
  <Placemark>
	<ExtendedData><SchemaData schemaUrl="#六區行道樹2021_1">
		<SimpleData name="AREA">中西區</SimpleData>
		<SimpleData name="DATE">2019/12/23</SimpleData>
		<SimpleData name="UID">370-01764</SimpleData>
		<SimpleData name="TREE_NAME">羅望子</SimpleData>
		<SimpleData name="ROAD">東門路一段、北門路一段與民權路一段中央分隔島</SimpleData>
	</SchemaData></ExtendedData>
      <Point><coordinates>120.211290430811,22.9887441774455</coordinates></Point>
  </Placemark>
  <Placemark>
	<ExtendedData><SchemaData schemaUrl="#六區行道樹2021_1">
		<SimpleData name="AREA">中西區</SimpleData>
		<SimpleData name="DATE">2019/12/23</SimpleData>
		<SimpleData name="UID">370-01765</SimpleData>
		<SimpleData name="TREE_NAME">龍柏</SimpleData>
		<SimpleData name="ROAD">東門路一段、北門路一段與民權路一段中央分隔島</SimpleData>
	</SchemaData></ExtendedData>
      <Point><coordinates>120.211314063035,22.9887276254207</coordinates></Point>
  </Placemark>
  <Placemark>
	<ExtendedData><SchemaData schemaUrl="#六區行道樹2021_1">
		<SimpleData name="AREA">中西區</SimpleData>
		<SimpleData name="DATE">2019/12/23</SimpleData>
		<SimpleData name="UID">370-01766</SimpleData>
		<SimpleData name="TREE_NAME">羅比親王海棗</SimpleData>
		<SimpleData name="ROAD">東門路一段、北門路一段與民權路一段中央分隔島</SimpleData>
	</SchemaData></ExtendedData>
      <Point><coordinates>120.211334036075,22.9887029551331</coordinates></Point>
  </Placemark>
  <Placemark>
	<ExtendedData><SchemaData schemaUrl="#六區行道樹2021_1">
		<SimpleData name="AREA">中西區</SimpleData>
		<SimpleData name="DATE">2019/12/23</SimpleData>
		<SimpleData name="UID">370-01767</SimpleData>
		<SimpleData name="TREE_NAME">鳳凰木</SimpleData>
		<SimpleData name="ROAD">東門路一段、北門路一段與民權路一段中央分隔島</SimpleData>
	</SchemaData></ExtendedData>
      <Point><coordinates>120.211358015543,22.9887209993389</coordinates></Point>
  </Placemark>
  <Placemark>
	<ExtendedData><SchemaData schemaUrl="#六區行道樹2021_1">
		<SimpleData name="AREA">中西區</SimpleData>
		<SimpleData name="DATE">2019/12/23</SimpleData>
		<SimpleData name="UID">370-01768</SimpleData>
		<SimpleData name="TREE_NAME">龍柏</SimpleData>
		<SimpleData name="ROAD">東門路一段、北門路一段與民權路一段中央分隔島</SimpleData>
	</SchemaData></ExtendedData>
      <Point><coordinates>120.211384818154,22.988712924335</coordinates></Point>
  </Placemark>
  <Placemark>
	<ExtendedData><SchemaData schemaUrl="#六區行道樹2021_1">
		<SimpleData name="AREA">中西區</SimpleData>
		<SimpleData name="DATE">2019/12/23</SimpleData>
		<SimpleData name="UID">370-01769</SimpleData>
		<SimpleData name="TREE_NAME">榕樹</SimpleData>
		<SimpleData name="ROAD">東門路一段、北門路一段與民權路一段中央分隔島</SimpleData>
	</SchemaData></ExtendedData>
      <Point><coordinates>120.211535696426,22.9887173143611</coordinates></Point>
  </Placemark>
  <Placemark>
	<ExtendedData><SchemaData schemaUrl="#六區行道樹2021_1">
		<SimpleData name="AREA">中西區</SimpleData>
		<SimpleData name="DATE">2019/12/23</SimpleData>
		<SimpleData name="UID">370-01770</SimpleData>
		<SimpleData name="TREE_NAME">榕樹</SimpleData>
		<SimpleData name="ROAD">東門路一段、北門路一段與民權路一段中央分隔島</SimpleData>
	</SchemaData></ExtendedData>
      <Point><coordinates>120.211576500861,22.9887408693793</coordinates></Point>
  </Placemark>
  <Placemark>
	<ExtendedData><SchemaData schemaUrl="#六區行道樹2021_1">
		<SimpleData name="AREA">中西區</SimpleData>
		<SimpleData name="DATE">2019/12/23</SimpleData>
		<SimpleData name="UID">370-01771</SimpleData>
		<SimpleData name="TREE_NAME">龍柏</SimpleData>
		<SimpleData name="ROAD">東門路一段、北門路一段與民權路一段中央分隔島</SimpleData>
	</SchemaData></ExtendedData>
      <Point><coordinates>120.211490116256,22.9888055559298</coordinates></Point>
  </Placemark>
  <Placemark>
	<ExtendedData><SchemaData schemaUrl="#六區行道樹2021_1">
		<SimpleData name="AREA">中西區</SimpleData>
		<SimpleData name="DATE">2019/12/23</SimpleData>
		<SimpleData name="UID">370-01772</SimpleData>
		<SimpleData name="TREE_NAME">龍柏</SimpleData>
		<SimpleData name="ROAD">東門路一段、北門路一段與民權路一段中央分隔島</SimpleData>
	</SchemaData></ExtendedData>
      <Point><coordinates>120.211509321416,22.9888236034442</coordinates></Point>
  </Placemark>
  <Placemark>
	<ExtendedData><SchemaData schemaUrl="#六區行道樹2021_1">
		<SimpleData name="AREA">中西區</SimpleData>
		<SimpleData name="DATE">2019/12/23</SimpleData>
		<SimpleData name="UID">370-01773</SimpleData>
		<SimpleData name="TREE_NAME">龍柏</SimpleData>
		<SimpleData name="ROAD">東門路一段、北門路一段與民權路一段中央分隔島</SimpleData>
	</SchemaData></ExtendedData>
      <Point><coordinates>120.211523797148,22.9888335815566</coordinates></Point>
  </Placemark>
  <Placemark>
	<ExtendedData><SchemaData schemaUrl="#六區行道樹2021_1">
		<SimpleData name="AREA">中西區</SimpleData>
		<SimpleData name="DATE">2019/12/23</SimpleData>
		<SimpleData name="UID">370-01774</SimpleData>
		<SimpleData name="TREE_NAME">龍柏</SimpleData>
		<SimpleData name="ROAD">東門路一段、北門路一段與民權路一段中央分隔島</SimpleData>
	</SchemaData></ExtendedData>
      <Point><coordinates>120.211559337791,22.9888508976412</coordinates></Point>
  </Placemark>
  <Placemark>
	<ExtendedData><SchemaData schemaUrl="#六區行道樹2021_1">
		<SimpleData name="AREA">中西區</SimpleData>
		<SimpleData name="DATE">2019/12/23</SimpleData>
		<SimpleData name="UID">370-01775</SimpleData>
		<SimpleData name="TREE_NAME">羅比親王海棗</SimpleData>
		<SimpleData name="ROAD">東門路一段、北門路一段與民權路一段中央分隔島</SimpleData>
	</SchemaData></ExtendedData>
      <Point><coordinates>120.211490134972,22.9888434916882</coordinates></Point>
  </Placemark>
  <Placemark>
	<ExtendedData><SchemaData schemaUrl="#六區行道樹2021_1">
		<SimpleData name="AREA">中西區</SimpleData>
		<SimpleData name="DATE">2019/12/23</SimpleData>
		<SimpleData name="UID">370-01776</SimpleData>
		<SimpleData name="TREE_NAME">羅比親王海棗</SimpleData>
		<SimpleData name="ROAD">東門路一段、北門路一段與民權路一段中央分隔島</SimpleData>
	</SchemaData></ExtendedData>
      <Point><coordinates>120.21151860819,22.9888586324646</coordinates></Point>
  </Placemark>
  <Placemark>
	<ExtendedData><SchemaData schemaUrl="#六區行道樹2021_1">
		<SimpleData name="AREA">中西區</SimpleData>
		<SimpleData name="DATE">2019/12/23</SimpleData>
		<SimpleData name="UID">370-01777</SimpleData>
		<SimpleData name="TREE_NAME">羅比親王海棗</SimpleData>
		<SimpleData name="ROAD">東門路一段、北門路一段與民權路一段中央分隔島</SimpleData>
	</SchemaData></ExtendedData>
      <Point><coordinates>120.211540572154,22.9888641598543</coordinates></Point>
  </Placemark>
  <Placemark>
	<ExtendedData><SchemaData schemaUrl="#六區行道樹2021_1">
		<SimpleData name="AREA">中西區</SimpleData>
		<SimpleData name="DATE">2019/12/23</SimpleData>
		<SimpleData name="UID">370-01778</SimpleData>
		<SimpleData name="TREE_NAME">羊蹄甲</SimpleData>
		<SimpleData name="ROAD">東門路一段、北門路一段與民權路一段中央分隔島</SimpleData>
	</SchemaData></ExtendedData>
      <Point><coordinates>120.211569761653,22.9889178809922</coordinates></Point>
  </Placemark>
  <Placemark>
	<ExtendedData><SchemaData schemaUrl="#六區行道樹2021_1">
		<SimpleData name="AREA">中西區</SimpleData>
		<SimpleData name="DATE">2019/12/23</SimpleData>
		<SimpleData name="UID">370-01779</SimpleData>
		<SimpleData name="TREE_NAME">羅比親王海棗</SimpleData>
		<SimpleData name="ROAD">東門路一段、北門路一段與民權路一段中央分隔島</SimpleData>
	</SchemaData></ExtendedData>
      <Point><coordinates>120.211553746199,22.9889358977209</coordinates></Point>
  </Placemark>
  <Placemark>
	<ExtendedData><SchemaData schemaUrl="#六區行道樹2021_1">
		<SimpleData name="AREA">中西區</SimpleData>
		<SimpleData name="DATE">2019/12/23</SimpleData>
		<SimpleData name="UID">370-01780</SimpleData>
		<SimpleData name="TREE_NAME">羅比親王海棗</SimpleData>
		<SimpleData name="ROAD">東門路一段、北門路一段與民權路一段中央分隔島</SimpleData>
	</SchemaData></ExtendedData>
      <Point><coordinates>120.211551383312,22.9889605292454</coordinates></Point>
  </Placemark>
  <Placemark>
	<ExtendedData><SchemaData schemaUrl="#六區行道樹2021_1">
		<SimpleData name="AREA">中西區</SimpleData>
		<SimpleData name="DATE">2019/12/23</SimpleData>
		<SimpleData name="UID">370-01781</SimpleData>
		<SimpleData name="TREE_NAME">羅比親王海棗</SimpleData>
		<SimpleData name="ROAD">東門路一段、北門路一段與民權路一段中央分隔島</SimpleData>
	</SchemaData></ExtendedData>
      <Point><coordinates>120.211532583282,22.9889745046677</coordinates></Point>
  </Placemark>
  <Placemark>
	<ExtendedData><SchemaData schemaUrl="#六區行道樹2021_1">
		<SimpleData name="AREA">中西區</SimpleData>
		<SimpleData name="DATE">2019/12/23</SimpleData>
		<SimpleData name="UID">370-01782</SimpleData>
		<SimpleData name="TREE_NAME">羅比親王海棗</SimpleData>
		<SimpleData name="ROAD">東門路一段、北門路一段與民權路一段中央分隔島</SimpleData>
	</SchemaData></ExtendedData>
      <Point><coordinates>120.211507013805,22.9889858818372</coordinates></Point>
  </Placemark>
  <Placemark>
	<ExtendedData><SchemaData schemaUrl="#六區行道樹2021_1">
		<SimpleData name="AREA">中西區</SimpleData>
		<SimpleData name="DATE">2019/12/23</SimpleData>
		<SimpleData name="UID">370-01783</SimpleData>
		<SimpleData name="TREE_NAME">羅比親王海棗</SimpleData>
		<SimpleData name="ROAD">東門路一段、北門路一段與民權路一段中央分隔島</SimpleData>
	</SchemaData></ExtendedData>
      <Point><coordinates>120.211515419902,22.9890193894093</coordinates></Point>
  </Placemark>
  <Placemark>
	<ExtendedData><SchemaData schemaUrl="#六區行道樹2021_1">
		<SimpleData name="AREA">中西區</SimpleData>
		<SimpleData name="DATE">2019/12/23</SimpleData>
		<SimpleData name="UID">370-01784</SimpleData>
		<SimpleData name="TREE_NAME">桑椹</SimpleData>
		<SimpleData name="ROAD">東門路一段、北門路一段與民權路一段中央分隔島</SimpleData>
	</SchemaData></ExtendedData>
      <Point><coordinates>120.211501552493,22.9890039149613</coordinates></Point>
  </Placemark>
  <Placemark>
	<ExtendedData><SchemaData schemaUrl="#六區行道樹2021_1">
		<SimpleData name="AREA">中西區</SimpleData>
		<SimpleData name="DATE">2019/12/23</SimpleData>
		<SimpleData name="UID">370-01785</SimpleData>
		<SimpleData name="TREE_NAME">龍柏</SimpleData>
		<SimpleData name="ROAD">東門路一段、北門路一段與民權路一段中央分隔島</SimpleData>
	</SchemaData></ExtendedData>
      <Point><coordinates>120.211583775332,22.9889459622533</coordinates></Point>
  </Placemark>
  <Placemark>
	<ExtendedData><SchemaData schemaUrl="#六區行道樹2021_1">
		<SimpleData name="AREA">中西區</SimpleData>
		<SimpleData name="DATE">2019/12/23</SimpleData>
		<SimpleData name="UID">370-01786</SimpleData>
		<SimpleData name="TREE_NAME">龍柏</SimpleData>
		<SimpleData name="ROAD">東門路一段、北門路一段與民權路一段中央分隔島</SimpleData>
	</SchemaData></ExtendedData>
      <Point><coordinates>120.211580363909,22.9889660644551</coordinates></Point>
  </Placemark>
  <Placemark>
	<ExtendedData><SchemaData schemaUrl="#六區行道樹2021_1">
		<SimpleData name="AREA">中西區</SimpleData>
		<SimpleData name="DATE">2019/12/23</SimpleData>
		<SimpleData name="UID">370-01787</SimpleData>
		<SimpleData name="TREE_NAME">龍柏</SimpleData>
		<SimpleData name="ROAD">東門路一段、北門路一段與民權路一段中央分隔島</SimpleData>
	</SchemaData></ExtendedData>
      <Point><coordinates>120.211570189727,22.9889872888644</coordinates></Point>
  </Placemark>
  <Placemark>
	<ExtendedData><SchemaData schemaUrl="#六區行道樹2021_1">
		<SimpleData name="AREA">中西區</SimpleData>
		<SimpleData name="DATE">2019/12/23</SimpleData>
		<SimpleData name="UID">370-01788</SimpleData>
		<SimpleData name="TREE_NAME">龍柏</SimpleData>
		<SimpleData name="ROAD">東門路一段、北門路一段與民權路一段中央分隔島</SimpleData>
	</SchemaData></ExtendedData>
      <Point><coordinates>120.211559144255,22.9889971399771</coordinates></Point>
  </Placemark>
  <Placemark>
	<ExtendedData><SchemaData schemaUrl="#六區行道樹2021_1">
		<SimpleData name="AREA">中西區</SimpleData>
		<SimpleData name="DATE">2019/12/23</SimpleData>
		<SimpleData name="UID">370-01789</SimpleData>
		<SimpleData name="TREE_NAME">龍柏</SimpleData>
		<SimpleData name="ROAD">東門路一段、北門路一段與民權路一段中央分隔島</SimpleData>
	</SchemaData></ExtendedData>
      <Point><coordinates>120.211551144924,22.9890031052217</coordinates></Point>
  </Placemark>
  <Placemark>
	<ExtendedData><SchemaData schemaUrl="#六區行道樹2021_1">
		<SimpleData name="AREA">中西區</SimpleData>
		<SimpleData name="DATE">2019/12/23</SimpleData>
		<SimpleData name="UID">370-01790</SimpleData>
		<SimpleData name="TREE_NAME">龍柏</SimpleData>
		<SimpleData name="ROAD">東門路一段、北門路一段與民權路一段中央分隔島</SimpleData>
	</SchemaData></ExtendedData>
      <Point><coordinates>120.211538570159,22.9890141226425</coordinates></Point>
  </Placemark>
  <Placemark>
	<ExtendedData><SchemaData schemaUrl="#六區行道樹2021_1">
		<SimpleData name="AREA">中西區</SimpleData>
		<SimpleData name="DATE">2019/12/23</SimpleData>
		<SimpleData name="UID">370-01791</SimpleData>
		<SimpleData name="TREE_NAME">龍柏</SimpleData>
		<SimpleData name="ROAD">東門路一段、北門路一段與民權路一段中央分隔島</SimpleData>
	</SchemaData></ExtendedData>
      <Point><coordinates>120.211416529093,22.9890511619875</coordinates></Point>
  </Placemark>
  <Placemark>
	<ExtendedData><SchemaData schemaUrl="#六區行道樹2021_1">
		<SimpleData name="AREA">中西區</SimpleData>
		<SimpleData name="DATE">2019/12/23</SimpleData>
		<SimpleData name="UID">370-01792</SimpleData>
		<SimpleData name="TREE_NAME">龍柏</SimpleData>
		<SimpleData name="ROAD">東門路一段、北門路一段與民權路一段中央分隔島</SimpleData>
	</SchemaData></ExtendedData>
      <Point><coordinates>120.211400023125,22.9890395934841</coordinates></Point>
  </Placemark>
  <Placemark>
	<ExtendedData><SchemaData schemaUrl="#六區行道樹2021_1">
		<SimpleData name="AREA">中西區</SimpleData>
		<SimpleData name="DATE">2019/12/23</SimpleData>
		<SimpleData name="UID">370-01793</SimpleData>
		<SimpleData name="TREE_NAME">龍柏</SimpleData>
		<SimpleData name="ROAD">東門路一段、北門路一段與民權路一段中央分隔島</SimpleData>
	</SchemaData></ExtendedData>
      <Point><coordinates>120.211367795839,22.9890183928301</coordinates></Point>
  </Placemark>
  <Placemark>
	<ExtendedData><SchemaData schemaUrl="#六區行道樹2021_1">
		<SimpleData name="AREA">中西區</SimpleData>
		<SimpleData name="DATE">2019/12/23</SimpleData>
		<SimpleData name="UID">370-01794</SimpleData>
		<SimpleData name="TREE_NAME">羅比親王海棗</SimpleData>
		<SimpleData name="ROAD">東門路一段、北門路一段與民權路一段中央分隔島</SimpleData>
	</SchemaData></ExtendedData>
      <Point><coordinates>120.211377955216,22.9889980442856</coordinates></Point>
  </Placemark>
  <Placemark>
	<ExtendedData><SchemaData schemaUrl="#六區行道樹2021_1">
		<SimpleData name="AREA">中西區</SimpleData>
		<SimpleData name="DATE">2019/12/23</SimpleData>
		<SimpleData name="UID">370-01795</SimpleData>
		<SimpleData name="TREE_NAME">羅比親王海棗</SimpleData>
		<SimpleData name="ROAD">東門路一段、北門路一段與民權路一段中央分隔島</SimpleData>
	</SchemaData></ExtendedData>
      <Point><coordinates>120.211359549781,22.9889756391731</coordinates></Point>
  </Placemark>
  <Placemark>
	<ExtendedData><SchemaData schemaUrl="#六區行道樹2021_1">
		<SimpleData name="AREA">中西區</SimpleData>
		<SimpleData name="DATE">2019/12/23</SimpleData>
		<SimpleData name="UID">370-01796</SimpleData>
		<SimpleData name="TREE_NAME">龍柏</SimpleData>
		<SimpleData name="ROAD">東門路一段、北門路一段與民權路一段中央分隔島</SimpleData>
	</SchemaData></ExtendedData>
      <Point><coordinates>120.211350199763,22.9889985382475</coordinates></Point>
  </Placemark>
  <Placemark>
	<ExtendedData><SchemaData schemaUrl="#六區行道樹2021_1">
		<SimpleData name="AREA">中西區</SimpleData>
		<SimpleData name="DATE">2019/12/23</SimpleData>
		<SimpleData name="UID">370-01797</SimpleData>
		<SimpleData name="TREE_NAME">龍柏</SimpleData>
		<SimpleData name="ROAD">東門路一段、北門路一段與民權路一段中央分隔島</SimpleData>
	</SchemaData></ExtendedData>
      <Point><coordinates>120.211338881569,22.9889804396702</coordinates></Point>
  </Placemark>
  <Placemark>
	<ExtendedData><SchemaData schemaUrl="#六區行道樹2021_1">
		<SimpleData name="AREA">中西區</SimpleData>
		<SimpleData name="DATE">2019/12/23</SimpleData>
		<SimpleData name="UID">370-01798</SimpleData>
		<SimpleData name="TREE_NAME">羅比親王海棗</SimpleData>
		<SimpleData name="ROAD">東門路一段、北門路一段與民權路一段中央分隔島</SimpleData>
	</SchemaData></ExtendedData>
      <Point><coordinates>120.211339972111,22.9888927442732</coordinates></Point>
  </Placemark>
  <Placemark>
	<ExtendedData><SchemaData schemaUrl="#六區行道樹2021_1">
		<SimpleData name="AREA">中西區</SimpleData>
		<SimpleData name="DATE">2019/12/23</SimpleData>
		<SimpleData name="UID">370-01799</SimpleData>
		<SimpleData name="TREE_NAME">龍眼</SimpleData>
		<SimpleData name="ROAD">東門路一段、北門路一段與民權路一段中央分隔島</SimpleData>
	</SchemaData></ExtendedData>
      <Point><coordinates>120.211367493192,22.9888612215472</coordinates></Point>
  </Placemark>
  <Placemark>
	<ExtendedData><SchemaData schemaUrl="#六區行道樹2021_1">
		<SimpleData name="AREA">中西區</SimpleData>
		<SimpleData name="DATE">2019/12/23</SimpleData>
		<SimpleData name="UID">370-01800</SimpleData>
		<SimpleData name="TREE_NAME">羅比親王海棗</SimpleData>
		<SimpleData name="ROAD">東門路一段、北門路一段與民權路一段中央分隔島</SimpleData>
	</SchemaData></ExtendedData>
      <Point><coordinates>120.211413968261,22.9888488377399</coordinates></Point>
  </Placemark>
  <Placemark>
	<ExtendedData><SchemaData schemaUrl="#六區行道樹2021_1">
		<SimpleData name="AREA">中西區</SimpleData>
		<SimpleData name="DATE">2019/12/23</SimpleData>
		<SimpleData name="UID">370-01801</SimpleData>
		<SimpleData name="TREE_NAME">龍柏</SimpleData>
		<SimpleData name="ROAD">東門路一段、北門路一段與民權路一段中央分隔島</SimpleData>
	</SchemaData></ExtendedData>
      <Point><coordinates>120.21141210565,22.9888015827191</coordinates></Point>
  </Placemark>
  <Placemark>
	<ExtendedData><SchemaData schemaUrl="#六區行道樹2021_1">
		<SimpleData name="AREA">中西區</SimpleData>
		<SimpleData name="DATE">2019/12/23</SimpleData>
		<SimpleData name="UID">370-01802</SimpleData>
		<SimpleData name="TREE_NAME">龍柏</SimpleData>
		<SimpleData name="ROAD">東門路一段、北門路一段與民權路一段中央分隔島</SimpleData>
	</SchemaData></ExtendedData>
      <Point><coordinates>120.211385884624,22.9888218693861</coordinates></Point>
  </Placemark>
  <Placemark>
	<ExtendedData><SchemaData schemaUrl="#六區行道樹2021_1">
		<SimpleData name="AREA">中西區</SimpleData>
		<SimpleData name="DATE">2019/12/23</SimpleData>
		<SimpleData name="UID">370-01803</SimpleData>
		<SimpleData name="TREE_NAME">龍柏</SimpleData>
		<SimpleData name="ROAD">東門路一段、北門路一段與民權路一段中央分隔島</SimpleData>
	</SchemaData></ExtendedData>
      <Point><coordinates>120.211338813561,22.9888550918073</coordinates></Point>
  </Placemark>
  <Placemark>
	<ExtendedData><SchemaData schemaUrl="#六區行道樹2021_1">
		<SimpleData name="AREA">東區</SimpleData>
		<SimpleData name="DATE">2019/11/1</SimpleData>
		<SimpleData name="UID">320-00725</SimpleData>
		<SimpleData name="TREE_NAME">阿勃勒</SimpleData>
		<SimpleData name="ROAD">崇興路人行道</SimpleData>
	</SchemaData></ExtendedData>
      <Point><coordinates>120.2182567439,22.9679087517725</coordinates></Point>
  </Placemark>
  <Placemark>
	<ExtendedData><SchemaData schemaUrl="#六區行道樹2021_1">
		<SimpleData name="AREA">東區</SimpleData>
		<SimpleData name="DATE">2019/11/1</SimpleData>
		<SimpleData name="UID">320-00726</SimpleData>
		<SimpleData name="TREE_NAME">光蠟樹</SimpleData>
		<SimpleData name="ROAD">崇興路人行道</SimpleData>
	</SchemaData></ExtendedData>
      <Point><coordinates>120.218205243019,22.9678935980425</coordinates></Point>
  </Placemark>
  <Placemark>
	<ExtendedData><SchemaData schemaUrl="#六區行道樹2021_1">
		<SimpleData name="AREA">東區</SimpleData>
		<SimpleData name="DATE">2019/11/1</SimpleData>
		<SimpleData name="UID">320-00727</SimpleData>
		<SimpleData name="TREE_NAME">阿勃勒</SimpleData>
		<SimpleData name="ROAD">崇興路人行道</SimpleData>
	</SchemaData></ExtendedData>
      <Point><coordinates>120.218131341147,22.9678904342829</coordinates></Point>
  </Placemark>
  <Placemark>
	<ExtendedData><SchemaData schemaUrl="#六區行道樹2021_1">
		<SimpleData name="AREA">東區</SimpleData>
		<SimpleData name="DATE">2019/11/1</SimpleData>
		<SimpleData name="UID">320-00728</SimpleData>
		<SimpleData name="TREE_NAME">阿勃勒</SimpleData>
		<SimpleData name="ROAD">崇興路人行道</SimpleData>
	</SchemaData></ExtendedData>
      <Point><coordinates>120.218079877562,22.9678857557106</coordinates></Point>
  </Placemark>
  <Placemark>
	<ExtendedData><SchemaData schemaUrl="#六區行道樹2021_1">
		<SimpleData name="AREA">東區</SimpleData>
		<SimpleData name="DATE">2019/11/1</SimpleData>
		<SimpleData name="UID">320-00729</SimpleData>
		<SimpleData name="TREE_NAME">光蠟樹</SimpleData>
		<SimpleData name="ROAD">崇興路人行道</SimpleData>
	</SchemaData></ExtendedData>
      <Point><coordinates>120.21796203214,22.9677064671666</coordinates></Point>
  </Placemark>
  <Placemark>
	<ExtendedData><SchemaData schemaUrl="#六區行道樹2021_1">
		<SimpleData name="AREA">東區</SimpleData>
		<SimpleData name="DATE">2019/11/1</SimpleData>
		<SimpleData name="UID">320-00730</SimpleData>
		<SimpleData name="TREE_NAME">阿勃勒</SimpleData>
		<SimpleData name="ROAD">崇興路人行道</SimpleData>
	</SchemaData></ExtendedData>
      <Point><coordinates>120.218026729915,22.9677160873437</coordinates></Point>
  </Placemark>
  <Placemark>
	<ExtendedData><SchemaData schemaUrl="#六區行道樹2021_1">
		<SimpleData name="AREA">東區</SimpleData>
		<SimpleData name="DATE">2019/11/1</SimpleData>
		<SimpleData name="UID">320-00731</SimpleData>
		<SimpleData name="TREE_NAME">光蠟樹</SimpleData>
		<SimpleData name="ROAD">崇興路人行道</SimpleData>
	</SchemaData></ExtendedData>
      <Point><coordinates>120.218068142433,22.9677218902893</coordinates></Point>
  </Placemark>
  <Placemark>
	<ExtendedData><SchemaData schemaUrl="#六區行道樹2021_1">
		<SimpleData name="AREA">東區</SimpleData>
		<SimpleData name="DATE">2019/11/1</SimpleData>
		<SimpleData name="UID">320-00732</SimpleData>
		<SimpleData name="TREE_NAME">阿勃勒</SimpleData>
		<SimpleData name="ROAD">崇興路人行道</SimpleData>
	</SchemaData></ExtendedData>
      <Point><coordinates>120.218112566556,22.9677296947158</coordinates></Point>
  </Placemark>
  <Placemark>
	<ExtendedData><SchemaData schemaUrl="#六區行道樹2021_1">
		<SimpleData name="AREA">東區</SimpleData>
		<SimpleData name="DATE">2019/11/1</SimpleData>
		<SimpleData name="UID">320-00733</SimpleData>
		<SimpleData name="TREE_NAME">阿勃勒</SimpleData>
		<SimpleData name="ROAD">崇興路人行道</SimpleData>
	</SchemaData></ExtendedData>
      <Point><coordinates>120.218180852752,22.967742763996</coordinates></Point>
  </Placemark>
  <Placemark>
	<ExtendedData><SchemaData schemaUrl="#六區行道樹2021_1">
		<SimpleData name="AREA">東區</SimpleData>
		<SimpleData name="DATE">2019/11/1</SimpleData>
		<SimpleData name="UID">320-00734</SimpleData>
		<SimpleData name="TREE_NAME">阿勃勒</SimpleData>
		<SimpleData name="ROAD">崇興路人行道</SimpleData>
	</SchemaData></ExtendedData>
      <Point><coordinates>120.21825840775,22.9677550662287</coordinates></Point>
  </Placemark>
  <Placemark>
	<ExtendedData><SchemaData schemaUrl="#六區行道樹2021_1">
		<SimpleData name="AREA">東區</SimpleData>
		<SimpleData name="DATE">2019/11/5</SimpleData>
		<SimpleData name="UID">320-01230</SimpleData>
		<SimpleData name="TREE_NAME">樟樹</SimpleData>
		<SimpleData name="ROAD">生產路人行道</SimpleData>
	</SchemaData></ExtendedData>
      <Point><coordinates>120.218188779437,22.9648378823768</coordinates></Point>
  </Placemark>
  <Placemark>
	<ExtendedData><SchemaData schemaUrl="#六區行道樹2021_1">
		<SimpleData name="AREA">東區</SimpleData>
		<SimpleData name="DATE">2019/11/5</SimpleData>
		<SimpleData name="UID">320-01231</SimpleData>
		<SimpleData name="TREE_NAME">樟樹</SimpleData>
		<SimpleData name="ROAD">生產路人行道</SimpleData>
	</SchemaData></ExtendedData>
      <Point><coordinates>120.21812425831,22.9648316946356</coordinates></Point>
  </Placemark>
  <Placemark>
	<ExtendedData><SchemaData schemaUrl="#六區行道樹2021_1">
		<SimpleData name="AREA">東區</SimpleData>
		<SimpleData name="DATE">2019/11/5</SimpleData>
		<SimpleData name="UID">320-01232</SimpleData>
		<SimpleData name="TREE_NAME">樟樹</SimpleData>
		<SimpleData name="ROAD">生產路人行道</SimpleData>
	</SchemaData></ExtendedData>
      <Point><coordinates>120.218025272884,22.9648325610691</coordinates></Point>
  </Placemark>
  <Placemark>
	<ExtendedData><SchemaData schemaUrl="#六區行道樹2021_1">
		<SimpleData name="AREA">東區</SimpleData>
		<SimpleData name="DATE">2019/11/5</SimpleData>
		<SimpleData name="UID">320-01233</SimpleData>
		<SimpleData name="TREE_NAME">樟樹</SimpleData>
		<SimpleData name="ROAD">生產路人行道</SimpleData>
	</SchemaData></ExtendedData>
      <Point><coordinates>120.217959446684,22.9648328685606</coordinates></Point>
  </Placemark>
  <Placemark>
	<ExtendedData><SchemaData schemaUrl="#六區行道樹2021_1">
		<SimpleData name="AREA">東區</SimpleData>
		<SimpleData name="DATE">2019/11/5</SimpleData>
		<SimpleData name="UID">320-01234</SimpleData>
		<SimpleData name="TREE_NAME">鳳凰木</SimpleData>
		<SimpleData name="ROAD">生產路人行道</SimpleData>
	</SchemaData></ExtendedData>
      <Point><coordinates>120.217875680856,22.9648325457322</coordinates></Point>
  </Placemark>
  <Placemark>
	<ExtendedData><SchemaData schemaUrl="#六區行道樹2021_1">
		<SimpleData name="AREA">東區</SimpleData>
		<SimpleData name="DATE">2019/11/5</SimpleData>
		<SimpleData name="UID">320-01235</SimpleData>
		<SimpleData name="TREE_NAME">樟樹</SimpleData>
		<SimpleData name="ROAD">生產路人行道</SimpleData>
	</SchemaData></ExtendedData>
      <Point><coordinates>120.217812400054,22.9648141732288</coordinates></Point>
  </Placemark>
  <Placemark>
	<ExtendedData><SchemaData schemaUrl="#六區行道樹2021_1">
		<SimpleData name="AREA">東區</SimpleData>
		<SimpleData name="DATE">2019/11/5</SimpleData>
		<SimpleData name="UID">320-01236</SimpleData>
		<SimpleData name="TREE_NAME">大王椰子</SimpleData>
		<SimpleData name="ROAD">生產路人行道</SimpleData>
	</SchemaData></ExtendedData>
      <Point><coordinates>120.217002272324,22.9647379336095</coordinates></Point>
  </Placemark>
  <Placemark>
	<ExtendedData><SchemaData schemaUrl="#六區行道樹2021_1">
		<SimpleData name="AREA">東區</SimpleData>
		<SimpleData name="DATE">2019/11/5</SimpleData>
		<SimpleData name="UID">320-01237</SimpleData>
		<SimpleData name="TREE_NAME">大王椰子</SimpleData>
		<SimpleData name="ROAD">生產路人行道</SimpleData>
	</SchemaData></ExtendedData>
      <Point><coordinates>120.216892955092,22.9647379356047</coordinates></Point>
  </Placemark>
  <Placemark>
	<ExtendedData><SchemaData schemaUrl="#六區行道樹2021_1">
		<SimpleData name="AREA">東區</SimpleData>
		<SimpleData name="DATE">2019/11/5</SimpleData>
		<SimpleData name="UID">320-01238</SimpleData>
		<SimpleData name="TREE_NAME">大王椰子</SimpleData>
		<SimpleData name="ROAD">生產路人行道</SimpleData>
	</SchemaData></ExtendedData>
      <Point><coordinates>120.216853953064,22.9647201341285</coordinates></Point>
  </Placemark>
  <Placemark>
	<ExtendedData><SchemaData schemaUrl="#六區行道樹2021_1">
		<SimpleData name="AREA">東區</SimpleData>
		<SimpleData name="DATE">2019/11/5</SimpleData>
		<SimpleData name="UID">320-01239</SimpleData>
		<SimpleData name="TREE_NAME">大王椰子</SimpleData>
		<SimpleData name="ROAD">生產路人行道</SimpleData>
	</SchemaData></ExtendedData>
      <Point><coordinates>120.216801139049,22.9647131006498</coordinates></Point>
  </Placemark>
  <Placemark>
	<ExtendedData><SchemaData schemaUrl="#六區行道樹2021_1">
		<SimpleData name="AREA">東區</SimpleData>
		<SimpleData name="DATE">2019/11/5</SimpleData>
		<SimpleData name="UID">320-01240</SimpleData>
		<SimpleData name="TREE_NAME">大王椰子</SimpleData>
		<SimpleData name="ROAD">生產路人行道</SimpleData>
	</SchemaData></ExtendedData>
      <Point><coordinates>120.216742241152,22.9647126291391</coordinates></Point>
  </Placemark>
  <Placemark>
	<ExtendedData><SchemaData schemaUrl="#六區行道樹2021_1">
		<SimpleData name="AREA">東區</SimpleData>
		<SimpleData name="DATE">2019/11/5</SimpleData>
		<SimpleData name="UID">320-01241</SimpleData>
		<SimpleData name="TREE_NAME">大王椰子</SimpleData>
		<SimpleData name="ROAD">生產路人行道</SimpleData>
	</SchemaData></ExtendedData>
      <Point><coordinates>120.216702479563,22.9647081885499</coordinates></Point>
  </Placemark>
  <Placemark>
	<ExtendedData><SchemaData schemaUrl="#六區行道樹2021_1">
		<SimpleData name="AREA">東區</SimpleData>
		<SimpleData name="DATE">2019/11/5</SimpleData>
		<SimpleData name="UID">320-01242</SimpleData>
		<SimpleData name="TREE_NAME">大王椰子</SimpleData>
		<SimpleData name="ROAD">生產路中央分隔島</SimpleData>
	</SchemaData></ExtendedData>
      <Point><coordinates>120.216732153273,22.9646016886251</coordinates></Point>
  </Placemark>
  <Placemark>
	<ExtendedData><SchemaData schemaUrl="#六區行道樹2021_1">
		<SimpleData name="AREA">東區</SimpleData>
		<SimpleData name="DATE">2019/11/5</SimpleData>
		<SimpleData name="UID">320-01243</SimpleData>
		<SimpleData name="TREE_NAME">大王椰子</SimpleData>
		<SimpleData name="ROAD">生產路中央分隔島</SimpleData>
	</SchemaData></ExtendedData>
      <Point><coordinates>120.216811165679,22.9645976540884</coordinates></Point>
  </Placemark>
  <Placemark>
	<ExtendedData><SchemaData schemaUrl="#六區行道樹2021_1">
		<SimpleData name="AREA">東區</SimpleData>
		<SimpleData name="DATE">2019/11/5</SimpleData>
		<SimpleData name="UID">320-01244</SimpleData>
		<SimpleData name="TREE_NAME">大王椰子</SimpleData>
		<SimpleData name="ROAD">生產路中央分隔島</SimpleData>
	</SchemaData></ExtendedData>
      <Point><coordinates>120.216884051562,22.9646075860458</coordinates></Point>
  </Placemark>
  <Placemark>
	<ExtendedData><SchemaData schemaUrl="#六區行道樹2021_1">
		<SimpleData name="AREA">東區</SimpleData>
		<SimpleData name="DATE">2019/11/5</SimpleData>
		<SimpleData name="UID">320-01245</SimpleData>
		<SimpleData name="TREE_NAME">大王椰子</SimpleData>
		<SimpleData name="ROAD">生產路中央分隔島</SimpleData>
	</SchemaData></ExtendedData>
      <Point><coordinates>120.216960657056,22.964615098187</coordinates></Point>
  </Placemark>
  <Placemark>
	<ExtendedData><SchemaData schemaUrl="#六區行道樹2021_1">
		<SimpleData name="AREA">東區</SimpleData>
		<SimpleData name="DATE">2019/11/5</SimpleData>
		<SimpleData name="UID">320-01246</SimpleData>
		<SimpleData name="TREE_NAME">大王椰子</SimpleData>
		<SimpleData name="ROAD">生產路中央分隔島</SimpleData>
	</SchemaData></ExtendedData>
      <Point><coordinates>120.217022566433,22.9646175711261</coordinates></Point>
  </Placemark>
  <Placemark>
	<ExtendedData><SchemaData schemaUrl="#六區行道樹2021_1">
		<SimpleData name="AREA">東區</SimpleData>
		<SimpleData name="DATE">2019/11/5</SimpleData>
		<SimpleData name="UID">320-01247</SimpleData>
		<SimpleData name="TREE_NAME">大王椰子</SimpleData>
		<SimpleData name="ROAD">生產路中央分隔島</SimpleData>
	</SchemaData></ExtendedData>
      <Point><coordinates>120.217085595556,22.9646288088506</coordinates></Point>
  </Placemark>
  <Placemark>
	<ExtendedData><SchemaData schemaUrl="#六區行道樹2021_1">
		<SimpleData name="AREA">東區</SimpleData>
		<SimpleData name="DATE">2019/11/5</SimpleData>
		<SimpleData name="UID">320-01248</SimpleData>
		<SimpleData name="TREE_NAME">大王椰子</SimpleData>
		<SimpleData name="ROAD">生產路中央分隔島</SimpleData>
	</SchemaData></ExtendedData>
      <Point><coordinates>120.21719383099,22.9646473132635</coordinates></Point>
  </Placemark>
  <Placemark>
	<ExtendedData><SchemaData schemaUrl="#六區行道樹2021_1">
		<SimpleData name="AREA">東區</SimpleData>
		<SimpleData name="DATE">2019/11/5</SimpleData>
		<SimpleData name="UID">320-01249</SimpleData>
		<SimpleData name="TREE_NAME">大王椰子</SimpleData>
		<SimpleData name="ROAD">生產路中央分隔島</SimpleData>
	</SchemaData></ExtendedData>
      <Point><coordinates>120.217273082422,22.9646525807694</coordinates></Point>
  </Placemark>
  <Placemark>
	<ExtendedData><SchemaData schemaUrl="#六區行道樹2021_1">
		<SimpleData name="AREA">東區</SimpleData>
		<SimpleData name="DATE">2019/11/5</SimpleData>
		<SimpleData name="UID">320-01250</SimpleData>
		<SimpleData name="TREE_NAME">大王椰子</SimpleData>
		<SimpleData name="ROAD">生產路中央分隔島</SimpleData>
	</SchemaData></ExtendedData>
      <Point><coordinates>120.217749343461,22.9647229281928</coordinates></Point>
  </Placemark>
  <Placemark>
	<ExtendedData><SchemaData schemaUrl="#六區行道樹2021_1">
		<SimpleData name="AREA">東區</SimpleData>
		<SimpleData name="DATE">2019/11/5</SimpleData>
		<SimpleData name="UID">320-01251</SimpleData>
		<SimpleData name="TREE_NAME">酒瓶椰子</SimpleData>
		<SimpleData name="ROAD">生產路中央分隔島</SimpleData>
	</SchemaData></ExtendedData>
      <Point><coordinates>120.217789153406,22.9647189706843</coordinates></Point>
  </Placemark>
  <Placemark>
	<ExtendedData><SchemaData schemaUrl="#六區行道樹2021_1">
		<SimpleData name="AREA">東區</SimpleData>
		<SimpleData name="DATE">2019/11/5</SimpleData>
		<SimpleData name="UID">320-01252</SimpleData>
		<SimpleData name="TREE_NAME">大王椰子</SimpleData>
		<SimpleData name="ROAD">生產路中央分隔島</SimpleData>
	</SchemaData></ExtendedData>
      <Point><coordinates>120.217826062699,22.9647276411211</coordinates></Point>
  </Placemark>
  <Placemark>
	<ExtendedData><SchemaData schemaUrl="#六區行道樹2021_1">
		<SimpleData name="AREA">東區</SimpleData>
		<SimpleData name="DATE">2019/11/5</SimpleData>
		<SimpleData name="UID">320-01253</SimpleData>
		<SimpleData name="TREE_NAME">酒瓶椰子</SimpleData>
		<SimpleData name="ROAD">生產路中央分隔島</SimpleData>
	</SchemaData></ExtendedData>
      <Point><coordinates>120.217850569048,22.9647225244885</coordinates></Point>
  </Placemark>
  <Placemark>
	<ExtendedData><SchemaData schemaUrl="#六區行道樹2021_1">
		<SimpleData name="AREA">東區</SimpleData>
		<SimpleData name="DATE">2019/11/5</SimpleData>
		<SimpleData name="UID">320-01254</SimpleData>
		<SimpleData name="TREE_NAME">大王椰子</SimpleData>
		<SimpleData name="ROAD">生產路中央分隔島</SimpleData>
	</SchemaData></ExtendedData>
      <Point><coordinates>120.217880879539,22.9647255636483</coordinates></Point>
  </Placemark>
  <Placemark>
	<ExtendedData><SchemaData schemaUrl="#六區行道樹2021_1">
		<SimpleData name="AREA">東區</SimpleData>
		<SimpleData name="DATE">2019/11/5</SimpleData>
		<SimpleData name="UID">320-01255</SimpleData>
		<SimpleData name="TREE_NAME">酒瓶椰子</SimpleData>
		<SimpleData name="ROAD">生產路中央分隔島</SimpleData>
	</SchemaData></ExtendedData>
      <Point><coordinates>120.217907405651,22.9647253332702</coordinates></Point>
  </Placemark>
  <Placemark>
	<ExtendedData><SchemaData schemaUrl="#六區行道樹2021_1">
		<SimpleData name="AREA">東區</SimpleData>
		<SimpleData name="DATE">2019/11/5</SimpleData>
		<SimpleData name="UID">320-01256</SimpleData>
		<SimpleData name="TREE_NAME">大王椰子</SimpleData>
		<SimpleData name="ROAD">生產路中央分隔島</SimpleData>
	</SchemaData></ExtendedData>
      <Point><coordinates>120.217928668559,22.9647246254208</coordinates></Point>
  </Placemark>
  <Placemark>
	<ExtendedData><SchemaData schemaUrl="#六區行道樹2021_1">
		<SimpleData name="AREA">東區</SimpleData>
		<SimpleData name="DATE">2019/11/5</SimpleData>
		<SimpleData name="UID">320-01257</SimpleData>
		<SimpleData name="TREE_NAME">大王椰子</SimpleData>
		<SimpleData name="ROAD">生產路中央分隔島</SimpleData>
	</SchemaData></ExtendedData>
      <Point><coordinates>120.217951102164,22.9647238330402</coordinates></Point>
  </Placemark>
  <Placemark>
	<ExtendedData><SchemaData schemaUrl="#六區行道樹2021_1">
		<SimpleData name="AREA">東區</SimpleData>
		<SimpleData name="DATE">2019/11/5</SimpleData>
		<SimpleData name="UID">320-01258</SimpleData>
		<SimpleData name="TREE_NAME">酒瓶椰子</SimpleData>
		<SimpleData name="ROAD">生產路中央分隔島</SimpleData>
	</SchemaData></ExtendedData>
      <Point><coordinates>120.217975862103,22.9647254902798</coordinates></Point>
  </Placemark>
  <Placemark>
	<ExtendedData><SchemaData schemaUrl="#六區行道樹2021_1">
		<SimpleData name="AREA">東區</SimpleData>
		<SimpleData name="DATE">2019/11/5</SimpleData>
		<SimpleData name="UID">320-01259</SimpleData>
		<SimpleData name="TREE_NAME">大王椰子</SimpleData>
		<SimpleData name="ROAD">生產路中央分隔島</SimpleData>
	</SchemaData></ExtendedData>
      <Point><coordinates>120.218007532094,22.9647295294406</coordinates></Point>
  </Placemark>
  <Placemark>
	<ExtendedData><SchemaData schemaUrl="#六區行道樹2021_1">
		<SimpleData name="AREA">東區</SimpleData>
		<SimpleData name="DATE">2019/11/5</SimpleData>
		<SimpleData name="UID">320-01260</SimpleData>
		<SimpleData name="TREE_NAME">酒瓶椰子</SimpleData>
		<SimpleData name="ROAD">生產路中央分隔島</SimpleData>
	</SchemaData></ExtendedData>
      <Point><coordinates>120.218032906724,22.9647260424954</coordinates></Point>
  </Placemark>
  <Placemark>
	<ExtendedData><SchemaData schemaUrl="#六區行道樹2021_1">
		<SimpleData name="AREA">東區</SimpleData>
		<SimpleData name="DATE">2019/11/5</SimpleData>
		<SimpleData name="UID">320-01261</SimpleData>
		<SimpleData name="TREE_NAME">大王椰子</SimpleData>
		<SimpleData name="ROAD">生產路中央分隔島</SimpleData>
	</SchemaData></ExtendedData>
      <Point><coordinates>120.218050267481,22.9647255862929</coordinates></Point>
  </Placemark>
  <Placemark>
	<ExtendedData><SchemaData schemaUrl="#六區行道樹2021_1">
		<SimpleData name="AREA">東區</SimpleData>
		<SimpleData name="DATE">2019/11/5</SimpleData>
		<SimpleData name="UID">320-01262</SimpleData>
		<SimpleData name="TREE_NAME">酒瓶椰子</SimpleData>
		<SimpleData name="ROAD">生產路中央分隔島</SimpleData>
	</SchemaData></ExtendedData>
      <Point><coordinates>120.218074257688,22.9647254336839</coordinates></Point>
  </Placemark>
  <Placemark>
	<ExtendedData><SchemaData schemaUrl="#六區行道樹2021_1">
		<SimpleData name="AREA">東區</SimpleData>
		<SimpleData name="DATE">2019/11/5</SimpleData>
		<SimpleData name="UID">320-01263</SimpleData>
		<SimpleData name="TREE_NAME">大王椰子</SimpleData>
		<SimpleData name="ROAD">生產路中央分隔島</SimpleData>
	</SchemaData></ExtendedData>
      <Point><coordinates>120.218104282393,22.9647272974674</coordinates></Point>
  </Placemark>
  <Placemark>
	<ExtendedData><SchemaData schemaUrl="#六區行道樹2021_1">
		<SimpleData name="AREA">東區</SimpleData>
		<SimpleData name="DATE">2019/11/5</SimpleData>
		<SimpleData name="UID">320-01264</SimpleData>
		<SimpleData name="TREE_NAME">酒瓶椰子</SimpleData>
		<SimpleData name="ROAD">生產路中央分隔島</SimpleData>
	</SchemaData></ExtendedData>
      <Point><coordinates>120.218118817296,22.9647264661162</coordinates></Point>
  </Placemark>
  <Placemark>
	<ExtendedData><SchemaData schemaUrl="#六區行道樹2021_1">
		<SimpleData name="AREA">東區</SimpleData>
		<SimpleData name="DATE">2019/11/5</SimpleData>
		<SimpleData name="UID">320-01265</SimpleData>
		<SimpleData name="TREE_NAME">大王椰子</SimpleData>
		<SimpleData name="ROAD">生產路中央分隔島</SimpleData>
	</SchemaData></ExtendedData>
      <Point><coordinates>120.218130424158,22.9647260718361</coordinates></Point>
  </Placemark>
  <Placemark>
	<ExtendedData><SchemaData schemaUrl="#六區行道樹2021_1">
		<SimpleData name="AREA">東區</SimpleData>
		<SimpleData name="DATE">2019/11/5</SimpleData>
		<SimpleData name="UID">320-01266</SimpleData>
		<SimpleData name="TREE_NAME">大王椰子</SimpleData>
		<SimpleData name="ROAD">生產路中央分隔島</SimpleData>
	</SchemaData></ExtendedData>
      <Point><coordinates>120.218158502201,22.964727293898</coordinates></Point>
  </Placemark>
  <Placemark>
	<ExtendedData><SchemaData schemaUrl="#六區行道樹2021_1">
		<SimpleData name="AREA">東區</SimpleData>
		<SimpleData name="DATE">2019/11/5</SimpleData>
		<SimpleData name="UID">320-01267</SimpleData>
		<SimpleData name="TREE_NAME">酒瓶椰子</SimpleData>
		<SimpleData name="ROAD">生產路中央分隔島</SimpleData>
	</SchemaData></ExtendedData>
      <Point><coordinates>120.218183772044,22.9647250706383</coordinates></Point>
  </Placemark>
  <Placemark>
	<ExtendedData><SchemaData schemaUrl="#六區行道樹2021_1">
		<SimpleData name="AREA">東區</SimpleData>
		<SimpleData name="DATE">2019/11/5</SimpleData>
		<SimpleData name="UID">320-01268</SimpleData>
		<SimpleData name="TREE_NAME">酒瓶椰子</SimpleData>
		<SimpleData name="ROAD">生產路中央分隔島</SimpleData>
	</SchemaData></ExtendedData>
      <Point><coordinates>120.218217601906,22.9647265919533</coordinates></Point>
  </Placemark>
  <Placemark>
	<ExtendedData><SchemaData schemaUrl="#六區行道樹2021_1">
		<SimpleData name="AREA">東區</SimpleData>
		<SimpleData name="DATE">2019/11/5</SimpleData>
		<SimpleData name="UID">320-01269</SimpleData>
		<SimpleData name="TREE_NAME">酒瓶椰子</SimpleData>
		<SimpleData name="ROAD">生產路中央分隔島</SimpleData>
	</SchemaData></ExtendedData>
      <Point><coordinates>120.21824178351,22.9647270723757</coordinates></Point>
  </Placemark>
  <Placemark>
	<ExtendedData><SchemaData schemaUrl="#六區行道樹2021_1">
		<SimpleData name="AREA">東區</SimpleData>
		<SimpleData name="DATE">2019/11/5</SimpleData>
		<SimpleData name="UID">320-01270</SimpleData>
		<SimpleData name="TREE_NAME">大王椰子</SimpleData>
		<SimpleData name="ROAD">生產路中央分隔島</SimpleData>
	</SchemaData></ExtendedData>
      <Point><coordinates>120.218273960293,22.9647277728122</coordinates></Point>
  </Placemark>
  <Placemark>
	<ExtendedData><SchemaData schemaUrl="#六區行道樹2021_1">
		<SimpleData name="AREA">東區</SimpleData>
		<SimpleData name="DATE">2019/11/5</SimpleData>
		<SimpleData name="UID">320-01271</SimpleData>
		<SimpleData name="TREE_NAME">酒瓶椰子</SimpleData>
		<SimpleData name="ROAD">生產路中央分隔島</SimpleData>
	</SchemaData></ExtendedData>
      <Point><coordinates>120.218298060475,22.9647254534662</coordinates></Point>
  </Placemark>
  <Placemark>
	<ExtendedData><SchemaData schemaUrl="#六區行道樹2021_1">
		<SimpleData name="AREA">東區</SimpleData>
		<SimpleData name="DATE">2019/11/18</SimpleData>
		<SimpleData name="UID">320-01580</SimpleData>
		<SimpleData name="TREE_NAME">大王椰子</SimpleData>
		<SimpleData name="ROAD">生產路人行道</SimpleData>
	</SchemaData></ExtendedData>
      <Point><coordinates>120.21827161879,22.9646431484035</coordinates></Point>
  </Placemark>
  <Placemark>
	<ExtendedData><SchemaData schemaUrl="#六區行道樹2021_1">
		<SimpleData name="AREA">東區</SimpleData>
		<SimpleData name="DATE">2019/11/18</SimpleData>
		<SimpleData name="UID">320-01581</SimpleData>
		<SimpleData name="TREE_NAME">大王椰子</SimpleData>
		<SimpleData name="ROAD">生產路人行道</SimpleData>
	</SchemaData></ExtendedData>
      <Point><coordinates>120.218202266051,22.9646462379715</coordinates></Point>
  </Placemark>
  <Placemark>
	<ExtendedData><SchemaData schemaUrl="#六區行道樹2021_1">
		<SimpleData name="AREA">東區</SimpleData>
		<SimpleData name="DATE">2019/11/18</SimpleData>
		<SimpleData name="UID">320-01582</SimpleData>
		<SimpleData name="TREE_NAME">大王椰子</SimpleData>
		<SimpleData name="ROAD">生產路人行道</SimpleData>
	</SchemaData></ExtendedData>
      <Point><coordinates>120.218139120606,22.964638250983</coordinates></Point>
  </Placemark>
  <Placemark>
	<ExtendedData><SchemaData schemaUrl="#六區行道樹2021_1">
		<SimpleData name="AREA">東區</SimpleData>
		<SimpleData name="DATE">2019/11/18</SimpleData>
		<SimpleData name="UID">320-01583</SimpleData>
		<SimpleData name="TREE_NAME">大王椰子</SimpleData>
		<SimpleData name="ROAD">生產路人行道</SimpleData>
	</SchemaData></ExtendedData>
      <Point><coordinates>120.218088624049,22.9646352026414</coordinates></Point>
  </Placemark>
  <Placemark>
	<ExtendedData><SchemaData schemaUrl="#六區行道樹2021_1">
		<SimpleData name="AREA">東區</SimpleData>
		<SimpleData name="DATE">2019/11/18</SimpleData>
		<SimpleData name="UID">320-01584</SimpleData>
		<SimpleData name="TREE_NAME">大王椰子</SimpleData>
		<SimpleData name="ROAD">生產路人行道</SimpleData>
	</SchemaData></ExtendedData>
      <Point><coordinates>120.218030978798,22.9646373565413</coordinates></Point>
  </Placemark>
  <Placemark>
	<ExtendedData><SchemaData schemaUrl="#六區行道樹2021_1">
		<SimpleData name="AREA">東區</SimpleData>
		<SimpleData name="DATE">2019/11/18</SimpleData>
		<SimpleData name="UID">320-01585</SimpleData>
		<SimpleData name="TREE_NAME">大王椰子</SimpleData>
		<SimpleData name="ROAD">生產路人行道</SimpleData>
	</SchemaData></ExtendedData>
      <Point><coordinates>120.217974619415,22.9646363561958</coordinates></Point>
  </Placemark>
  <Placemark>
	<ExtendedData><SchemaData schemaUrl="#六區行道樹2021_1">
		<SimpleData name="AREA">東區</SimpleData>
		<SimpleData name="DATE">2019/11/18</SimpleData>
		<SimpleData name="UID">320-01586</SimpleData>
		<SimpleData name="TREE_NAME">大王椰子</SimpleData>
		<SimpleData name="ROAD">生產路人行道</SimpleData>
	</SchemaData></ExtendedData>
      <Point><coordinates>120.217919241413,22.9646342770478</coordinates></Point>
  </Placemark>
  <Placemark>
	<ExtendedData><SchemaData schemaUrl="#六區行道樹2021_1">
		<SimpleData name="AREA">東區</SimpleData>
		<SimpleData name="DATE">2019/11/18</SimpleData>
		<SimpleData name="UID">320-01587</SimpleData>
		<SimpleData name="TREE_NAME">大王椰子</SimpleData>
		<SimpleData name="ROAD">生產路人行道</SimpleData>
	</SchemaData></ExtendedData>
      <Point><coordinates>120.217858004736,22.9646335235119</coordinates></Point>
  </Placemark>
  <Placemark>
	<ExtendedData><SchemaData schemaUrl="#六區行道樹2021_1">
		<SimpleData name="AREA">東區</SimpleData>
		<SimpleData name="DATE">2019/11/18</SimpleData>
		<SimpleData name="UID">320-01588</SimpleData>
		<SimpleData name="TREE_NAME">大王椰子</SimpleData>
		<SimpleData name="ROAD">生產路人行道</SimpleData>
	</SchemaData></ExtendedData>
      <Point><coordinates>120.21780730433,22.9646320092074</coordinates></Point>
  </Placemark>
  <Placemark>
	<ExtendedData><SchemaData schemaUrl="#六區行道樹2021_1">
		<SimpleData name="AREA">東區</SimpleData>
		<SimpleData name="DATE">2019/11/18</SimpleData>
		<SimpleData name="UID">320-01589</SimpleData>
		<SimpleData name="TREE_NAME">大王椰子</SimpleData>
		<SimpleData name="ROAD">生產路人行道</SimpleData>
	</SchemaData></ExtendedData>
      <Point><coordinates>120.217726085442,22.9646297122245</coordinates></Point>
  </Placemark>
  <Placemark>
	<ExtendedData><SchemaData schemaUrl="#六區行道樹2021_1">
		<SimpleData name="AREA">東區</SimpleData>
		<SimpleData name="DATE">2019/11/18</SimpleData>
		<SimpleData name="UID">320-01590</SimpleData>
		<SimpleData name="TREE_NAME">大王椰子</SimpleData>
		<SimpleData name="ROAD">生產路人行道</SimpleData>
	</SchemaData></ExtendedData>
      <Point><coordinates>120.217002915133,22.9645077573271</coordinates></Point>
  </Placemark>
  <Placemark>
	<ExtendedData><SchemaData schemaUrl="#六區行道樹2021_1">
		<SimpleData name="AREA">東區</SimpleData>
		<SimpleData name="DATE">2019/11/18</SimpleData>
		<SimpleData name="UID">320-01591</SimpleData>
		<SimpleData name="TREE_NAME">大王椰子</SimpleData>
		<SimpleData name="ROAD">生產路人行道</SimpleData>
	</SchemaData></ExtendedData>
      <Point><coordinates>120.216943028655,22.9645096288602</coordinates></Point>
  </Placemark>
  <Placemark>
	<ExtendedData><SchemaData schemaUrl="#六區行道樹2021_1">
		<SimpleData name="AREA">東區</SimpleData>
		<SimpleData name="DATE">2019/11/18</SimpleData>
		<SimpleData name="UID">320-01592</SimpleData>
		<SimpleData name="TREE_NAME">大王椰子</SimpleData>
		<SimpleData name="ROAD">生產路人行道</SimpleData>
	</SchemaData></ExtendedData>
      <Point><coordinates>120.216842894107,22.9645068768115</coordinates></Point>
  </Placemark>
  <Placemark>
	<ExtendedData><SchemaData schemaUrl="#六區行道樹2021_1">
		<SimpleData name="AREA">東區</SimpleData>
		<SimpleData name="DATE">2019/11/18</SimpleData>
		<SimpleData name="UID">320-01593</SimpleData>
		<SimpleData name="TREE_NAME">大王椰子</SimpleData>
		<SimpleData name="ROAD">生產路人行道</SimpleData>
	</SchemaData></ExtendedData>
      <Point><coordinates>120.216791914749,22.9645030129575</coordinates></Point>
  </Placemark>
  <Placemark>
	<ExtendedData><SchemaData schemaUrl="#六區行道樹2021_1">
		<SimpleData name="AREA">東區</SimpleData>
		<SimpleData name="DATE">2019/11/18</SimpleData>
		<SimpleData name="UID">320-01594</SimpleData>
		<SimpleData name="TREE_NAME">鳳凰木</SimpleData>
		<SimpleData name="ROAD">小東路人行道</SimpleData>
	</SchemaData></ExtendedData>
      <Point><coordinates>120.214844171526,23.0012632112596</coordinates></Point>
  </Placemark>
  <Placemark>
	<ExtendedData><SchemaData schemaUrl="#六區行道樹2021_1">
		<SimpleData name="AREA">東區</SimpleData>
		<SimpleData name="DATE">2019/11/18</SimpleData>
		<SimpleData name="UID">320-01595</SimpleData>
		<SimpleData name="TREE_NAME">鳳凰木</SimpleData>
		<SimpleData name="ROAD">小東路人行道</SimpleData>
	</SchemaData></ExtendedData>
      <Point><coordinates>120.214888457878,23.0012460929262</coordinates></Point>
  </Placemark>
  <Placemark>
	<ExtendedData><SchemaData schemaUrl="#六區行道樹2021_1">
		<SimpleData name="AREA">東區</SimpleData>
		<SimpleData name="DATE">2019/11/18</SimpleData>
		<SimpleData name="UID">320-01596</SimpleData>
		<SimpleData name="TREE_NAME">鳳凰木</SimpleData>
		<SimpleData name="ROAD">小東路人行道</SimpleData>
	</SchemaData></ExtendedData>
      <Point><coordinates>120.214928945865,23.0012279624365</coordinates></Point>
  </Placemark>
  <Placemark>
	<ExtendedData><SchemaData schemaUrl="#六區行道樹2021_1">
		<SimpleData name="AREA">東區</SimpleData>
		<SimpleData name="DATE">2019/11/18</SimpleData>
		<SimpleData name="UID">320-01597</SimpleData>
		<SimpleData name="TREE_NAME">鳳凰木</SimpleData>
		<SimpleData name="ROAD">小東路人行道</SimpleData>
	</SchemaData></ExtendedData>
      <Point><coordinates>120.215170866882,23.0012089339065</coordinates></Point>
  </Placemark>
  <Placemark>
	<ExtendedData><SchemaData schemaUrl="#六區行道樹2021_1">
		<SimpleData name="AREA">東區</SimpleData>
		<SimpleData name="DATE">2019/11/18</SimpleData>
		<SimpleData name="UID">320-01598</SimpleData>
		<SimpleData name="TREE_NAME">鳳凰木</SimpleData>
		<SimpleData name="ROAD">小東路人行道</SimpleData>
	</SchemaData></ExtendedData>
      <Point><coordinates>120.215252570269,23.0011986831859</coordinates></Point>
  </Placemark>
  <Placemark>
	<ExtendedData><SchemaData schemaUrl="#六區行道樹2021_1">
		<SimpleData name="AREA">東區</SimpleData>
		<SimpleData name="DATE">2019/11/18</SimpleData>
		<SimpleData name="UID">320-01599</SimpleData>
		<SimpleData name="TREE_NAME">鳳凰木</SimpleData>
		<SimpleData name="ROAD">小東路人行道</SimpleData>
	</SchemaData></ExtendedData>
      <Point><coordinates>120.215337867521,23.0011910689695</coordinates></Point>
  </Placemark>
  <Placemark>
	<ExtendedData><SchemaData schemaUrl="#六區行道樹2021_1">
		<SimpleData name="AREA">東區</SimpleData>
		<SimpleData name="DATE">2019/11/18</SimpleData>
		<SimpleData name="UID">320-01600</SimpleData>
		<SimpleData name="TREE_NAME">鳳凰木</SimpleData>
		<SimpleData name="ROAD">小東路人行道</SimpleData>
	</SchemaData></ExtendedData>
      <Point><coordinates>120.215413567192,23.0011732031006</coordinates></Point>
  </Placemark>
  <Placemark>
	<ExtendedData><SchemaData schemaUrl="#六區行道樹2021_1">
		<SimpleData name="AREA">東區</SimpleData>
		<SimpleData name="DATE">2019/11/18</SimpleData>
		<SimpleData name="UID">320-01601</SimpleData>
		<SimpleData name="TREE_NAME">鳳凰木</SimpleData>
		<SimpleData name="ROAD">小東路人行道</SimpleData>
	</SchemaData></ExtendedData>
      <Point><coordinates>120.21553428853,23.0011459882438</coordinates></Point>
  </Placemark>
  <Placemark>
	<ExtendedData><SchemaData schemaUrl="#六區行道樹2021_1">
		<SimpleData name="AREA">東區</SimpleData>
		<SimpleData name="DATE">2019/11/18</SimpleData>
		<SimpleData name="UID">320-01602</SimpleData>
		<SimpleData name="TREE_NAME">鳳凰木</SimpleData>
		<SimpleData name="ROAD">小東路人行道</SimpleData>
	</SchemaData></ExtendedData>
      <Point><coordinates>120.215605273836,23.0011336976206</coordinates></Point>
  </Placemark>
  <Placemark>
	<ExtendedData><SchemaData schemaUrl="#六區行道樹2021_1">
		<SimpleData name="AREA">東區</SimpleData>
		<SimpleData name="DATE">2019/11/18</SimpleData>
		<SimpleData name="UID">320-01603</SimpleData>
		<SimpleData name="TREE_NAME">鳳凰木</SimpleData>
		<SimpleData name="ROAD">小東路人行道</SimpleData>
	</SchemaData></ExtendedData>
      <Point><coordinates>120.215693772666,23.0011290790146</coordinates></Point>
  </Placemark>
  <Placemark>
	<ExtendedData><SchemaData schemaUrl="#六區行道樹2021_1">
		<SimpleData name="AREA">東區</SimpleData>
		<SimpleData name="DATE">2019/11/18</SimpleData>
		<SimpleData name="UID">320-01604</SimpleData>
		<SimpleData name="TREE_NAME">鳳凰木</SimpleData>
		<SimpleData name="ROAD">小東路人行道</SimpleData>
	</SchemaData></ExtendedData>
      <Point><coordinates>120.215801226788,23.001102069156</coordinates></Point>
  </Placemark>
  <Placemark>
	<ExtendedData><SchemaData schemaUrl="#六區行道樹2021_1">
		<SimpleData name="AREA">東區</SimpleData>
		<SimpleData name="DATE">2019/11/18</SimpleData>
		<SimpleData name="UID">320-01605</SimpleData>
		<SimpleData name="TREE_NAME">鳳凰木</SimpleData>
		<SimpleData name="ROAD">小東路人行道</SimpleData>
	</SchemaData></ExtendedData>
      <Point><coordinates>120.215863963859,23.0010654464877</coordinates></Point>
  </Placemark>
  <Placemark>
	<ExtendedData><SchemaData schemaUrl="#六區行道樹2021_1">
		<SimpleData name="AREA">東區</SimpleData>
		<SimpleData name="DATE">2019/11/18</SimpleData>
		<SimpleData name="UID">320-01606</SimpleData>
		<SimpleData name="TREE_NAME">鳳凰木</SimpleData>
		<SimpleData name="ROAD">小東路人行道</SimpleData>
	</SchemaData></ExtendedData>
      <Point><coordinates>120.215916438238,23.0010830441542</coordinates></Point>
  </Placemark>
  <Placemark>
	<ExtendedData><SchemaData schemaUrl="#六區行道樹2021_1">
		<SimpleData name="AREA">東區</SimpleData>
		<SimpleData name="DATE">2019/11/18</SimpleData>
		<SimpleData name="UID">320-01607</SimpleData>
		<SimpleData name="TREE_NAME">鳳凰木</SimpleData>
		<SimpleData name="ROAD">小東路人行道</SimpleData>
	</SchemaData></ExtendedData>
      <Point><coordinates>120.215960277909,23.0010756758608</coordinates></Point>
  </Placemark>
  <Placemark>
	<ExtendedData><SchemaData schemaUrl="#六區行道樹2021_1">
		<SimpleData name="AREA">東區</SimpleData>
		<SimpleData name="DATE">2019/11/18</SimpleData>
		<SimpleData name="UID">320-01608</SimpleData>
		<SimpleData name="TREE_NAME">鳳凰木</SimpleData>
		<SimpleData name="ROAD">小東路人行道</SimpleData>
	</SchemaData></ExtendedData>
      <Point><coordinates>120.216010342459,23.0010714086177</coordinates></Point>
  </Placemark>
  <Placemark>
	<ExtendedData><SchemaData schemaUrl="#六區行道樹2021_1">
		<SimpleData name="AREA">東區</SimpleData>
		<SimpleData name="DATE">2019/11/18</SimpleData>
		<SimpleData name="UID">320-01609</SimpleData>
		<SimpleData name="TREE_NAME">鳳凰木</SimpleData>
		<SimpleData name="ROAD">小東路人行道</SimpleData>
	</SchemaData></ExtendedData>
      <Point><coordinates>120.216062850222,23.0010663407388</coordinates></Point>
  </Placemark>
  <Placemark>
	<ExtendedData><SchemaData schemaUrl="#六區行道樹2021_1">
		<SimpleData name="AREA">東區</SimpleData>
		<SimpleData name="DATE">2019/11/18</SimpleData>
		<SimpleData name="UID">320-01610</SimpleData>
		<SimpleData name="TREE_NAME">鳳凰木</SimpleData>
		<SimpleData name="ROAD">小東路人行道</SimpleData>
	</SchemaData></ExtendedData>
      <Point><coordinates>120.216113447319,23.0010543101745</coordinates></Point>
  </Placemark>
  <Placemark>
	<ExtendedData><SchemaData schemaUrl="#六區行道樹2021_1">
		<SimpleData name="AREA">東區</SimpleData>
		<SimpleData name="DATE">2019/11/18</SimpleData>
		<SimpleData name="UID">320-01611</SimpleData>
		<SimpleData name="TREE_NAME">樹頭</SimpleData>
		<SimpleData name="ROAD">小東路人行道</SimpleData>
	</SchemaData></ExtendedData>
      <Point><coordinates>120.216298455149,23.0010261486737</coordinates></Point>
  </Placemark>
  <Placemark>
	<ExtendedData><SchemaData schemaUrl="#六區行道樹2021_1">
		<SimpleData name="AREA">東區</SimpleData>
		<SimpleData name="DATE">2019/11/18</SimpleData>
		<SimpleData name="UID">320-01612</SimpleData>
		<SimpleData name="TREE_NAME">鳳凰木</SimpleData>
		<SimpleData name="ROAD">小東路人行道</SimpleData>
	</SchemaData></ExtendedData>
      <Point><coordinates>120.216480766896,23.0010425825342</coordinates></Point>
  </Placemark>
  <Placemark>
	<ExtendedData><SchemaData schemaUrl="#六區行道樹2021_1">
		<SimpleData name="AREA">東區</SimpleData>
		<SimpleData name="DATE">2019/11/18</SimpleData>
		<SimpleData name="UID">320-01613</SimpleData>
		<SimpleData name="TREE_NAME">鳳凰木</SimpleData>
		<SimpleData name="ROAD">小東路人行道</SimpleData>
	</SchemaData></ExtendedData>
      <Point><coordinates>120.2165666284,23.0010385825014</coordinates></Point>
  </Placemark>
  <Placemark>
	<ExtendedData><SchemaData schemaUrl="#六區行道樹2021_1">
		<SimpleData name="AREA">東區</SimpleData>
		<SimpleData name="DATE">2019/11/18</SimpleData>
		<SimpleData name="UID">320-01614</SimpleData>
		<SimpleData name="TREE_NAME">無葉樹</SimpleData>
		<SimpleData name="ROAD">小東路人行道</SimpleData>
	</SchemaData></ExtendedData>
      <Point><coordinates>120.216633973812,23.0010316011943</coordinates></Point>
  </Placemark>
  <Placemark>
	<ExtendedData><SchemaData schemaUrl="#六區行道樹2021_1">
		<SimpleData name="AREA">東區</SimpleData>
		<SimpleData name="DATE">2019/11/18</SimpleData>
		<SimpleData name="UID">320-01615</SimpleData>
		<SimpleData name="TREE_NAME">樹頭</SimpleData>
		<SimpleData name="ROAD">小東路人行道</SimpleData>
	</SchemaData></ExtendedData>
      <Point><coordinates>120.216694015117,23.0010225971027</coordinates></Point>
  </Placemark>
  <Placemark>
	<ExtendedData><SchemaData schemaUrl="#六區行道樹2021_1">
		<SimpleData name="AREA">東區</SimpleData>
		<SimpleData name="DATE">2019/11/18</SimpleData>
		<SimpleData name="UID">320-01616</SimpleData>
		<SimpleData name="TREE_NAME">鳳凰木</SimpleData>
		<SimpleData name="ROAD">小東路人行道</SimpleData>
	</SchemaData></ExtendedData>
      <Point><coordinates>120.216728896086,23.0010125655454</coordinates></Point>
  </Placemark>
  <Placemark>
	<ExtendedData><SchemaData schemaUrl="#六區行道樹2021_1">
		<SimpleData name="AREA">東區</SimpleData>
		<SimpleData name="DATE">2019/11/18</SimpleData>
		<SimpleData name="UID">320-01617</SimpleData>
		<SimpleData name="TREE_NAME">鳳凰木</SimpleData>
		<SimpleData name="ROAD">小東路人行道</SimpleData>
	</SchemaData></ExtendedData>
      <Point><coordinates>120.216796155922,23.0010035068121</coordinates></Point>
  </Placemark>
  <Placemark>
	<ExtendedData><SchemaData schemaUrl="#六區行道樹2021_1">
		<SimpleData name="AREA">東區</SimpleData>
		<SimpleData name="DATE">2019/11/18</SimpleData>
		<SimpleData name="UID">320-01618</SimpleData>
		<SimpleData name="TREE_NAME">鳳凰木</SimpleData>
		<SimpleData name="ROAD">小東路人行道</SimpleData>
	</SchemaData></ExtendedData>
      <Point><coordinates>120.216863610831,23.0009944490146</coordinates></Point>
  </Placemark>
  <Placemark>
	<ExtendedData><SchemaData schemaUrl="#六區行道樹2021_1">
		<SimpleData name="AREA">東區</SimpleData>
		<SimpleData name="DATE">2019/11/18</SimpleData>
		<SimpleData name="UID">320-01619</SimpleData>
		<SimpleData name="TREE_NAME">鳳凰木</SimpleData>
		<SimpleData name="ROAD">小東路人行道</SimpleData>
	</SchemaData></ExtendedData>
      <Point><coordinates>120.217122876858,23.0009783928966</coordinates></Point>
  </Placemark>
  <Placemark>
	<ExtendedData><SchemaData schemaUrl="#六區行道樹2021_1">
		<SimpleData name="AREA">東區</SimpleData>
		<SimpleData name="DATE">2019/11/18</SimpleData>
		<SimpleData name="UID">320-01620</SimpleData>
		<SimpleData name="TREE_NAME">鳳凰木</SimpleData>
		<SimpleData name="ROAD">小東路人行道</SimpleData>
	</SchemaData></ExtendedData>
      <Point><coordinates>120.217182694754,23.0009573774194</coordinates></Point>
  </Placemark>
  <Placemark>
	<ExtendedData><SchemaData schemaUrl="#六區行道樹2021_1">
		<SimpleData name="AREA">東區</SimpleData>
		<SimpleData name="DATE">2019/11/18</SimpleData>
		<SimpleData name="UID">320-01621</SimpleData>
		<SimpleData name="TREE_NAME">鳳凰木</SimpleData>
		<SimpleData name="ROAD">小東路人行道</SimpleData>
	</SchemaData></ExtendedData>
      <Point><coordinates>120.21726299064,23.0009543428146</coordinates></Point>
  </Placemark>
  <Placemark>
	<ExtendedData><SchemaData schemaUrl="#六區行道樹2021_1">
		<SimpleData name="AREA">東區</SimpleData>
		<SimpleData name="DATE">2019/11/18</SimpleData>
		<SimpleData name="UID">320-01622</SimpleData>
		<SimpleData name="TREE_NAME">鳳凰木</SimpleData>
		<SimpleData name="ROAD">小東路人行道</SimpleData>
	</SchemaData></ExtendedData>
      <Point><coordinates>120.217375157723,23.0009388234552</coordinates></Point>
  </Placemark>
  <Placemark>
	<ExtendedData><SchemaData schemaUrl="#六區行道樹2021_1">
		<SimpleData name="AREA">東區</SimpleData>
		<SimpleData name="DATE">2019/11/18</SimpleData>
		<SimpleData name="UID">320-01623</SimpleData>
		<SimpleData name="TREE_NAME">鳳凰木</SimpleData>
		<SimpleData name="ROAD">小東路人行道</SimpleData>
	</SchemaData></ExtendedData>
      <Point><coordinates>120.217428525898,23.0009198529468</coordinates></Point>
  </Placemark>
  <Placemark>
	<ExtendedData><SchemaData schemaUrl="#六區行道樹2021_1">
		<SimpleData name="AREA">東區</SimpleData>
		<SimpleData name="DATE">2019/11/18</SimpleData>
		<SimpleData name="UID">320-01624</SimpleData>
		<SimpleData name="TREE_NAME">鳳凰木</SimpleData>
		<SimpleData name="ROAD">小東路人行道</SimpleData>
	</SchemaData></ExtendedData>
      <Point><coordinates>120.217479621989,23.0009058377751</coordinates></Point>
  </Placemark>
  <Placemark>
	<ExtendedData><SchemaData schemaUrl="#六區行道樹2021_1">
		<SimpleData name="AREA">東區</SimpleData>
		<SimpleData name="DATE">2019/11/18</SimpleData>
		<SimpleData name="UID">320-01625</SimpleData>
		<SimpleData name="TREE_NAME">鳳凰木</SimpleData>
		<SimpleData name="ROAD">小東路人行道</SimpleData>
	</SchemaData></ExtendedData>
      <Point><coordinates>120.217543805915,23.0009057936714</coordinates></Point>
  </Placemark>
  <Placemark>
	<ExtendedData><SchemaData schemaUrl="#六區行道樹2021_1">
		<SimpleData name="AREA">東區</SimpleData>
		<SimpleData name="DATE">2019/11/18</SimpleData>
		<SimpleData name="UID">320-01626</SimpleData>
		<SimpleData name="TREE_NAME">鳳凰木</SimpleData>
		<SimpleData name="ROAD">小東路人行道</SimpleData>
	</SchemaData></ExtendedData>
      <Point><coordinates>120.217604210422,23.0009183730773</coordinates></Point>
  </Placemark>
  <Placemark>
	<ExtendedData><SchemaData schemaUrl="#六區行道樹2021_1">
		<SimpleData name="AREA">東區</SimpleData>
		<SimpleData name="DATE">2019/11/18</SimpleData>
		<SimpleData name="UID">320-01627</SimpleData>
		<SimpleData name="TREE_NAME">鳳凰木</SimpleData>
		<SimpleData name="ROAD">小東路人行道</SimpleData>
	</SchemaData></ExtendedData>
      <Point><coordinates>120.217675687319,23.0009053615352</coordinates></Point>
  </Placemark>
  <Placemark>
	<ExtendedData><SchemaData schemaUrl="#六區行道樹2021_1">
		<SimpleData name="AREA">東區</SimpleData>
		<SimpleData name="DATE">2019/11/18</SimpleData>
		<SimpleData name="UID">320-01628</SimpleData>
		<SimpleData name="TREE_NAME">鳳凰木</SimpleData>
		<SimpleData name="ROAD">小東路人行道</SimpleData>
	</SchemaData></ExtendedData>
      <Point><coordinates>120.218062183518,23.0009004072447</coordinates></Point>
  </Placemark>
  <Placemark>
	<ExtendedData><SchemaData schemaUrl="#六區行道樹2021_1">
		<SimpleData name="AREA">東區</SimpleData>
		<SimpleData name="DATE">2019/11/18</SimpleData>
		<SimpleData name="UID">320-01629</SimpleData>
		<SimpleData name="TREE_NAME">鳳凰木</SimpleData>
		<SimpleData name="ROAD">小東路人行道</SimpleData>
	</SchemaData></ExtendedData>
      <Point><coordinates>120.218115386156,23.0008762885007</coordinates></Point>
  </Placemark>
  <Placemark>
	<ExtendedData><SchemaData schemaUrl="#六區行道樹2021_1">
		<SimpleData name="AREA">東區</SimpleData>
		<SimpleData name="DATE">2019/11/18</SimpleData>
		<SimpleData name="UID">320-01630</SimpleData>
		<SimpleData name="TREE_NAME">鳳凰木</SimpleData>
		<SimpleData name="ROAD">小東路人行道</SimpleData>
	</SchemaData></ExtendedData>
      <Point><coordinates>120.21816424993,23.0008772521311</coordinates></Point>
  </Placemark>
  <Placemark>
	<ExtendedData><SchemaData schemaUrl="#六區行道樹2021_1">
		<SimpleData name="AREA">東區</SimpleData>
		<SimpleData name="DATE">2019/11/18</SimpleData>
		<SimpleData name="UID">320-01631</SimpleData>
		<SimpleData name="TREE_NAME">鳳凰木</SimpleData>
		<SimpleData name="ROAD">小東路人行道</SimpleData>
	</SchemaData></ExtendedData>
      <Point><coordinates>120.218221694122,23.000844936854</coordinates></Point>
  </Placemark>
  <Placemark>
	<ExtendedData><SchemaData schemaUrl="#六區行道樹2021_1">
		<SimpleData name="AREA">東區</SimpleData>
		<SimpleData name="DATE">2019/11/18</SimpleData>
		<SimpleData name="UID">320-01632</SimpleData>
		<SimpleData name="TREE_NAME">鳳凰木</SimpleData>
		<SimpleData name="ROAD">小東路人行道</SimpleData>
	</SchemaData></ExtendedData>
      <Point><coordinates>120.218290066561,23.000845906438</coordinates></Point>
  </Placemark>
  <Placemark>
	<ExtendedData><SchemaData schemaUrl="#六區行道樹2021_1">
		<SimpleData name="AREA">東區</SimpleData>
		<SimpleData name="DATE">2019/11/20</SimpleData>
		<SimpleData name="UID">320-02183</SimpleData>
		<SimpleData name="TREE_NAME">樟樹</SimpleData>
		<SimpleData name="ROAD">崇賢七路人行道</SimpleData>
	</SchemaData></ExtendedData>
      <Point><coordinates>120.218230887049,22.9706245422063</coordinates></Point>
  </Placemark>
  <Placemark>
	<ExtendedData><SchemaData schemaUrl="#六區行道樹2021_1">
		<SimpleData name="AREA">東區</SimpleData>
		<SimpleData name="DATE">2019/11/20</SimpleData>
		<SimpleData name="UID">320-02184</SimpleData>
		<SimpleData name="TREE_NAME">樟樹</SimpleData>
		<SimpleData name="ROAD">崇賢七路人行道</SimpleData>
	</SchemaData></ExtendedData>
      <Point><coordinates>120.218238477578,22.970525608842</coordinates></Point>
  </Placemark>
  <Placemark>
	<ExtendedData><SchemaData schemaUrl="#六區行道樹2021_1">
		<SimpleData name="AREA">東區</SimpleData>
		<SimpleData name="DATE">2019/11/20</SimpleData>
		<SimpleData name="UID">320-02263</SimpleData>
		<SimpleData name="TREE_NAME">鳳凰木</SimpleData>
		<SimpleData name="ROAD">崇賢六路人行道</SimpleData>
	</SchemaData></ExtendedData>
      <Point><coordinates>120.218230335307,22.9693808124579</coordinates></Point>
  </Placemark>
  <Placemark>
	<ExtendedData><SchemaData schemaUrl="#六區行道樹2021_1">
		<SimpleData name="AREA">東區</SimpleData>
		<SimpleData name="DATE">2019/11/20</SimpleData>
		<SimpleData name="UID">320-02264</SimpleData>
		<SimpleData name="TREE_NAME">阿勃勒</SimpleData>
		<SimpleData name="ROAD">崇賢六路人行道</SimpleData>
	</SchemaData></ExtendedData>
      <Point><coordinates>120.218173310542,22.9693764676904</coordinates></Point>
  </Placemark>
  <Placemark>
	<ExtendedData><SchemaData schemaUrl="#六區行道樹2021_1">
		<SimpleData name="AREA">東區</SimpleData>
		<SimpleData name="DATE">2019/11/20</SimpleData>
		<SimpleData name="UID">320-02265</SimpleData>
		<SimpleData name="TREE_NAME">樟樹</SimpleData>
		<SimpleData name="ROAD">崇賢六路人行道</SimpleData>
	</SchemaData></ExtendedData>
      <Point><coordinates>120.21810957041,22.9693867186821</coordinates></Point>
  </Placemark>
  <Placemark>
	<ExtendedData><SchemaData schemaUrl="#六區行道樹2021_1">
		<SimpleData name="AREA">東區</SimpleData>
		<SimpleData name="DATE">2019/11/20</SimpleData>
		<SimpleData name="UID">320-02266</SimpleData>
		<SimpleData name="TREE_NAME">樟樹</SimpleData>
		<SimpleData name="ROAD">崇賢六路人行道</SimpleData>
	</SchemaData></ExtendedData>
      <Point><coordinates>120.218102865757,22.9692807615713</coordinates></Point>
  </Placemark>
  <Placemark>
	<ExtendedData><SchemaData schemaUrl="#六區行道樹2021_1">
		<SimpleData name="AREA">東區</SimpleData>
		<SimpleData name="DATE">2019/11/20</SimpleData>
		<SimpleData name="UID">320-02267</SimpleData>
		<SimpleData name="TREE_NAME">阿勃勒</SimpleData>
		<SimpleData name="ROAD">崇賢六路人行道</SimpleData>
	</SchemaData></ExtendedData>
      <Point><coordinates>120.218162928601,22.9692825025914</coordinates></Point>
  </Placemark>
  <Placemark>
	<ExtendedData><SchemaData schemaUrl="#六區行道樹2021_1">
		<SimpleData name="AREA">東區</SimpleData>
		<SimpleData name="DATE">2019/11/20</SimpleData>
		<SimpleData name="UID">320-02268</SimpleData>
		<SimpleData name="TREE_NAME">樟樹</SimpleData>
		<SimpleData name="ROAD">崇賢六路人行道</SimpleData>
	</SchemaData></ExtendedData>
      <Point><coordinates>120.218214219491,22.9692833876195</coordinates></Point>
  </Placemark>
  <Placemark>
	<ExtendedData><SchemaData schemaUrl="#六區行道樹2021_1">
		<SimpleData name="AREA">東區</SimpleData>
		<SimpleData name="DATE">2019/11/20</SimpleData>
		<SimpleData name="UID">320-02269</SimpleData>
		<SimpleData name="TREE_NAME">阿勃勒</SimpleData>
		<SimpleData name="ROAD">崇賢六路人行道</SimpleData>
	</SchemaData></ExtendedData>
      <Point><coordinates>120.218293708693,22.9692817026056</coordinates></Point>
  </Placemark>
  <Placemark>
	<ExtendedData><SchemaData schemaUrl="#六區行道樹2021_1">
		<SimpleData name="AREA">東區</SimpleData>
		<SimpleData name="DATE">2019/11/20</SimpleData>
		<SimpleData name="UID">320-02325</SimpleData>
		<SimpleData name="TREE_NAME">樟樹</SimpleData>
		<SimpleData name="ROAD">崇賢五路人行道</SimpleData>
	</SchemaData></ExtendedData>
      <Point><coordinates>120.218300489013,22.9663385278385</coordinates></Point>
  </Placemark>
  <Placemark>
	<ExtendedData><SchemaData schemaUrl="#六區行道樹2021_1">
		<SimpleData name="AREA">東區</SimpleData>
		<SimpleData name="DATE">2019/11/20</SimpleData>
		<SimpleData name="UID">320-02326</SimpleData>
		<SimpleData name="TREE_NAME">阿勃勒</SimpleData>
		<SimpleData name="ROAD">崇賢五路人行道</SimpleData>
	</SchemaData></ExtendedData>
      <Point><coordinates>120.218232014185,22.9663244643728</coordinates></Point>
  </Placemark>
  <Placemark>
	<ExtendedData><SchemaData schemaUrl="#六區行道樹2021_1">
		<SimpleData name="AREA">東區</SimpleData>
		<SimpleData name="DATE">2019/11/20</SimpleData>
		<SimpleData name="UID">320-02327</SimpleData>
		<SimpleData name="TREE_NAME">樟樹</SimpleData>
		<SimpleData name="ROAD">崇賢五路人行道</SimpleData>
	</SchemaData></ExtendedData>
      <Point><coordinates>120.218123660943,22.9663261876757</coordinates></Point>
  </Placemark>
  <Placemark>
	<ExtendedData><SchemaData schemaUrl="#六區行道樹2021_1">
		<SimpleData name="AREA">東區</SimpleData>
		<SimpleData name="DATE">2019/11/20</SimpleData>
		<SimpleData name="UID">320-02328</SimpleData>
		<SimpleData name="TREE_NAME">阿勃勒</SimpleData>
		<SimpleData name="ROAD">崇賢五路人行道</SimpleData>
	</SchemaData></ExtendedData>
      <Point><coordinates>120.218057065834,22.966324414457</coordinates></Point>
  </Placemark>
  <Placemark>
	<ExtendedData><SchemaData schemaUrl="#六區行道樹2021_1">
		<SimpleData name="AREA">東區</SimpleData>
		<SimpleData name="DATE">2019/11/20</SimpleData>
		<SimpleData name="UID">320-02329</SimpleData>
		<SimpleData name="TREE_NAME">樟樹</SimpleData>
		<SimpleData name="ROAD">崇賢五路人行道</SimpleData>
	</SchemaData></ExtendedData>
      <Point><coordinates>120.217989500761,22.9663217334082</coordinates></Point>
  </Placemark>
  <Placemark>
	<ExtendedData><SchemaData schemaUrl="#六區行道樹2021_1">
		<SimpleData name="AREA">東區</SimpleData>
		<SimpleData name="DATE">2019/11/20</SimpleData>
		<SimpleData name="UID">320-02330</SimpleData>
		<SimpleData name="TREE_NAME">阿勃勒</SimpleData>
		<SimpleData name="ROAD">崇賢五路人行道</SimpleData>
	</SchemaData></ExtendedData>
      <Point><coordinates>120.21791681396,22.9663278766516</coordinates></Point>
  </Placemark>
  <Placemark>
	<ExtendedData><SchemaData schemaUrl="#六區行道樹2021_1">
		<SimpleData name="AREA">東區</SimpleData>
		<SimpleData name="DATE">2019/11/20</SimpleData>
		<SimpleData name="UID">320-02331</SimpleData>
		<SimpleData name="TREE_NAME">樟樹</SimpleData>
		<SimpleData name="ROAD">崇賢五路人行道</SimpleData>
	</SchemaData></ExtendedData>
      <Point><coordinates>120.217847400762,22.9663243737101</coordinates></Point>
  </Placemark>
  <Placemark>
	<ExtendedData><SchemaData schemaUrl="#六區行道樹2021_1">
		<SimpleData name="AREA">東區</SimpleData>
		<SimpleData name="DATE">2019/11/20</SimpleData>
		<SimpleData name="UID">320-02332</SimpleData>
		<SimpleData name="TREE_NAME">阿勃勒</SimpleData>
		<SimpleData name="ROAD">崇賢五路人行道</SimpleData>
	</SchemaData></ExtendedData>
      <Point><coordinates>120.217845319351,22.9662454396174</coordinates></Point>
  </Placemark>
  <Placemark>
	<ExtendedData><SchemaData schemaUrl="#六區行道樹2021_1">
		<SimpleData name="AREA">東區</SimpleData>
		<SimpleData name="DATE">2019/11/20</SimpleData>
		<SimpleData name="UID">320-02333</SimpleData>
		<SimpleData name="TREE_NAME">阿勃勒</SimpleData>
		<SimpleData name="ROAD">崇賢五路人行道</SimpleData>
	</SchemaData></ExtendedData>
      <Point><coordinates>120.217919740621,22.966242917035</coordinates></Point>
  </Placemark>
  <Placemark>
	<ExtendedData><SchemaData schemaUrl="#六區行道樹2021_1">
		<SimpleData name="AREA">東區</SimpleData>
		<SimpleData name="DATE">2019/11/20</SimpleData>
		<SimpleData name="UID">320-02334</SimpleData>
		<SimpleData name="TREE_NAME">樟樹</SimpleData>
		<SimpleData name="ROAD">崇賢五路人行道</SimpleData>
	</SchemaData></ExtendedData>
      <Point><coordinates>120.217976862744,22.9662301049917</coordinates></Point>
  </Placemark>
  <Placemark>
	<ExtendedData><SchemaData schemaUrl="#六區行道樹2021_1">
		<SimpleData name="AREA">東區</SimpleData>
		<SimpleData name="DATE">2019/11/20</SimpleData>
		<SimpleData name="UID">320-02335</SimpleData>
		<SimpleData name="TREE_NAME">阿勃勒</SimpleData>
		<SimpleData name="ROAD">崇賢五路人行道</SimpleData>
	</SchemaData></ExtendedData>
      <Point><coordinates>120.218054825217,22.9662222720002</coordinates></Point>
  </Placemark>
  <Placemark>
	<ExtendedData><SchemaData schemaUrl="#六區行道樹2021_1">
		<SimpleData name="AREA">東區</SimpleData>
		<SimpleData name="DATE">2019/11/20</SimpleData>
		<SimpleData name="UID">320-02336</SimpleData>
		<SimpleData name="TREE_NAME">樟樹</SimpleData>
		<SimpleData name="ROAD">崇賢五路人行道</SimpleData>
	</SchemaData></ExtendedData>
      <Point><coordinates>120.218128954445,22.9662196575772</coordinates></Point>
  </Placemark>
  <Placemark>
	<ExtendedData><SchemaData schemaUrl="#六區行道樹2021_1">
		<SimpleData name="AREA">東區</SimpleData>
		<SimpleData name="DATE">2019/11/20</SimpleData>
		<SimpleData name="UID">320-02337</SimpleData>
		<SimpleData name="TREE_NAME">阿勃勒</SimpleData>
		<SimpleData name="ROAD">崇賢五路人行道</SimpleData>
	</SchemaData></ExtendedData>
      <Point><coordinates>120.218230651599,22.9662222359425</coordinates></Point>
  </Placemark>
  <Placemark>
	<ExtendedData><SchemaData schemaUrl="#六區行道樹2021_1">
		<SimpleData name="AREA">東區</SimpleData>
		<SimpleData name="DATE">2019/11/28</SimpleData>
		<SimpleData name="UID">320-03701</SimpleData>
		<SimpleData name="TREE_NAME">水黃皮</SimpleData>
		<SimpleData name="ROAD">東寧路柏油路</SimpleData>
	</SchemaData></ExtendedData>
      <Point><coordinates>120.218170614493,22.9922177283329</coordinates></Point>
  </Placemark>
  <Placemark>
	<ExtendedData><SchemaData schemaUrl="#六區行道樹2021_1">
		<SimpleData name="AREA">東區</SimpleData>
		<SimpleData name="DATE">2019/11/28</SimpleData>
		<SimpleData name="UID">320-03702</SimpleData>
		<SimpleData name="TREE_NAME">緬梔</SimpleData>
		<SimpleData name="ROAD">東寧路柏油路</SimpleData>
	</SchemaData></ExtendedData>
      <Point><coordinates>120.217153199167,22.9923029154604</coordinates></Point>
  </Placemark>
  <Placemark>
	<ExtendedData><SchemaData schemaUrl="#六區行道樹2021_1">
		<SimpleData name="AREA">東區</SimpleData>
		<SimpleData name="DATE">2019/11/28</SimpleData>
		<SimpleData name="UID">320-03703</SimpleData>
		<SimpleData name="TREE_NAME">水黃皮</SimpleData>
		<SimpleData name="ROAD">東寧路柏油路</SimpleData>
	</SchemaData></ExtendedData>
      <Point><coordinates>120.216978954792,22.992344134886</coordinates></Point>
  </Placemark>
  <Placemark>
	<ExtendedData><SchemaData schemaUrl="#六區行道樹2021_1">
		<SimpleData name="AREA">東區</SimpleData>
		<SimpleData name="DATE">2019/11/29</SimpleData>
		<SimpleData name="UID">320-03960</SimpleData>
		<SimpleData name="TREE_NAME">華盛頓椰子</SimpleData>
		<SimpleData name="ROAD">林森路一段中央分隔島</SimpleData>
	</SchemaData></ExtendedData>
      <Point><coordinates>120.217947350386,22.9827826350575</coordinates></Point>
  </Placemark>
  <Placemark>
	<ExtendedData><SchemaData schemaUrl="#六區行道樹2021_1">
		<SimpleData name="AREA">東區</SimpleData>
		<SimpleData name="DATE">2019/11/29</SimpleData>
		<SimpleData name="UID">320-03961</SimpleData>
		<SimpleData name="TREE_NAME">華盛頓椰子</SimpleData>
		<SimpleData name="ROAD">林森路一段中央分隔島</SimpleData>
	</SchemaData></ExtendedData>
      <Point><coordinates>120.217893637729,22.9827610587935</coordinates></Point>
  </Placemark>
  <Placemark>
	<ExtendedData><SchemaData schemaUrl="#六區行道樹2021_1">
		<SimpleData name="AREA">東區</SimpleData>
		<SimpleData name="DATE">2019/11/29</SimpleData>
		<SimpleData name="UID">320-03962</SimpleData>
		<SimpleData name="TREE_NAME">華盛頓椰子</SimpleData>
		<SimpleData name="ROAD">林森路一段中央分隔島</SimpleData>
	</SchemaData></ExtendedData>
      <Point><coordinates>120.217850639106,22.9827419735349</coordinates></Point>
  </Placemark>
  <Placemark>
	<ExtendedData><SchemaData schemaUrl="#六區行道樹2021_1">
		<SimpleData name="AREA">東區</SimpleData>
		<SimpleData name="DATE">2019/11/29</SimpleData>
		<SimpleData name="UID">320-03963</SimpleData>
		<SimpleData name="TREE_NAME">華盛頓椰子</SimpleData>
		<SimpleData name="ROAD">林森路一段中央分隔島</SimpleData>
	</SchemaData></ExtendedData>
      <Point><coordinates>120.217800510572,22.9827246591076</coordinates></Point>
  </Placemark>
  <Placemark>
	<ExtendedData><SchemaData schemaUrl="#六區行道樹2021_1">
		<SimpleData name="AREA">東區</SimpleData>
		<SimpleData name="DATE">2019/11/29</SimpleData>
		<SimpleData name="UID">320-03964</SimpleData>
		<SimpleData name="TREE_NAME">蒲葵</SimpleData>
		<SimpleData name="ROAD">林森路一段中央分隔島</SimpleData>
	</SchemaData></ExtendedData>
      <Point><coordinates>120.21775524284,22.9827100777078</coordinates></Point>
  </Placemark>
  <Placemark>
	<ExtendedData><SchemaData schemaUrl="#六區行道樹2021_1">
		<SimpleData name="AREA">東區</SimpleData>
		<SimpleData name="DATE">2019/11/29</SimpleData>
		<SimpleData name="UID">320-03965</SimpleData>
		<SimpleData name="TREE_NAME">華盛頓椰子</SimpleData>
		<SimpleData name="ROAD">林森路一段中央分隔島</SimpleData>
	</SchemaData></ExtendedData>
      <Point><coordinates>120.217714146452,22.9826993998579</coordinates></Point>
  </Placemark>
  <Placemark>
	<ExtendedData><SchemaData schemaUrl="#六區行道樹2021_1">
		<SimpleData name="AREA">東區</SimpleData>
		<SimpleData name="DATE">2019/11/29</SimpleData>
		<SimpleData name="UID">320-03966</SimpleData>
		<SimpleData name="TREE_NAME">華盛頓椰子</SimpleData>
		<SimpleData name="ROAD">林森路一段中央分隔島</SimpleData>
	</SchemaData></ExtendedData>
      <Point><coordinates>120.217666720129,22.9826870653197</coordinates></Point>
  </Placemark>
  <Placemark>
	<ExtendedData><SchemaData schemaUrl="#六區行道樹2021_1">
		<SimpleData name="AREA">東區</SimpleData>
		<SimpleData name="DATE">2019/11/29</SimpleData>
		<SimpleData name="UID">320-03967</SimpleData>
		<SimpleData name="TREE_NAME">華盛頓椰子</SimpleData>
		<SimpleData name="ROAD">林森路一段中央分隔島</SimpleData>
	</SchemaData></ExtendedData>
      <Point><coordinates>120.217633434813,22.9826748908801</coordinates></Point>
  </Placemark>
  <Placemark>
	<ExtendedData><SchemaData schemaUrl="#六區行道樹2021_1">
		<SimpleData name="AREA">東區</SimpleData>
		<SimpleData name="DATE">2019/11/29</SimpleData>
		<SimpleData name="UID">320-03968</SimpleData>
		<SimpleData name="TREE_NAME">華盛頓椰子</SimpleData>
		<SimpleData name="ROAD">林森路一段中央分隔島</SimpleData>
	</SchemaData></ExtendedData>
      <Point><coordinates>120.217587753604,22.9826643709671</coordinates></Point>
  </Placemark>
  <Placemark>
	<ExtendedData><SchemaData schemaUrl="#六區行道樹2021_1">
		<SimpleData name="AREA">東區</SimpleData>
		<SimpleData name="DATE">2019/11/29</SimpleData>
		<SimpleData name="UID">320-03969</SimpleData>
		<SimpleData name="TREE_NAME">華盛頓椰子</SimpleData>
		<SimpleData name="ROAD">林森路一段中央分隔島</SimpleData>
	</SchemaData></ExtendedData>
      <Point><coordinates>120.217545650488,22.9826422197915</coordinates></Point>
  </Placemark>
  <Placemark>
	<ExtendedData><SchemaData schemaUrl="#六區行道樹2021_1">
		<SimpleData name="AREA">東區</SimpleData>
		<SimpleData name="DATE">2019/11/29</SimpleData>
		<SimpleData name="UID">320-03970</SimpleData>
		<SimpleData name="TREE_NAME">華盛頓椰子</SimpleData>
		<SimpleData name="ROAD">林森路一段中央分隔島</SimpleData>
	</SchemaData></ExtendedData>
      <Point><coordinates>120.217145733187,22.9825141836576</coordinates></Point>
  </Placemark>
  <Placemark>
	<ExtendedData><SchemaData schemaUrl="#六區行道樹2021_1">
		<SimpleData name="AREA">東區</SimpleData>
		<SimpleData name="DATE">2019/11/29</SimpleData>
		<SimpleData name="UID">320-03971</SimpleData>
		<SimpleData name="TREE_NAME">華盛頓椰子</SimpleData>
		<SimpleData name="ROAD">林森路一段中央分隔島</SimpleData>
	</SchemaData></ExtendedData>
      <Point><coordinates>120.217094778301,22.9825049017769</coordinates></Point>
  </Placemark>
  <Placemark>
	<ExtendedData><SchemaData schemaUrl="#六區行道樹2021_1">
		<SimpleData name="AREA">東區</SimpleData>
		<SimpleData name="DATE">2019/11/29</SimpleData>
		<SimpleData name="UID">320-03972</SimpleData>
		<SimpleData name="TREE_NAME">華盛頓椰子</SimpleData>
		<SimpleData name="ROAD">林森路一段中央分隔島</SimpleData>
	</SchemaData></ExtendedData>
      <Point><coordinates>120.217067069847,22.9824896845136</coordinates></Point>
  </Placemark>
  <Placemark>
	<ExtendedData><SchemaData schemaUrl="#六區行道樹2021_1">
		<SimpleData name="AREA">東區</SimpleData>
		<SimpleData name="DATE">2019/11/29</SimpleData>
		<SimpleData name="UID">320-03973</SimpleData>
		<SimpleData name="TREE_NAME">華盛頓椰子</SimpleData>
		<SimpleData name="ROAD">林森路一段中央分隔島</SimpleData>
	</SchemaData></ExtendedData>
      <Point><coordinates>120.217038147876,22.9824819562886</coordinates></Point>
  </Placemark>
  <Placemark>
	<ExtendedData><SchemaData schemaUrl="#六區行道樹2021_1">
		<SimpleData name="AREA">東區</SimpleData>
		<SimpleData name="DATE">2019/11/29</SimpleData>
		<SimpleData name="UID">320-03974</SimpleData>
		<SimpleData name="TREE_NAME">華盛頓椰子</SimpleData>
		<SimpleData name="ROAD">林森路一段中央分隔島</SimpleData>
	</SchemaData></ExtendedData>
      <Point><coordinates>120.217002906914,22.9824706750735</coordinates></Point>
  </Placemark>
  <Placemark>
	<ExtendedData><SchemaData schemaUrl="#六區行道樹2021_1">
		<SimpleData name="AREA">東區</SimpleData>
		<SimpleData name="DATE">2019/11/29</SimpleData>
		<SimpleData name="UID">320-03975</SimpleData>
		<SimpleData name="TREE_NAME">華盛頓椰子</SimpleData>
		<SimpleData name="ROAD">林森路一段中央分隔島</SimpleData>
	</SchemaData></ExtendedData>
      <Point><coordinates>120.216966656334,22.9824653487722</coordinates></Point>
  </Placemark>
  <Placemark>
	<ExtendedData><SchemaData schemaUrl="#六區行道樹2021_1">
		<SimpleData name="AREA">東區</SimpleData>
		<SimpleData name="DATE">2019/11/29</SimpleData>
		<SimpleData name="UID">320-03976</SimpleData>
		<SimpleData name="TREE_NAME">華盛頓椰子</SimpleData>
		<SimpleData name="ROAD">林森路一段中央分隔島</SimpleData>
	</SchemaData></ExtendedData>
      <Point><coordinates>120.216935449404,22.9824479469606</coordinates></Point>
  </Placemark>
  <Placemark>
	<ExtendedData><SchemaData schemaUrl="#六區行道樹2021_1">
		<SimpleData name="AREA">東區</SimpleData>
		<SimpleData name="DATE">2019/11/29</SimpleData>
		<SimpleData name="UID">320-03977</SimpleData>
		<SimpleData name="TREE_NAME">華盛頓椰子</SimpleData>
		<SimpleData name="ROAD">林森路一段中央分隔島</SimpleData>
	</SchemaData></ExtendedData>
      <Point><coordinates>120.216901769941,22.9824364928355</coordinates></Point>
  </Placemark>
  <Placemark>
	<ExtendedData><SchemaData schemaUrl="#六區行道樹2021_1">
		<SimpleData name="AREA">東區</SimpleData>
		<SimpleData name="DATE">2019/11/29</SimpleData>
		<SimpleData name="UID">320-03978</SimpleData>
		<SimpleData name="TREE_NAME">華盛頓椰子</SimpleData>
		<SimpleData name="ROAD">林森路一段中央分隔島</SimpleData>
	</SchemaData></ExtendedData>
      <Point><coordinates>120.216864739675,22.9824310723569</coordinates></Point>
  </Placemark>
  <Placemark>
	<ExtendedData><SchemaData schemaUrl="#六區行道樹2021_1">
		<SimpleData name="AREA">東區</SimpleData>
		<SimpleData name="DATE">2019/11/29</SimpleData>
		<SimpleData name="UID">320-03979</SimpleData>
		<SimpleData name="TREE_NAME">華盛頓椰子</SimpleData>
		<SimpleData name="ROAD">林森路一段中央分隔島</SimpleData>
	</SchemaData></ExtendedData>
      <Point><coordinates>120.216830874017,22.9824180821685</coordinates></Point>
  </Placemark>
  <Placemark>
	<ExtendedData><SchemaData schemaUrl="#六區行道樹2021_1">
		<SimpleData name="AREA">東區</SimpleData>
		<SimpleData name="DATE">2019/11/29</SimpleData>
		<SimpleData name="UID">320-03980</SimpleData>
		<SimpleData name="TREE_NAME">蒲葵</SimpleData>
		<SimpleData name="ROAD">林森路一段中央分隔島</SimpleData>
	</SchemaData></ExtendedData>
      <Point><coordinates>120.216796235434,22.98240382393</coordinates></Point>
  </Placemark>
  <Placemark>
	<ExtendedData><SchemaData schemaUrl="#六區行道樹2021_1">
		<SimpleData name="AREA">東區</SimpleData>
		<SimpleData name="DATE">2019/11/29</SimpleData>
		<SimpleData name="UID">320-03981</SimpleData>
		<SimpleData name="TREE_NAME">蒲葵</SimpleData>
		<SimpleData name="ROAD">林森路一段中央分隔島</SimpleData>
	</SchemaData></ExtendedData>
      <Point><coordinates>120.216767793848,22.9823973622537</coordinates></Point>
  </Placemark>
  <Placemark>
	<ExtendedData><SchemaData schemaUrl="#六區行道樹2021_1">
		<SimpleData name="AREA">東區</SimpleData>
		<SimpleData name="DATE">2019/11/29</SimpleData>
		<SimpleData name="UID">320-03982</SimpleData>
		<SimpleData name="TREE_NAME">蒲葵</SimpleData>
		<SimpleData name="ROAD">林森路一段中央分隔島</SimpleData>
	</SchemaData></ExtendedData>
      <Point><coordinates>120.21673936684,22.9823883721978</coordinates></Point>
  </Placemark>
  <Placemark>
	<ExtendedData><SchemaData schemaUrl="#六區行道樹2021_1">
		<SimpleData name="AREA">東區</SimpleData>
		<SimpleData name="DATE">2019/11/29</SimpleData>
		<SimpleData name="UID">320-03983</SimpleData>
		<SimpleData name="TREE_NAME">蒲葵</SimpleData>
		<SimpleData name="ROAD">林森路一段中央分隔島</SimpleData>
	</SchemaData></ExtendedData>
      <Point><coordinates>120.21671267711,22.9823825512816</coordinates></Point>
  </Placemark>
  <Placemark>
	<ExtendedData><SchemaData schemaUrl="#六區行道樹2021_1">
		<SimpleData name="AREA">東區</SimpleData>
		<SimpleData name="DATE">2019/11/29</SimpleData>
		<SimpleData name="UID">320-03984</SimpleData>
		<SimpleData name="TREE_NAME">蒲葵</SimpleData>
		<SimpleData name="ROAD">林森路一段中央分隔島</SimpleData>
	</SchemaData></ExtendedData>
      <Point><coordinates>120.216680841855,22.9823726413534</coordinates></Point>
  </Placemark>
  <Placemark>
	<ExtendedData><SchemaData schemaUrl="#六區行道樹2021_1">
		<SimpleData name="AREA">東區</SimpleData>
		<SimpleData name="DATE">2019/11/29</SimpleData>
		<SimpleData name="UID">320-03985</SimpleData>
		<SimpleData name="TREE_NAME">蒲葵</SimpleData>
		<SimpleData name="ROAD">林森路一段中央分隔島</SimpleData>
	</SchemaData></ExtendedData>
      <Point><coordinates>120.21662082898,22.9823612376128</coordinates></Point>
  </Placemark>
  <Placemark>
	<ExtendedData><SchemaData schemaUrl="#六區行道樹2021_1">
		<SimpleData name="AREA">東區</SimpleData>
		<SimpleData name="DATE">2019/11/29</SimpleData>
		<SimpleData name="UID">320-03986</SimpleData>
		<SimpleData name="TREE_NAME">蒲葵</SimpleData>
		<SimpleData name="ROAD">林森路一段中央分隔島</SimpleData>
	</SchemaData></ExtendedData>
      <Point><coordinates>120.216586961282,22.9823486085697</coordinates></Point>
  </Placemark>
  <Placemark>
	<ExtendedData><SchemaData schemaUrl="#六區行道樹2021_1">
		<SimpleData name="AREA">東區</SimpleData>
		<SimpleData name="DATE">2019/11/29</SimpleData>
		<SimpleData name="UID">320-03987</SimpleData>
		<SimpleData name="TREE_NAME">蒲葵</SimpleData>
		<SimpleData name="ROAD">林森路一段中央分隔島</SimpleData>
	</SchemaData></ExtendedData>
      <Point><coordinates>120.216559800072,22.9823399859458</coordinates></Point>
  </Placemark>
  <Placemark>
	<ExtendedData><SchemaData schemaUrl="#六區行道樹2021_1">
		<SimpleData name="AREA">東區</SimpleData>
		<SimpleData name="DATE">2019/11/29</SimpleData>
		<SimpleData name="UID">320-03988</SimpleData>
		<SimpleData name="TREE_NAME">蒲葵</SimpleData>
		<SimpleData name="ROAD">林森路一段中央分隔島</SimpleData>
	</SchemaData></ExtendedData>
      <Point><coordinates>120.216529039203,22.9823298103938</coordinates></Point>
  </Placemark>
  <Placemark>
	<ExtendedData><SchemaData schemaUrl="#六區行道樹2021_1">
		<SimpleData name="AREA">東區</SimpleData>
		<SimpleData name="DATE">2019/11/29</SimpleData>
		<SimpleData name="UID">320-03989</SimpleData>
		<SimpleData name="TREE_NAME">蒲葵</SimpleData>
		<SimpleData name="ROAD">林森路一段中央分隔島</SimpleData>
	</SchemaData></ExtendedData>
      <Point><coordinates>120.216490460522,22.9823223052356</coordinates></Point>
  </Placemark>
  <Placemark>
	<ExtendedData><SchemaData schemaUrl="#六區行道樹2021_1">
		<SimpleData name="AREA">東區</SimpleData>
		<SimpleData name="DATE">2019/11/29</SimpleData>
		<SimpleData name="UID">320-03990</SimpleData>
		<SimpleData name="TREE_NAME">蒲葵</SimpleData>
		<SimpleData name="ROAD">林森路一段中央分隔島</SimpleData>
	</SchemaData></ExtendedData>
      <Point><coordinates>120.216442953069,22.9823071705834</coordinates></Point>
  </Placemark>
  <Placemark>
	<ExtendedData><SchemaData schemaUrl="#六區行道樹2021_1">
		<SimpleData name="AREA">東區</SimpleData>
		<SimpleData name="DATE">2019/11/29</SimpleData>
		<SimpleData name="UID">320-03991</SimpleData>
		<SimpleData name="TREE_NAME">蒲葵</SimpleData>
		<SimpleData name="ROAD">林森路一段中央分隔島</SimpleData>
	</SchemaData></ExtendedData>
      <Point><coordinates>120.21640896548,22.9822984238815</coordinates></Point>
  </Placemark>
  <Placemark>
	<ExtendedData><SchemaData schemaUrl="#六區行道樹2021_1">
		<SimpleData name="AREA">東區</SimpleData>
		<SimpleData name="DATE">2019/11/29</SimpleData>
		<SimpleData name="UID">320-03992</SimpleData>
		<SimpleData name="TREE_NAME">蒲葵</SimpleData>
		<SimpleData name="ROAD">林森路一段中央分隔島</SimpleData>
	</SchemaData></ExtendedData>
      <Point><coordinates>120.216379406211,22.9822828361424</coordinates></Point>
  </Placemark>
  <Placemark>
	<ExtendedData><SchemaData schemaUrl="#六區行道樹2021_1">
		<SimpleData name="AREA">東區</SimpleData>
		<SimpleData name="DATE">2019/11/29</SimpleData>
		<SimpleData name="UID">320-03993</SimpleData>
		<SimpleData name="TREE_NAME">蒲葵</SimpleData>
		<SimpleData name="ROAD">林森路一段中央分隔島</SimpleData>
	</SchemaData></ExtendedData>
      <Point><coordinates>120.216312214402,22.9822648047682</coordinates></Point>
  </Placemark>
  <Placemark>
	<ExtendedData><SchemaData schemaUrl="#六區行道樹2021_1">
		<SimpleData name="AREA">東區</SimpleData>
		<SimpleData name="DATE">2019/11/29</SimpleData>
		<SimpleData name="UID">320-03994</SimpleData>
		<SimpleData name="TREE_NAME">蒲葵</SimpleData>
		<SimpleData name="ROAD">林森路一段中央分隔島</SimpleData>
	</SchemaData></ExtendedData>
      <Point><coordinates>120.216282592123,22.9822601432005</coordinates></Point>
  </Placemark>
  <Placemark>
	<ExtendedData><SchemaData schemaUrl="#六區行道樹2021_1">
		<SimpleData name="AREA">東區</SimpleData>
		<SimpleData name="DATE">2019/11/29</SimpleData>
		<SimpleData name="UID">320-03995</SimpleData>
		<SimpleData name="TREE_NAME">華盛頓椰子</SimpleData>
		<SimpleData name="ROAD">林森路一段中央分隔島</SimpleData>
	</SchemaData></ExtendedData>
      <Point><coordinates>120.216248125255,22.9822499492679</coordinates></Point>
  </Placemark>
  <Placemark>
	<ExtendedData><SchemaData schemaUrl="#六區行道樹2021_1">
		<SimpleData name="AREA">東區</SimpleData>
		<SimpleData name="DATE">2019/11/29</SimpleData>
		<SimpleData name="UID">320-03996</SimpleData>
		<SimpleData name="TREE_NAME">華盛頓椰子</SimpleData>
		<SimpleData name="ROAD">林森路一段中央分隔島</SimpleData>
	</SchemaData></ExtendedData>
      <Point><coordinates>120.215758138084,22.9821478323066</coordinates></Point>
  </Placemark>
  <Placemark>
	<ExtendedData><SchemaData schemaUrl="#六區行道樹2021_1">
		<SimpleData name="AREA">東區</SimpleData>
		<SimpleData name="DATE">2019/11/29</SimpleData>
		<SimpleData name="UID">320-03997</SimpleData>
		<SimpleData name="TREE_NAME">華盛頓椰子</SimpleData>
		<SimpleData name="ROAD">林森路一段中央分隔島</SimpleData>
	</SchemaData></ExtendedData>
      <Point><coordinates>120.215727084742,22.9821376551537</coordinates></Point>
  </Placemark>
  <Placemark>
	<ExtendedData><SchemaData schemaUrl="#六區行道樹2021_1">
		<SimpleData name="AREA">東區</SimpleData>
		<SimpleData name="DATE">2019/11/29</SimpleData>
		<SimpleData name="UID">320-03998</SimpleData>
		<SimpleData name="TREE_NAME">華盛頓椰子</SimpleData>
		<SimpleData name="ROAD">林森路一段中央分隔島</SimpleData>
	</SchemaData></ExtendedData>
      <Point><coordinates>120.215700663712,22.9821359892745</coordinates></Point>
  </Placemark>
  <Placemark>
	<ExtendedData><SchemaData schemaUrl="#六區行道樹2021_1">
		<SimpleData name="AREA">東區</SimpleData>
		<SimpleData name="DATE">2019/11/29</SimpleData>
		<SimpleData name="UID">320-03999</SimpleData>
		<SimpleData name="TREE_NAME">華盛頓椰子</SimpleData>
		<SimpleData name="ROAD">林森路一段中央分隔島</SimpleData>
	</SchemaData></ExtendedData>
      <Point><coordinates>120.215674563415,22.9821294486892</coordinates></Point>
  </Placemark>
  <Placemark>
	<ExtendedData><SchemaData schemaUrl="#六區行道樹2021_1">
		<SimpleData name="AREA">東區</SimpleData>
		<SimpleData name="DATE">2019/11/29</SimpleData>
		<SimpleData name="UID">320-04000</SimpleData>
		<SimpleData name="TREE_NAME">華盛頓椰子</SimpleData>
		<SimpleData name="ROAD">林森路一段中央分隔島</SimpleData>
	</SchemaData></ExtendedData>
      <Point><coordinates>120.215649141641,22.9821236338709</coordinates></Point>
  </Placemark>
  <Placemark>
	<ExtendedData><SchemaData schemaUrl="#六區行道樹2021_1">
		<SimpleData name="AREA">東區</SimpleData>
		<SimpleData name="DATE">2019/11/29</SimpleData>
		<SimpleData name="UID">320-04001</SimpleData>
		<SimpleData name="TREE_NAME">華盛頓椰子</SimpleData>
		<SimpleData name="ROAD">林森路一段中央分隔島</SimpleData>
	</SchemaData></ExtendedData>
      <Point><coordinates>120.215614727551,22.9821212060052</coordinates></Point>
  </Placemark>
  <Placemark>
	<ExtendedData><SchemaData schemaUrl="#六區行道樹2021_1">
		<SimpleData name="AREA">東區</SimpleData>
		<SimpleData name="DATE">2019/11/29</SimpleData>
		<SimpleData name="UID">320-04002</SimpleData>
		<SimpleData name="TREE_NAME">華盛頓椰子</SimpleData>
		<SimpleData name="ROAD">林森路一段中央分隔島</SimpleData>
	</SchemaData></ExtendedData>
      <Point><coordinates>120.215578652892,22.9821192214212</coordinates></Point>
  </Placemark>
  <Placemark>
	<ExtendedData><SchemaData schemaUrl="#六區行道樹2021_1">
		<SimpleData name="AREA">東區</SimpleData>
		<SimpleData name="DATE">2019/11/29</SimpleData>
		<SimpleData name="UID">320-04003</SimpleData>
		<SimpleData name="TREE_NAME">華盛頓椰子</SimpleData>
		<SimpleData name="ROAD">林森路一段中央分隔島</SimpleData>
	</SchemaData></ExtendedData>
      <Point><coordinates>120.215542066065,22.982104592063</coordinates></Point>
  </Placemark>
  <Placemark>
	<ExtendedData><SchemaData schemaUrl="#六區行道樹2021_1">
		<SimpleData name="AREA">東區</SimpleData>
		<SimpleData name="DATE">2019/11/29</SimpleData>
		<SimpleData name="UID">320-04004</SimpleData>
		<SimpleData name="TREE_NAME">華盛頓椰子</SimpleData>
		<SimpleData name="ROAD">林森路一段中央分隔島</SimpleData>
	</SchemaData></ExtendedData>
      <Point><coordinates>120.215503490639,22.9820965448732</coordinates></Point>
  </Placemark>
  <Placemark>
	<ExtendedData><SchemaData schemaUrl="#六區行道樹2021_1">
		<SimpleData name="AREA">東區</SimpleData>
		<SimpleData name="DATE">2019/11/29</SimpleData>
		<SimpleData name="UID">320-04005</SimpleData>
		<SimpleData name="TREE_NAME">華盛頓椰子</SimpleData>
		<SimpleData name="ROAD">林森路一段中央分隔島</SimpleData>
	</SchemaData></ExtendedData>
      <Point><coordinates>120.215475385045,22.9820825895939</coordinates></Point>
  </Placemark>
  <Placemark>
	<ExtendedData><SchemaData schemaUrl="#六區行道樹2021_1">
		<SimpleData name="AREA">東區</SimpleData>
		<SimpleData name="DATE">2019/11/29</SimpleData>
		<SimpleData name="UID">320-04006</SimpleData>
		<SimpleData name="TREE_NAME">華盛頓椰子</SimpleData>
		<SimpleData name="ROAD">林森路一段中央分隔島</SimpleData>
	</SchemaData></ExtendedData>
      <Point><coordinates>120.215441981179,22.9820741164815</coordinates></Point>
  </Placemark>
  <Placemark>
	<ExtendedData><SchemaData schemaUrl="#六區行道樹2021_1">
		<SimpleData name="AREA">東區</SimpleData>
		<SimpleData name="DATE">2019/11/29</SimpleData>
		<SimpleData name="UID">320-04007</SimpleData>
		<SimpleData name="TREE_NAME">華盛頓椰子</SimpleData>
		<SimpleData name="ROAD">林森路一段中央分隔島</SimpleData>
	</SchemaData></ExtendedData>
      <Point><coordinates>120.215403414633,22.9820645341836</coordinates></Point>
  </Placemark>
  <Placemark>
	<ExtendedData><SchemaData schemaUrl="#六區行道樹2021_1">
		<SimpleData name="AREA">東區</SimpleData>
		<SimpleData name="DATE">2019/11/29</SimpleData>
		<SimpleData name="UID">320-04008</SimpleData>
		<SimpleData name="TREE_NAME">華盛頓椰子</SimpleData>
		<SimpleData name="ROAD">林森路一段中央分隔島</SimpleData>
	</SchemaData></ExtendedData>
      <Point><coordinates>120.215368053453,22.982057225287</coordinates></Point>
  </Placemark>
  <Placemark>
	<ExtendedData><SchemaData schemaUrl="#六區行道樹2021_1">
		<SimpleData name="AREA">東區</SimpleData>
		<SimpleData name="DATE">2019/11/29</SimpleData>
		<SimpleData name="UID">320-04009</SimpleData>
		<SimpleData name="TREE_NAME">華盛頓椰子</SimpleData>
		<SimpleData name="ROAD">林森路一段中央分隔島</SimpleData>
	</SchemaData></ExtendedData>
      <Point><coordinates>120.215330274958,22.9820462923484</coordinates></Point>
  </Placemark>
  <Placemark>
	<ExtendedData><SchemaData schemaUrl="#六區行道樹2021_1">
		<SimpleData name="AREA">東區</SimpleData>
		<SimpleData name="DATE">2019/11/29</SimpleData>
		<SimpleData name="UID">320-04010</SimpleData>
		<SimpleData name="TREE_NAME">華盛頓椰子</SimpleData>
		<SimpleData name="ROAD">林森路一段中央分隔島</SimpleData>
	</SchemaData></ExtendedData>
      <Point><coordinates>120.215292168422,22.9820414982885</coordinates></Point>
  </Placemark>
  <Placemark>
	<ExtendedData><SchemaData schemaUrl="#六區行道樹2021_1">
		<SimpleData name="AREA">東區</SimpleData>
		<SimpleData name="DATE">2019/11/29</SimpleData>
		<SimpleData name="UID">320-04011</SimpleData>
		<SimpleData name="TREE_NAME">華盛頓椰子</SimpleData>
		<SimpleData name="ROAD">林森路一段中央分隔島</SimpleData>
	</SchemaData></ExtendedData>
      <Point><coordinates>120.215250358993,22.9820192576666</coordinates></Point>
  </Placemark>
  <Placemark>
	<ExtendedData><SchemaData schemaUrl="#六區行道樹2021_1">
		<SimpleData name="AREA">東區</SimpleData>
		<SimpleData name="DATE">2019/11/29</SimpleData>
		<SimpleData name="UID">320-04012</SimpleData>
		<SimpleData name="TREE_NAME">華盛頓椰子</SimpleData>
		<SimpleData name="ROAD">林森路一段中央分隔島</SimpleData>
	</SchemaData></ExtendedData>
      <Point><coordinates>120.215213089019,22.9820047151526</coordinates></Point>
  </Placemark>
  <Placemark>
	<ExtendedData><SchemaData schemaUrl="#六區行道樹2021_1">
		<SimpleData name="AREA">東區</SimpleData>
		<SimpleData name="DATE">2019/11/29</SimpleData>
		<SimpleData name="UID">320-04013</SimpleData>
		<SimpleData name="TREE_NAME">華盛頓椰子</SimpleData>
		<SimpleData name="ROAD">林森路一段中央分隔島</SimpleData>
	</SchemaData></ExtendedData>
      <Point><coordinates>120.215181355671,22.9819940830187</coordinates></Point>
  </Placemark>
  <Placemark>
	<ExtendedData><SchemaData schemaUrl="#六區行道樹2021_1">
		<SimpleData name="AREA">東區</SimpleData>
		<SimpleData name="DATE">2019/11/29</SimpleData>
		<SimpleData name="UID">320-04014</SimpleData>
		<SimpleData name="TREE_NAME">華盛頓椰子</SimpleData>
		<SimpleData name="ROAD">林森路一段中央分隔島</SimpleData>
	</SchemaData></ExtendedData>
      <Point><coordinates>120.215147276981,22.9819842519785</coordinates></Point>
  </Placemark>
  <Placemark>
	<ExtendedData><SchemaData schemaUrl="#六區行道樹2021_1">
		<SimpleData name="AREA">東區</SimpleData>
		<SimpleData name="DATE">2019/11/29</SimpleData>
		<SimpleData name="UID">320-04015</SimpleData>
		<SimpleData name="TREE_NAME">華盛頓椰子</SimpleData>
		<SimpleData name="ROAD">林森路一段中央分隔島</SimpleData>
	</SchemaData></ExtendedData>
      <Point><coordinates>120.215036479947,22.981951014045</coordinates></Point>
  </Placemark>
  <Placemark>
	<ExtendedData><SchemaData schemaUrl="#六區行道樹2021_1">
		<SimpleData name="AREA">東區</SimpleData>
		<SimpleData name="DATE">2019/11/29</SimpleData>
		<SimpleData name="UID">320-04016</SimpleData>
		<SimpleData name="TREE_NAME">華盛頓椰子</SimpleData>
		<SimpleData name="ROAD">林森路一段中央分隔島</SimpleData>
	</SchemaData></ExtendedData>
      <Point><coordinates>120.215002123307,22.9819386531513</coordinates></Point>
  </Placemark>
  <Placemark>
	<ExtendedData><SchemaData schemaUrl="#六區行道樹2021_1">
		<SimpleData name="AREA">東區</SimpleData>
		<SimpleData name="DATE">2019/11/29</SimpleData>
		<SimpleData name="UID">320-04017</SimpleData>
		<SimpleData name="TREE_NAME">華盛頓椰子</SimpleData>
		<SimpleData name="ROAD">林森路一段中央分隔島</SimpleData>
	</SchemaData></ExtendedData>
      <Point><coordinates>120.21496963169,22.9819242245508</coordinates></Point>
  </Placemark>
  <Placemark>
	<ExtendedData><SchemaData schemaUrl="#六區行道樹2021_1">
		<SimpleData name="AREA">東區</SimpleData>
		<SimpleData name="DATE">2019/11/29</SimpleData>
		<SimpleData name="UID">320-04018</SimpleData>
		<SimpleData name="TREE_NAME">華盛頓椰子</SimpleData>
		<SimpleData name="ROAD">林森路一段中央分隔島</SimpleData>
	</SchemaData></ExtendedData>
      <Point><coordinates>120.214938378189,22.9819149492705</coordinates></Point>
  </Placemark>
  <Placemark>
	<ExtendedData><SchemaData schemaUrl="#六區行道樹2021_1">
		<SimpleData name="AREA">東區</SimpleData>
		<SimpleData name="DATE">2019/11/29</SimpleData>
		<SimpleData name="UID">320-04019</SimpleData>
		<SimpleData name="TREE_NAME">華盛頓椰子</SimpleData>
		<SimpleData name="ROAD">林森路一段中央分隔島</SimpleData>
	</SchemaData></ExtendedData>
      <Point><coordinates>120.214894443563,22.981906062672</coordinates></Point>
  </Placemark>
  <Placemark>
	<ExtendedData><SchemaData schemaUrl="#六區行道樹2021_1">
		<SimpleData name="AREA">東區</SimpleData>
		<SimpleData name="DATE">2019/11/29</SimpleData>
		<SimpleData name="UID">320-04020</SimpleData>
		<SimpleData name="TREE_NAME">華盛頓椰子</SimpleData>
		<SimpleData name="ROAD">林森路一段中央分隔島</SimpleData>
	</SchemaData></ExtendedData>
      <Point><coordinates>120.214882219174,22.981945554232</coordinates></Point>
  </Placemark>
  <Placemark>
	<ExtendedData><SchemaData schemaUrl="#六區行道樹2021_1">
		<SimpleData name="AREA">東區</SimpleData>
		<SimpleData name="DATE">2019/11/29</SimpleData>
		<SimpleData name="UID">320-04021</SimpleData>
		<SimpleData name="TREE_NAME">華盛頓椰子</SimpleData>
		<SimpleData name="ROAD">林森路一段中央分隔島</SimpleData>
	</SchemaData></ExtendedData>
      <Point><coordinates>120.214933485044,22.9819515874981</coordinates></Point>
  </Placemark>
  <Placemark>
	<ExtendedData><SchemaData schemaUrl="#六區行道樹2021_1">
		<SimpleData name="AREA">東區</SimpleData>
		<SimpleData name="DATE">2019/11/29</SimpleData>
		<SimpleData name="UID">320-04022</SimpleData>
		<SimpleData name="TREE_NAME">華盛頓椰子</SimpleData>
		<SimpleData name="ROAD">林森路一段中央分隔島</SimpleData>
	</SchemaData></ExtendedData>
      <Point><coordinates>120.214965151618,22.9819568915534</coordinates></Point>
  </Placemark>
  <Placemark>
	<ExtendedData><SchemaData schemaUrl="#六區行道樹2021_1">
		<SimpleData name="AREA">東區</SimpleData>
		<SimpleData name="DATE">2019/11/29</SimpleData>
		<SimpleData name="UID">320-04023</SimpleData>
		<SimpleData name="TREE_NAME">華盛頓椰子</SimpleData>
		<SimpleData name="ROAD">林森路一段中央分隔島</SimpleData>
	</SchemaData></ExtendedData>
      <Point><coordinates>120.214990086736,22.9819625234664</coordinates></Point>
  </Placemark>
  <Placemark>
	<ExtendedData><SchemaData schemaUrl="#六區行道樹2021_1">
		<SimpleData name="AREA">東區</SimpleData>
		<SimpleData name="DATE">2019/11/29</SimpleData>
		<SimpleData name="UID">320-04024</SimpleData>
		<SimpleData name="TREE_NAME">華盛頓椰子</SimpleData>
		<SimpleData name="ROAD">林森路一段中央分隔島</SimpleData>
	</SchemaData></ExtendedData>
      <Point><coordinates>120.215021151457,22.981970714182</coordinates></Point>
  </Placemark>
  <Placemark>
	<ExtendedData><SchemaData schemaUrl="#六區行道樹2021_1">
		<SimpleData name="AREA">東區</SimpleData>
		<SimpleData name="DATE">2019/11/29</SimpleData>
		<SimpleData name="UID">320-04025</SimpleData>
		<SimpleData name="TREE_NAME">華盛頓椰子</SimpleData>
		<SimpleData name="ROAD">林森路一段中央分隔島</SimpleData>
	</SchemaData></ExtendedData>
      <Point><coordinates>120.215067147718,22.9819941495213</coordinates></Point>
  </Placemark>
  <Placemark>
	<ExtendedData><SchemaData schemaUrl="#六區行道樹2021_1">
		<SimpleData name="AREA">東區</SimpleData>
		<SimpleData name="DATE">2019/11/29</SimpleData>
		<SimpleData name="UID">320-04026</SimpleData>
		<SimpleData name="TREE_NAME">華盛頓椰子</SimpleData>
		<SimpleData name="ROAD">林森路一段中央分隔島</SimpleData>
	</SchemaData></ExtendedData>
      <Point><coordinates>120.215129681904,22.9820080044753</coordinates></Point>
  </Placemark>
  <Placemark>
	<ExtendedData><SchemaData schemaUrl="#六區行道樹2021_1">
		<SimpleData name="AREA">東區</SimpleData>
		<SimpleData name="DATE">2019/11/29</SimpleData>
		<SimpleData name="UID">320-04027</SimpleData>
		<SimpleData name="TREE_NAME">華盛頓椰子</SimpleData>
		<SimpleData name="ROAD">林森路一段中央分隔島</SimpleData>
	</SchemaData></ExtendedData>
      <Point><coordinates>120.215164430247,22.9820200963767</coordinates></Point>
  </Placemark>
  <Placemark>
	<ExtendedData><SchemaData schemaUrl="#六區行道樹2021_1">
		<SimpleData name="AREA">東區</SimpleData>
		<SimpleData name="DATE">2019/11/29</SimpleData>
		<SimpleData name="UID">320-04028</SimpleData>
		<SimpleData name="TREE_NAME">華盛頓椰子</SimpleData>
		<SimpleData name="ROAD">林森路一段中央分隔島</SimpleData>
	</SchemaData></ExtendedData>
      <Point><coordinates>120.215199489435,22.9820290292524</coordinates></Point>
  </Placemark>
  <Placemark>
	<ExtendedData><SchemaData schemaUrl="#六區行道樹2021_1">
		<SimpleData name="AREA">東區</SimpleData>
		<SimpleData name="DATE">2019/11/29</SimpleData>
		<SimpleData name="UID">320-04029</SimpleData>
		<SimpleData name="TREE_NAME">華盛頓椰子</SimpleData>
		<SimpleData name="ROAD">林森路一段中央分隔島</SimpleData>
	</SchemaData></ExtendedData>
      <Point><coordinates>120.215245563462,22.9820390099809</coordinates></Point>
  </Placemark>
  <Placemark>
	<ExtendedData><SchemaData schemaUrl="#六區行道樹2021_1">
		<SimpleData name="AREA">東區</SimpleData>
		<SimpleData name="DATE">2019/11/29</SimpleData>
		<SimpleData name="UID">320-04030</SimpleData>
		<SimpleData name="TREE_NAME">華盛頓椰子</SimpleData>
		<SimpleData name="ROAD">林森路一段中央分隔島</SimpleData>
	</SchemaData></ExtendedData>
      <Point><coordinates>120.214481610787,22.9818366519893</coordinates></Point>
  </Placemark>
  <Placemark>
	<ExtendedData><SchemaData schemaUrl="#六區行道樹2021_1">
		<SimpleData name="AREA">東區</SimpleData>
		<SimpleData name="DATE">2019/11/29</SimpleData>
		<SimpleData name="UID">320-04031</SimpleData>
		<SimpleData name="TREE_NAME">華盛頓椰子</SimpleData>
		<SimpleData name="ROAD">林森路一段中央分隔島</SimpleData>
	</SchemaData></ExtendedData>
      <Point><coordinates>120.214438163441,22.9818109715765</coordinates></Point>
  </Placemark>
  <Placemark>
	<ExtendedData><SchemaData schemaUrl="#六區行道樹2021_1">
		<SimpleData name="AREA">東區</SimpleData>
		<SimpleData name="DATE">2019/11/29</SimpleData>
		<SimpleData name="UID">320-04032</SimpleData>
		<SimpleData name="TREE_NAME">華盛頓椰子</SimpleData>
		<SimpleData name="ROAD">林森路一段中央分隔島</SimpleData>
	</SchemaData></ExtendedData>
      <Point><coordinates>120.214408277995,22.9818012514658</coordinates></Point>
  </Placemark>
  <Placemark>
	<ExtendedData><SchemaData schemaUrl="#六區行道樹2021_1">
		<SimpleData name="AREA">東區</SimpleData>
		<SimpleData name="DATE">2019/11/29</SimpleData>
		<SimpleData name="UID">320-04033</SimpleData>
		<SimpleData name="TREE_NAME">華盛頓椰子</SimpleData>
		<SimpleData name="ROAD">林森路一段中央分隔島</SimpleData>
	</SchemaData></ExtendedData>
      <Point><coordinates>120.21437498433,22.9817906114382</coordinates></Point>
  </Placemark>
  <Placemark>
	<ExtendedData><SchemaData schemaUrl="#六區行道樹2021_1">
		<SimpleData name="AREA">東區</SimpleData>
		<SimpleData name="DATE">2019/11/29</SimpleData>
		<SimpleData name="UID">320-04034</SimpleData>
		<SimpleData name="TREE_NAME">華盛頓椰子</SimpleData>
		<SimpleData name="ROAD">林森路一段中央分隔島</SimpleData>
	</SchemaData></ExtendedData>
      <Point><coordinates>120.21433461193,22.9817728927844</coordinates></Point>
  </Placemark>
  <Placemark>
	<ExtendedData><SchemaData schemaUrl="#六區行道樹2021_1">
		<SimpleData name="AREA">東區</SimpleData>
		<SimpleData name="DATE">2019/11/29</SimpleData>
		<SimpleData name="UID">320-04035</SimpleData>
		<SimpleData name="TREE_NAME">華盛頓椰子</SimpleData>
		<SimpleData name="ROAD">林森路一段中央分隔島</SimpleData>
	</SchemaData></ExtendedData>
      <Point><coordinates>120.21430034092,22.9817626091029</coordinates></Point>
  </Placemark>
  <Placemark>
	<ExtendedData><SchemaData schemaUrl="#六區行道樹2021_1">
		<SimpleData name="AREA">東區</SimpleData>
		<SimpleData name="DATE">2019/11/29</SimpleData>
		<SimpleData name="UID">320-04036</SimpleData>
		<SimpleData name="TREE_NAME">華盛頓椰子</SimpleData>
		<SimpleData name="ROAD">林森路一段中央分隔島</SimpleData>
	</SchemaData></ExtendedData>
      <Point><coordinates>120.214265171806,22.9817558427251</coordinates></Point>
  </Placemark>
  <Placemark>
	<ExtendedData><SchemaData schemaUrl="#六區行道樹2021_1">
		<SimpleData name="AREA">東區</SimpleData>
		<SimpleData name="DATE">2019/11/29</SimpleData>
		<SimpleData name="UID">320-04037</SimpleData>
		<SimpleData name="TREE_NAME">華盛頓椰子</SimpleData>
		<SimpleData name="ROAD">林森路一段中央分隔島</SimpleData>
	</SchemaData></ExtendedData>
      <Point><coordinates>120.214236965756,22.9817424285417</coordinates></Point>
  </Placemark>
  <Placemark>
	<ExtendedData><SchemaData schemaUrl="#六區行道樹2021_1">
		<SimpleData name="AREA">東區</SimpleData>
		<SimpleData name="DATE">2019/11/29</SimpleData>
		<SimpleData name="UID">320-04038</SimpleData>
		<SimpleData name="TREE_NAME">樹頭</SimpleData>
		<SimpleData name="ROAD">林森路一段中央分隔島</SimpleData>
	</SchemaData></ExtendedData>
      <Point><coordinates>120.214210311264,22.9817305571742</coordinates></Point>
  </Placemark>
  <Placemark>
	<ExtendedData><SchemaData schemaUrl="#六區行道樹2021_1">
		<SimpleData name="AREA">東區</SimpleData>
		<SimpleData name="DATE">2019/11/29</SimpleData>
		<SimpleData name="UID">320-04039</SimpleData>
		<SimpleData name="TREE_NAME">華盛頓椰子</SimpleData>
		<SimpleData name="ROAD">林森路一段中央分隔島</SimpleData>
	</SchemaData></ExtendedData>
      <Point><coordinates>120.214170389457,22.9817192521293</coordinates></Point>
  </Placemark>
  <Placemark>
	<ExtendedData><SchemaData schemaUrl="#六區行道樹2021_1">
		<SimpleData name="AREA">東區</SimpleData>
		<SimpleData name="DATE">2019/11/29</SimpleData>
		<SimpleData name="UID">320-04040</SimpleData>
		<SimpleData name="TREE_NAME">華盛頓椰子</SimpleData>
		<SimpleData name="ROAD">林森路一段中央分隔島</SimpleData>
	</SchemaData></ExtendedData>
      <Point><coordinates>120.214128107686,22.9817112765325</coordinates></Point>
  </Placemark>
  <Placemark>
	<ExtendedData><SchemaData schemaUrl="#六區行道樹2021_1">
		<SimpleData name="AREA">東區</SimpleData>
		<SimpleData name="DATE">2019/11/29</SimpleData>
		<SimpleData name="UID">320-04041</SimpleData>
		<SimpleData name="TREE_NAME">華盛頓椰子</SimpleData>
		<SimpleData name="ROAD">林森路一段中央分隔島</SimpleData>
	</SchemaData></ExtendedData>
      <Point><coordinates>120.214094819812,22.9816996431577</coordinates></Point>
  </Placemark>
  <Placemark>
	<ExtendedData><SchemaData schemaUrl="#六區行道樹2021_1">
		<SimpleData name="AREA">東區</SimpleData>
		<SimpleData name="DATE">2019/11/29</SimpleData>
		<SimpleData name="UID">320-04042</SimpleData>
		<SimpleData name="TREE_NAME">華盛頓椰子</SimpleData>
		<SimpleData name="ROAD">林森路一段中央分隔島</SimpleData>
	</SchemaData></ExtendedData>
      <Point><coordinates>120.214056175278,22.9816867189889</coordinates></Point>
  </Placemark>
  <Placemark>
	<ExtendedData><SchemaData schemaUrl="#六區行道樹2021_1">
		<SimpleData name="AREA">東區</SimpleData>
		<SimpleData name="DATE">2019/11/29</SimpleData>
		<SimpleData name="UID">320-04043</SimpleData>
		<SimpleData name="TREE_NAME">空樹穴</SimpleData>
		<SimpleData name="ROAD">林森路一段中央分隔島</SimpleData>
	</SchemaData></ExtendedData>
      <Point><coordinates>120.214012237656,22.9816783739434</coordinates></Point>
  </Placemark>
  <Placemark>
	<ExtendedData><SchemaData schemaUrl="#六區行道樹2021_1">
		<SimpleData name="AREA">東區</SimpleData>
		<SimpleData name="DATE">2019/11/29</SimpleData>
		<SimpleData name="UID">320-04044</SimpleData>
		<SimpleData name="TREE_NAME">華盛頓椰子</SimpleData>
		<SimpleData name="ROAD">林森路一段中央分隔島</SimpleData>
	</SchemaData></ExtendedData>
      <Point><coordinates>120.21397073769,22.9816701312775</coordinates></Point>
  </Placemark>
  <Placemark>
	<ExtendedData><SchemaData schemaUrl="#六區行道樹2021_1">
		<SimpleData name="AREA">東區</SimpleData>
		<SimpleData name="DATE">2019/11/29</SimpleData>
		<SimpleData name="UID">320-04045</SimpleData>
		<SimpleData name="TREE_NAME">華盛頓椰子</SimpleData>
		<SimpleData name="ROAD">林森路一段中央分隔島</SimpleData>
	</SchemaData></ExtendedData>
      <Point><coordinates>120.213930842045,22.9816543112213</coordinates></Point>
  </Placemark>
  <Placemark>
	<ExtendedData><SchemaData schemaUrl="#六區行道樹2021_1">
		<SimpleData name="AREA">東區</SimpleData>
		<SimpleData name="DATE">2019/11/29</SimpleData>
		<SimpleData name="UID">320-04046</SimpleData>
		<SimpleData name="TREE_NAME">華盛頓椰子</SimpleData>
		<SimpleData name="ROAD">林森路一段中央分隔島</SimpleData>
	</SchemaData></ExtendedData>
      <Point><coordinates>120.213894989769,22.9816476316755</coordinates></Point>
  </Placemark>
  <Placemark>
	<ExtendedData><SchemaData schemaUrl="#六區行道樹2021_1">
		<SimpleData name="AREA">東區</SimpleData>
		<SimpleData name="DATE">2019/11/29</SimpleData>
		<SimpleData name="UID">320-04047</SimpleData>
		<SimpleData name="TREE_NAME">華盛頓椰子</SimpleData>
		<SimpleData name="ROAD">林森路一段中央分隔島</SimpleData>
	</SchemaData></ExtendedData>
      <Point><coordinates>120.213862105103,22.9816337427118</coordinates></Point>
  </Placemark>
  <Placemark>
	<ExtendedData><SchemaData schemaUrl="#六區行道樹2021_1">
		<SimpleData name="AREA">東區</SimpleData>
		<SimpleData name="DATE">2019/11/29</SimpleData>
		<SimpleData name="UID">320-04048</SimpleData>
		<SimpleData name="TREE_NAME">華盛頓椰子</SimpleData>
		<SimpleData name="ROAD">林森路一段中央分隔島</SimpleData>
	</SchemaData></ExtendedData>
      <Point><coordinates>120.2138085761,22.981614333235</coordinates></Point>
  </Placemark>
  <Placemark>
	<ExtendedData><SchemaData schemaUrl="#六區行道樹2021_1">
		<SimpleData name="AREA">東區</SimpleData>
		<SimpleData name="DATE">2019/11/29</SimpleData>
		<SimpleData name="UID">320-04049</SimpleData>
		<SimpleData name="TREE_NAME">華盛頓椰子</SimpleData>
		<SimpleData name="ROAD">林森路一段中央分隔島</SimpleData>
	</SchemaData></ExtendedData>
      <Point><coordinates>120.213771784107,22.9816015084893</coordinates></Point>
  </Placemark>
  <Placemark>
	<ExtendedData><SchemaData schemaUrl="#六區行道樹2021_1">
		<SimpleData name="AREA">東區</SimpleData>
		<SimpleData name="DATE">2019/11/29</SimpleData>
		<SimpleData name="UID">320-04050</SimpleData>
		<SimpleData name="TREE_NAME">華盛頓椰子</SimpleData>
		<SimpleData name="ROAD">林森路一段中央分隔島</SimpleData>
	</SchemaData></ExtendedData>
      <Point><coordinates>120.213717830533,22.9815880567835</coordinates></Point>
  </Placemark>
  <Placemark>
	<ExtendedData><SchemaData schemaUrl="#六區行道樹2021_1">
		<SimpleData name="AREA">東區</SimpleData>
		<SimpleData name="DATE">2019/11/29</SimpleData>
		<SimpleData name="UID">320-04051</SimpleData>
		<SimpleData name="TREE_NAME">華盛頓椰子</SimpleData>
		<SimpleData name="ROAD">林森路一段中央分隔島</SimpleData>
	</SchemaData></ExtendedData>
      <Point><coordinates>120.213682001281,22.9815774040327</coordinates></Point>
  </Placemark>
  <Placemark>
	<ExtendedData><SchemaData schemaUrl="#六區行道樹2021_1">
		<SimpleData name="AREA">東區</SimpleData>
		<SimpleData name="DATE">2019/11/29</SimpleData>
		<SimpleData name="UID">320-04052</SimpleData>
		<SimpleData name="TREE_NAME">華盛頓椰子</SimpleData>
		<SimpleData name="ROAD">林森路一段中央分隔島</SimpleData>
	</SchemaData></ExtendedData>
      <Point><coordinates>120.213650474191,22.9815648762858</coordinates></Point>
  </Placemark>
  <Placemark>
	<ExtendedData><SchemaData schemaUrl="#六區行道樹2021_1">
		<SimpleData name="AREA">東區</SimpleData>
		<SimpleData name="DATE">2019/11/29</SimpleData>
		<SimpleData name="UID">320-04053</SimpleData>
		<SimpleData name="TREE_NAME">華盛頓椰子</SimpleData>
		<SimpleData name="ROAD">林森路一段中央分隔島</SimpleData>
	</SchemaData></ExtendedData>
      <Point><coordinates>120.2136174795,22.9815531539653</coordinates></Point>
  </Placemark>
  <Placemark>
	<ExtendedData><SchemaData schemaUrl="#六區行道樹2021_1">
		<SimpleData name="AREA">東區</SimpleData>
		<SimpleData name="DATE">2019/11/29</SimpleData>
		<SimpleData name="UID">320-04054</SimpleData>
		<SimpleData name="TREE_NAME">華盛頓椰子</SimpleData>
		<SimpleData name="ROAD">林森路一段中央分隔島</SimpleData>
	</SchemaData></ExtendedData>
      <Point><coordinates>120.213576478732,22.9815429270387</coordinates></Point>
  </Placemark>
  <Placemark>
	<ExtendedData><SchemaData schemaUrl="#六區行道樹2021_1">
		<SimpleData name="AREA">東區</SimpleData>
		<SimpleData name="DATE">2019/11/29</SimpleData>
		<SimpleData name="UID">320-04055</SimpleData>
		<SimpleData name="TREE_NAME">華盛頓椰子</SimpleData>
		<SimpleData name="ROAD">林森路一段中央分隔島</SimpleData>
	</SchemaData></ExtendedData>
      <Point><coordinates>120.213542180662,22.9815373387457</coordinates></Point>
  </Placemark>
  <Placemark>
	<ExtendedData><SchemaData schemaUrl="#六區行道樹2021_1">
		<SimpleData name="AREA">東區</SimpleData>
		<SimpleData name="DATE">2019/11/29</SimpleData>
		<SimpleData name="UID">320-04056</SimpleData>
		<SimpleData name="TREE_NAME">華盛頓椰子</SimpleData>
		<SimpleData name="ROAD">林森路一段中央分隔島</SimpleData>
	</SchemaData></ExtendedData>
      <Point><coordinates>120.213518166815,22.9815242161447</coordinates></Point>
  </Placemark>
  <Placemark>
	<ExtendedData><SchemaData schemaUrl="#六區行道樹2021_1">
		<SimpleData name="AREA">東區</SimpleData>
		<SimpleData name="DATE">2019/11/29</SimpleData>
		<SimpleData name="UID">320-04057</SimpleData>
		<SimpleData name="TREE_NAME">華盛頓椰子</SimpleData>
		<SimpleData name="ROAD">林森路一段中央分隔島</SimpleData>
	</SchemaData></ExtendedData>
      <Point><coordinates>120.213473558619,22.9815137906866</coordinates></Point>
  </Placemark>
  <Placemark>
	<ExtendedData><SchemaData schemaUrl="#六區行道樹2021_1">
		<SimpleData name="AREA">東區</SimpleData>
		<SimpleData name="DATE">2019/11/29</SimpleData>
		<SimpleData name="UID">320-04058</SimpleData>
		<SimpleData name="TREE_NAME">華盛頓椰子</SimpleData>
		<SimpleData name="ROAD">林森路一段中央分隔島</SimpleData>
	</SchemaData></ExtendedData>
      <Point><coordinates>120.213439699286,22.981499806498</coordinates></Point>
  </Placemark>
  <Placemark>
	<ExtendedData><SchemaData schemaUrl="#六區行道樹2021_1">
		<SimpleData name="AREA">東區</SimpleData>
		<SimpleData name="DATE">2019/11/29</SimpleData>
		<SimpleData name="UID">320-04059</SimpleData>
		<SimpleData name="TREE_NAME">華盛頓椰子</SimpleData>
		<SimpleData name="ROAD">林森路一段中央分隔島</SimpleData>
	</SchemaData></ExtendedData>
      <Point><coordinates>120.213415188412,22.9814883068442</coordinates></Point>
  </Placemark>
  <Placemark>
	<ExtendedData><SchemaData schemaUrl="#六區行道樹2021_1">
		<SimpleData name="AREA">東區</SimpleData>
		<SimpleData name="DATE">2019/11/29</SimpleData>
		<SimpleData name="UID">320-04060</SimpleData>
		<SimpleData name="TREE_NAME">空樹穴</SimpleData>
		<SimpleData name="ROAD">林森路一段中央分隔島</SimpleData>
	</SchemaData></ExtendedData>
      <Point><coordinates>120.213366119625,22.9814734344381</coordinates></Point>
  </Placemark>
  <Placemark>
	<ExtendedData><SchemaData schemaUrl="#六區行道樹2021_1">
		<SimpleData name="AREA">東區</SimpleData>
		<SimpleData name="DATE">2019/11/29</SimpleData>
		<SimpleData name="UID">320-04061</SimpleData>
		<SimpleData name="TREE_NAME">空樹穴</SimpleData>
		<SimpleData name="ROAD">林森路一段中央分隔島</SimpleData>
	</SchemaData></ExtendedData>
      <Point><coordinates>120.213338098323,22.9814618270471</coordinates></Point>
  </Placemark>
  <Placemark>
	<ExtendedData><SchemaData schemaUrl="#六區行道樹2021_1">
		<SimpleData name="AREA">東區</SimpleData>
		<SimpleData name="DATE">2019/11/29</SimpleData>
		<SimpleData name="UID">320-04062</SimpleData>
		<SimpleData name="TREE_NAME">華盛頓椰子</SimpleData>
		<SimpleData name="ROAD">林森路一段中央分隔島</SimpleData>
	</SchemaData></ExtendedData>
      <Point><coordinates>120.213313104014,22.9814496025653</coordinates></Point>
  </Placemark>
  <Placemark>
	<ExtendedData><SchemaData schemaUrl="#六區行道樹2021_1">
		<SimpleData name="AREA">東區</SimpleData>
		<SimpleData name="DATE">2019/11/29</SimpleData>
		<SimpleData name="UID">320-04063</SimpleData>
		<SimpleData name="TREE_NAME">華盛頓椰子</SimpleData>
		<SimpleData name="ROAD">林森路一段中央分隔島</SimpleData>
	</SchemaData></ExtendedData>
      <Point><coordinates>120.213246923632,22.9814423208214</coordinates></Point>
  </Placemark>
  <Placemark>
	<ExtendedData><SchemaData schemaUrl="#六區行道樹2021_1">
		<SimpleData name="AREA">東區</SimpleData>
		<SimpleData name="DATE">2019/11/29</SimpleData>
		<SimpleData name="UID">320-04064</SimpleData>
		<SimpleData name="TREE_NAME">華盛頓椰子</SimpleData>
		<SimpleData name="ROAD">林森路一段中央分隔島</SimpleData>
	</SchemaData></ExtendedData>
      <Point><coordinates>120.21319209976,22.9814276003958</coordinates></Point>
  </Placemark>
  <Placemark>
	<ExtendedData><SchemaData schemaUrl="#六區行道樹2021_1">
		<SimpleData name="AREA">東區</SimpleData>
		<SimpleData name="DATE">2019/11/29</SimpleData>
		<SimpleData name="UID">320-04065</SimpleData>
		<SimpleData name="TREE_NAME">華盛頓椰子</SimpleData>
		<SimpleData name="ROAD">林森路一段中央分隔島</SimpleData>
	</SchemaData></ExtendedData>
      <Point><coordinates>120.213135739529,22.9814087184492</coordinates></Point>
  </Placemark>
  <Placemark>
	<ExtendedData><SchemaData schemaUrl="#六區行道樹2021_1">
		<SimpleData name="AREA">東區</SimpleData>
		<SimpleData name="DATE">2019/11/29</SimpleData>
		<SimpleData name="UID">320-04066</SimpleData>
		<SimpleData name="TREE_NAME">華盛頓椰子</SimpleData>
		<SimpleData name="ROAD">林森路一段中央分隔島</SimpleData>
	</SchemaData></ExtendedData>
      <Point><coordinates>120.212961073761,22.9813565598363</coordinates></Point>
  </Placemark>
  <Placemark>
	<ExtendedData><SchemaData schemaUrl="#六區行道樹2021_1">
		<SimpleData name="AREA">東區</SimpleData>
		<SimpleData name="DATE">2019/11/29</SimpleData>
		<SimpleData name="UID">320-04067</SimpleData>
		<SimpleData name="TREE_NAME">華盛頓椰子</SimpleData>
		<SimpleData name="ROAD">林森路一段中央分隔島</SimpleData>
	</SchemaData></ExtendedData>
      <Point><coordinates>120.212926633024,22.9813419405414</coordinates></Point>
  </Placemark>
  <Placemark>
	<ExtendedData><SchemaData schemaUrl="#六區行道樹2021_1">
		<SimpleData name="AREA">東區</SimpleData>
		<SimpleData name="DATE">2019/11/29</SimpleData>
		<SimpleData name="UID">320-04068</SimpleData>
		<SimpleData name="TREE_NAME">華盛頓椰子</SimpleData>
		<SimpleData name="ROAD">林森路一段中央分隔島</SimpleData>
	</SchemaData></ExtendedData>
      <Point><coordinates>120.212893847632,22.9813277809683</coordinates></Point>
  </Placemark>
  <Placemark>
	<ExtendedData><SchemaData schemaUrl="#六區行道樹2021_1">
		<SimpleData name="AREA">東區</SimpleData>
		<SimpleData name="DATE">2019/11/29</SimpleData>
		<SimpleData name="UID">320-04069</SimpleData>
		<SimpleData name="TREE_NAME">華盛頓椰子</SimpleData>
		<SimpleData name="ROAD">林森路一段中央分隔島</SimpleData>
	</SchemaData></ExtendedData>
      <Point><coordinates>120.212865728353,22.9813162633102</coordinates></Point>
  </Placemark>
  <Placemark>
	<ExtendedData><SchemaData schemaUrl="#六區行道樹2021_1">
		<SimpleData name="AREA">東區</SimpleData>
		<SimpleData name="DATE">2019/11/29</SimpleData>
		<SimpleData name="UID">320-04070</SimpleData>
		<SimpleData name="TREE_NAME">華盛頓椰子</SimpleData>
		<SimpleData name="ROAD">林森路一段中央分隔島</SimpleData>
	</SchemaData></ExtendedData>
      <Point><coordinates>120.212839285866,22.9813015031172</coordinates></Point>
  </Placemark>
  <Placemark>
	<ExtendedData><SchemaData schemaUrl="#六區行道樹2021_1">
		<SimpleData name="AREA">東區</SimpleData>
		<SimpleData name="DATE">2019/11/29</SimpleData>
		<SimpleData name="UID">320-04071</SimpleData>
		<SimpleData name="TREE_NAME">華盛頓椰子</SimpleData>
		<SimpleData name="ROAD">林森路一段中央分隔島</SimpleData>
	</SchemaData></ExtendedData>
      <Point><coordinates>120.212807269195,22.9812893339802</coordinates></Point>
  </Placemark>
  <Placemark>
	<ExtendedData><SchemaData schemaUrl="#六區行道樹2021_1">
		<SimpleData name="AREA">東區</SimpleData>
		<SimpleData name="DATE">2019/11/29</SimpleData>
		<SimpleData name="UID">320-04072</SimpleData>
		<SimpleData name="TREE_NAME">華盛頓椰子</SimpleData>
		<SimpleData name="ROAD">林森路一段中央分隔島</SimpleData>
	</SchemaData></ExtendedData>
      <Point><coordinates>120.212765849692,22.9812840713556</coordinates></Point>
  </Placemark>
  <Placemark>
	<ExtendedData><SchemaData schemaUrl="#六區行道樹2021_1">
		<SimpleData name="AREA">東區</SimpleData>
		<SimpleData name="DATE">2019/11/29</SimpleData>
		<SimpleData name="UID">320-04073</SimpleData>
		<SimpleData name="TREE_NAME">華盛頓椰子</SimpleData>
		<SimpleData name="ROAD">林森路一段中央分隔島</SimpleData>
	</SchemaData></ExtendedData>
      <Point><coordinates>120.212735268723,22.9812766050197</coordinates></Point>
  </Placemark>
  <Placemark>
	<ExtendedData><SchemaData schemaUrl="#六區行道樹2021_1">
		<SimpleData name="AREA">東區</SimpleData>
		<SimpleData name="DATE">2019/11/29</SimpleData>
		<SimpleData name="UID">320-04074</SimpleData>
		<SimpleData name="TREE_NAME">華盛頓椰子</SimpleData>
		<SimpleData name="ROAD">林森路一段中央分隔島</SimpleData>
	</SchemaData></ExtendedData>
      <Point><coordinates>120.212705120771,22.9812617360965</coordinates></Point>
  </Placemark>
  <Placemark>
	<ExtendedData><SchemaData schemaUrl="#六區行道樹2021_1">
		<SimpleData name="AREA">東區</SimpleData>
		<SimpleData name="DATE">2019/11/29</SimpleData>
		<SimpleData name="UID">320-04075</SimpleData>
		<SimpleData name="TREE_NAME">華盛頓椰子</SimpleData>
		<SimpleData name="ROAD">林森路一段中央分隔島</SimpleData>
	</SchemaData></ExtendedData>
      <Point><coordinates>120.212672813637,22.9812492042834</coordinates></Point>
  </Placemark>
  <Placemark>
	<ExtendedData><SchemaData schemaUrl="#六區行道樹2021_1">
		<SimpleData name="AREA">東區</SimpleData>
		<SimpleData name="DATE">2019/11/29</SimpleData>
		<SimpleData name="UID">320-04076</SimpleData>
		<SimpleData name="TREE_NAME">華盛頓椰子</SimpleData>
		<SimpleData name="ROAD">林森路一段中央分隔島</SimpleData>
	</SchemaData></ExtendedData>
      <Point><coordinates>120.212633313092,22.9812325731542</coordinates></Point>
  </Placemark>
  <Placemark>
	<ExtendedData><SchemaData schemaUrl="#六區行道樹2021_1">
		<SimpleData name="AREA">東區</SimpleData>
		<SimpleData name="DATE">2019/11/29</SimpleData>
		<SimpleData name="UID">320-04077</SimpleData>
		<SimpleData name="TREE_NAME">華盛頓椰子</SimpleData>
		<SimpleData name="ROAD">林森路一段中央分隔島</SimpleData>
	</SchemaData></ExtendedData>
      <Point><coordinates>120.212591277913,22.9812157488192</coordinates></Point>
  </Placemark>
  <Placemark>
	<ExtendedData><SchemaData schemaUrl="#六區行道樹2021_1">
		<SimpleData name="AREA">東區</SimpleData>
		<SimpleData name="DATE">2019/11/29</SimpleData>
		<SimpleData name="UID">320-04078</SimpleData>
		<SimpleData name="TREE_NAME">華盛頓椰子</SimpleData>
		<SimpleData name="ROAD">林森路一段中央分隔島</SimpleData>
	</SchemaData></ExtendedData>
      <Point><coordinates>120.212559477797,22.9811998783427</coordinates></Point>
  </Placemark>
  <Placemark>
	<ExtendedData><SchemaData schemaUrl="#六區行道樹2021_1">
		<SimpleData name="AREA">東區</SimpleData>
		<SimpleData name="DATE">2019/11/29</SimpleData>
		<SimpleData name="UID">320-04079</SimpleData>
		<SimpleData name="TREE_NAME">華盛頓椰子</SimpleData>
		<SimpleData name="ROAD">林森路一段中央分隔島</SimpleData>
	</SchemaData></ExtendedData>
      <Point><coordinates>120.21253028997,22.9811876329041</coordinates></Point>
  </Placemark>
  <Placemark>
	<ExtendedData><SchemaData schemaUrl="#六區行道樹2021_1">
		<SimpleData name="AREA">東區</SimpleData>
		<SimpleData name="DATE">2019/11/29</SimpleData>
		<SimpleData name="UID">320-04080</SimpleData>
		<SimpleData name="TREE_NAME">華盛頓椰子</SimpleData>
		<SimpleData name="ROAD">林森路一段中央分隔島</SimpleData>
	</SchemaData></ExtendedData>
      <Point><coordinates>120.212490094737,22.9811730752253</coordinates></Point>
  </Placemark>
  <Placemark>
	<ExtendedData><SchemaData schemaUrl="#六區行道樹2021_1">
		<SimpleData name="AREA">東區</SimpleData>
		<SimpleData name="DATE">2019/11/29</SimpleData>
		<SimpleData name="UID">320-04081</SimpleData>
		<SimpleData name="TREE_NAME">華盛頓椰子</SimpleData>
		<SimpleData name="ROAD">林森路一段中央分隔島</SimpleData>
	</SchemaData></ExtendedData>
      <Point><coordinates>120.212444228844,22.9811609275013</coordinates></Point>
  </Placemark>
  <Placemark>
	<ExtendedData><SchemaData schemaUrl="#六區行道樹2021_1">
		<SimpleData name="AREA">東區</SimpleData>
		<SimpleData name="DATE">2019/11/29</SimpleData>
		<SimpleData name="UID">320-04082</SimpleData>
		<SimpleData name="TREE_NAME">華盛頓椰子</SimpleData>
		<SimpleData name="ROAD">林森路一段中央分隔島</SimpleData>
	</SchemaData></ExtendedData>
      <Point><coordinates>120.212410158431,22.9811497413976</coordinates></Point>
  </Placemark>
  <Placemark>
	<ExtendedData><SchemaData schemaUrl="#六區行道樹2021_1">
		<SimpleData name="AREA">東區</SimpleData>
		<SimpleData name="DATE">2019/11/29</SimpleData>
		<SimpleData name="UID">320-04083</SimpleData>
		<SimpleData name="TREE_NAME">華盛頓椰子</SimpleData>
		<SimpleData name="ROAD">林森路一段中央分隔島</SimpleData>
	</SchemaData></ExtendedData>
      <Point><coordinates>120.212358626596,22.9811391909215</coordinates></Point>
  </Placemark>
  <Placemark>
	<ExtendedData><SchemaData schemaUrl="#六區行道樹2021_1">
		<SimpleData name="AREA">東區</SimpleData>
		<SimpleData name="DATE">2019/11/29</SimpleData>
		<SimpleData name="UID">320-04084</SimpleData>
		<SimpleData name="TREE_NAME">華盛頓椰子</SimpleData>
		<SimpleData name="ROAD">林森路一段中央分隔島</SimpleData>
	</SchemaData></ExtendedData>
      <Point><coordinates>120.212312518405,22.9811183730011</coordinates></Point>
  </Placemark>
  <Placemark>
	<ExtendedData><SchemaData schemaUrl="#六區行道樹2021_1">
		<SimpleData name="AREA">東區</SimpleData>
		<SimpleData name="DATE">2019/11/29</SimpleData>
		<SimpleData name="UID">320-04085</SimpleData>
		<SimpleData name="TREE_NAME">華盛頓椰子</SimpleData>
		<SimpleData name="ROAD">林森路一段中央分隔島</SimpleData>
	</SchemaData></ExtendedData>
      <Point><coordinates>120.212349525795,22.9810939948868</coordinates></Point>
  </Placemark>
  <Placemark>
	<ExtendedData><SchemaData schemaUrl="#六區行道樹2021_1">
		<SimpleData name="AREA">東區</SimpleData>
		<SimpleData name="DATE">2019/11/29</SimpleData>
		<SimpleData name="UID">320-04086</SimpleData>
		<SimpleData name="TREE_NAME">華盛頓椰子</SimpleData>
		<SimpleData name="ROAD">林森路一段中央分隔島</SimpleData>
	</SchemaData></ExtendedData>
      <Point><coordinates>120.212398439578,22.9811019136083</coordinates></Point>
  </Placemark>
  <Placemark>
	<ExtendedData><SchemaData schemaUrl="#六區行道樹2021_1">
		<SimpleData name="AREA">東區</SimpleData>
		<SimpleData name="DATE">2019/11/29</SimpleData>
		<SimpleData name="UID">320-04087</SimpleData>
		<SimpleData name="TREE_NAME">華盛頓椰子</SimpleData>
		<SimpleData name="ROAD">林森路一段中央分隔島</SimpleData>
	</SchemaData></ExtendedData>
      <Point><coordinates>120.212436100138,22.9811162781112</coordinates></Point>
  </Placemark>
  <Placemark>
	<ExtendedData><SchemaData schemaUrl="#六區行道樹2021_1">
		<SimpleData name="AREA">東區</SimpleData>
		<SimpleData name="DATE">2019/11/29</SimpleData>
		<SimpleData name="UID">320-04088</SimpleData>
		<SimpleData name="TREE_NAME">華盛頓椰子</SimpleData>
		<SimpleData name="ROAD">林森路一段中央分隔島</SimpleData>
	</SchemaData></ExtendedData>
      <Point><coordinates>120.212463384518,22.9811203869631</coordinates></Point>
  </Placemark>
  <Placemark>
	<ExtendedData><SchemaData schemaUrl="#六區行道樹2021_1">
		<SimpleData name="AREA">東區</SimpleData>
		<SimpleData name="DATE">2019/11/29</SimpleData>
		<SimpleData name="UID">320-04089</SimpleData>
		<SimpleData name="TREE_NAME">華盛頓椰子</SimpleData>
		<SimpleData name="ROAD">林森路一段中央分隔島</SimpleData>
	</SchemaData></ExtendedData>
      <Point><coordinates>120.21248907812,22.9811297253995</coordinates></Point>
  </Placemark>
  <Placemark>
	<ExtendedData><SchemaData schemaUrl="#六區行道樹2021_1">
		<SimpleData name="AREA">東區</SimpleData>
		<SimpleData name="DATE">2019/11/29</SimpleData>
		<SimpleData name="UID">320-04090</SimpleData>
		<SimpleData name="TREE_NAME">華盛頓椰子</SimpleData>
		<SimpleData name="ROAD">林森路一段中央分隔島</SimpleData>
	</SchemaData></ExtendedData>
      <Point><coordinates>120.212514877626,22.9811376195322</coordinates></Point>
  </Placemark>
  <Placemark>
	<ExtendedData><SchemaData schemaUrl="#六區行道樹2021_1">
		<SimpleData name="AREA">東區</SimpleData>
		<SimpleData name="DATE">2019/11/29</SimpleData>
		<SimpleData name="UID">320-04091</SimpleData>
		<SimpleData name="TREE_NAME">華盛頓椰子</SimpleData>
		<SimpleData name="ROAD">林森路一段中央分隔島</SimpleData>
	</SchemaData></ExtendedData>
      <Point><coordinates>120.212552732738,22.981152075276</coordinates></Point>
  </Placemark>
  <Placemark>
	<ExtendedData><SchemaData schemaUrl="#六區行道樹2021_1">
		<SimpleData name="AREA">東區</SimpleData>
		<SimpleData name="DATE">2019/11/29</SimpleData>
		<SimpleData name="UID">320-04092</SimpleData>
		<SimpleData name="TREE_NAME">華盛頓椰子</SimpleData>
		<SimpleData name="ROAD">林森路一段中央分隔島</SimpleData>
	</SchemaData></ExtendedData>
      <Point><coordinates>120.212588189992,22.9811595658734</coordinates></Point>
  </Placemark>
  <Placemark>
	<ExtendedData><SchemaData schemaUrl="#六區行道樹2021_1">
		<SimpleData name="AREA">東區</SimpleData>
		<SimpleData name="DATE">2019/11/29</SimpleData>
		<SimpleData name="UID">320-04093</SimpleData>
		<SimpleData name="TREE_NAME">華盛頓椰子</SimpleData>
		<SimpleData name="ROAD">林森路一段中央分隔島</SimpleData>
	</SchemaData></ExtendedData>
      <Point><coordinates>120.212616717636,22.981167925052</coordinates></Point>
  </Placemark>
  <Placemark>
	<ExtendedData><SchemaData schemaUrl="#六區行道樹2021_1">
		<SimpleData name="AREA">東區</SimpleData>
		<SimpleData name="DATE">2019/11/29</SimpleData>
		<SimpleData name="UID">320-04094</SimpleData>
		<SimpleData name="TREE_NAME">華盛頓椰子</SimpleData>
		<SimpleData name="ROAD">林森路一段中央分隔島</SimpleData>
	</SchemaData></ExtendedData>
      <Point><coordinates>120.212672496193,22.981186172179</coordinates></Point>
  </Placemark>
  <Placemark>
	<ExtendedData><SchemaData schemaUrl="#六區行道樹2021_1">
		<SimpleData name="AREA">東區</SimpleData>
		<SimpleData name="DATE">2019/11/29</SimpleData>
		<SimpleData name="UID">320-04095</SimpleData>
		<SimpleData name="TREE_NAME">華盛頓椰子</SimpleData>
		<SimpleData name="ROAD">林森路一段中央分隔島</SimpleData>
	</SchemaData></ExtendedData>
      <Point><coordinates>120.212728061924,22.9812074884844</coordinates></Point>
  </Placemark>
  <Placemark>
	<ExtendedData><SchemaData schemaUrl="#六區行道樹2021_1">
		<SimpleData name="AREA">東區</SimpleData>
		<SimpleData name="DATE">2019/11/29</SimpleData>
		<SimpleData name="UID">320-04096</SimpleData>
		<SimpleData name="TREE_NAME">華盛頓椰子</SimpleData>
		<SimpleData name="ROAD">林森路一段中央分隔島</SimpleData>
	</SchemaData></ExtendedData>
      <Point><coordinates>120.212761082086,22.9812147863343</coordinates></Point>
  </Placemark>
  <Placemark>
	<ExtendedData><SchemaData schemaUrl="#六區行道樹2021_1">
		<SimpleData name="AREA">東區</SimpleData>
		<SimpleData name="DATE">2019/11/29</SimpleData>
		<SimpleData name="UID">320-04097</SimpleData>
		<SimpleData name="TREE_NAME">華盛頓椰子</SimpleData>
		<SimpleData name="ROAD">林森路一段中央分隔島</SimpleData>
	</SchemaData></ExtendedData>
      <Point><coordinates>120.212798080959,22.9812255354011</coordinates></Point>
  </Placemark>
  <Placemark>
	<ExtendedData><SchemaData schemaUrl="#六區行道樹2021_1">
		<SimpleData name="AREA">東區</SimpleData>
		<SimpleData name="DATE">2019/11/29</SimpleData>
		<SimpleData name="UID">320-04098</SimpleData>
		<SimpleData name="TREE_NAME">華盛頓椰子</SimpleData>
		<SimpleData name="ROAD">林森路一段中央分隔島</SimpleData>
	</SchemaData></ExtendedData>
      <Point><coordinates>120.212837208159,22.9812392749836</coordinates></Point>
  </Placemark>
  <Placemark>
	<ExtendedData><SchemaData schemaUrl="#六區行道樹2021_1">
		<SimpleData name="AREA">東區</SimpleData>
		<SimpleData name="DATE">2019/11/29</SimpleData>
		<SimpleData name="UID">320-04099</SimpleData>
		<SimpleData name="TREE_NAME">華盛頓椰子</SimpleData>
		<SimpleData name="ROAD">林森路一段中央分隔島</SimpleData>
	</SchemaData></ExtendedData>
      <Point><coordinates>120.212872840627,22.9812501978498</coordinates></Point>
  </Placemark>
  <Placemark>
	<ExtendedData><SchemaData schemaUrl="#六區行道樹2021_1">
		<SimpleData name="AREA">東區</SimpleData>
		<SimpleData name="DATE">2019/11/29</SimpleData>
		<SimpleData name="UID">320-04100</SimpleData>
		<SimpleData name="TREE_NAME">華盛頓椰子</SimpleData>
		<SimpleData name="ROAD">林森路一段中央分隔島</SimpleData>
	</SchemaData></ExtendedData>
      <Point><coordinates>120.212910615548,22.9812616731579</coordinates></Point>
  </Placemark>
  <Placemark>
	<ExtendedData><SchemaData schemaUrl="#六區行道樹2021_1">
		<SimpleData name="AREA">東區</SimpleData>
		<SimpleData name="DATE">2019/11/29</SimpleData>
		<SimpleData name="UID">320-04101</SimpleData>
		<SimpleData name="TREE_NAME">華盛頓椰子</SimpleData>
		<SimpleData name="ROAD">林森路一段中央分隔島</SimpleData>
	</SchemaData></ExtendedData>
      <Point><coordinates>120.212946950069,22.9812692583344</coordinates></Point>
  </Placemark>
  <Placemark>
	<ExtendedData><SchemaData schemaUrl="#六區行道樹2021_1">
		<SimpleData name="AREA">東區</SimpleData>
		<SimpleData name="DATE">2019/11/29</SimpleData>
		<SimpleData name="UID">320-04102</SimpleData>
		<SimpleData name="TREE_NAME">華盛頓椰子</SimpleData>
		<SimpleData name="ROAD">林森路一段中央分隔島</SimpleData>
	</SchemaData></ExtendedData>
      <Point><coordinates>120.212978490623,22.9812794384434</coordinates></Point>
  </Placemark>
  <Placemark>
	<ExtendedData><SchemaData schemaUrl="#六區行道樹2021_1">
		<SimpleData name="AREA">東區</SimpleData>
		<SimpleData name="DATE">2019/11/29</SimpleData>
		<SimpleData name="UID">320-04103</SimpleData>
		<SimpleData name="TREE_NAME">華盛頓椰子</SimpleData>
		<SimpleData name="ROAD">林森路一段中央分隔島</SimpleData>
	</SchemaData></ExtendedData>
      <Point><coordinates>120.212999322085,22.9812863145098</coordinates></Point>
  </Placemark>
  <Placemark>
	<ExtendedData><SchemaData schemaUrl="#六區行道樹2021_1">
		<SimpleData name="AREA">東區</SimpleData>
		<SimpleData name="DATE">2019/11/29</SimpleData>
		<SimpleData name="UID">320-04104</SimpleData>
		<SimpleData name="TREE_NAME">華盛頓椰子</SimpleData>
		<SimpleData name="ROAD">林森路一段中央分隔島</SimpleData>
	</SchemaData></ExtendedData>
      <Point><coordinates>120.213156197663,22.9813453379811</coordinates></Point>
  </Placemark>
  <Placemark>
	<ExtendedData><SchemaData schemaUrl="#六區行道樹2021_1">
		<SimpleData name="AREA">東區</SimpleData>
		<SimpleData name="DATE">2019/11/29</SimpleData>
		<SimpleData name="UID">320-04105</SimpleData>
		<SimpleData name="TREE_NAME">華盛頓椰子</SimpleData>
		<SimpleData name="ROAD">林森路一段中央分隔島</SimpleData>
	</SchemaData></ExtendedData>
      <Point><coordinates>120.213219973557,22.9813636246229</coordinates></Point>
  </Placemark>
  <Placemark>
	<ExtendedData><SchemaData schemaUrl="#六區行道樹2021_1">
		<SimpleData name="AREA">東區</SimpleData>
		<SimpleData name="DATE">2019/11/29</SimpleData>
		<SimpleData name="UID">320-04106</SimpleData>
		<SimpleData name="TREE_NAME">華盛頓椰子</SimpleData>
		<SimpleData name="ROAD">林森路一段中央分隔島</SimpleData>
	</SchemaData></ExtendedData>
      <Point><coordinates>120.213277534429,22.9813772750054</coordinates></Point>
  </Placemark>
  <Placemark>
	<ExtendedData><SchemaData schemaUrl="#六區行道樹2021_1">
		<SimpleData name="AREA">東區</SimpleData>
		<SimpleData name="DATE">2019/11/29</SimpleData>
		<SimpleData name="UID">320-04107</SimpleData>
		<SimpleData name="TREE_NAME">華盛頓椰子</SimpleData>
		<SimpleData name="ROAD">林森路一段中央分隔島</SimpleData>
	</SchemaData></ExtendedData>
      <Point><coordinates>120.213324378357,22.9813889758378</coordinates></Point>
  </Placemark>
  <Placemark>
	<ExtendedData><SchemaData schemaUrl="#六區行道樹2021_1">
		<SimpleData name="AREA">東區</SimpleData>
		<SimpleData name="DATE">2019/11/29</SimpleData>
		<SimpleData name="UID">320-04108</SimpleData>
		<SimpleData name="TREE_NAME">華盛頓椰子</SimpleData>
		<SimpleData name="ROAD">林森路一段中央分隔島</SimpleData>
	</SchemaData></ExtendedData>
      <Point><coordinates>120.213371681696,22.9814055552244</coordinates></Point>
  </Placemark>
  <Placemark>
	<ExtendedData><SchemaData schemaUrl="#六區行道樹2021_1">
		<SimpleData name="AREA">東區</SimpleData>
		<SimpleData name="DATE">2019/11/29</SimpleData>
		<SimpleData name="UID">320-04109</SimpleData>
		<SimpleData name="TREE_NAME">華盛頓椰子</SimpleData>
		<SimpleData name="ROAD">林森路一段中央分隔島</SimpleData>
	</SchemaData></ExtendedData>
      <Point><coordinates>120.213413626828,22.9814211146858</coordinates></Point>
  </Placemark>
  <Placemark>
	<ExtendedData><SchemaData schemaUrl="#六區行道樹2021_1">
		<SimpleData name="AREA">東區</SimpleData>
		<SimpleData name="DATE">2019/11/29</SimpleData>
		<SimpleData name="UID">320-04110</SimpleData>
		<SimpleData name="TREE_NAME">華盛頓椰子</SimpleData>
		<SimpleData name="ROAD">林森路一段中央分隔島</SimpleData>
	</SchemaData></ExtendedData>
      <Point><coordinates>120.213459494472,22.9814329912366</coordinates></Point>
  </Placemark>
  <Placemark>
	<ExtendedData><SchemaData schemaUrl="#六區行道樹2021_1">
		<SimpleData name="AREA">東區</SimpleData>
		<SimpleData name="DATE">2019/11/29</SimpleData>
		<SimpleData name="UID">320-04111</SimpleData>
		<SimpleData name="TREE_NAME">華盛頓椰子</SimpleData>
		<SimpleData name="ROAD">林森路一段中央分隔島</SimpleData>
	</SchemaData></ExtendedData>
      <Point><coordinates>120.213495271394,22.9814526739394</coordinates></Point>
  </Placemark>
  <Placemark>
	<ExtendedData><SchemaData schemaUrl="#六區行道樹2021_1">
		<SimpleData name="AREA">東區</SimpleData>
		<SimpleData name="DATE">2019/11/29</SimpleData>
		<SimpleData name="UID">320-04112</SimpleData>
		<SimpleData name="TREE_NAME">華盛頓椰子</SimpleData>
		<SimpleData name="ROAD">林森路一段中央分隔島</SimpleData>
	</SchemaData></ExtendedData>
      <Point><coordinates>120.213537413177,22.9814679634396</coordinates></Point>
  </Placemark>
  <Placemark>
	<ExtendedData><SchemaData schemaUrl="#六區行道樹2021_1">
		<SimpleData name="AREA">東區</SimpleData>
		<SimpleData name="DATE">2019/11/29</SimpleData>
		<SimpleData name="UID">320-04113</SimpleData>
		<SimpleData name="TREE_NAME">華盛頓椰子</SimpleData>
		<SimpleData name="ROAD">林森路一段中央分隔島</SimpleData>
	</SchemaData></ExtendedData>
      <Point><coordinates>120.213574689086,22.9814814227512</coordinates></Point>
  </Placemark>
  <Placemark>
	<ExtendedData><SchemaData schemaUrl="#六區行道樹2021_1">
		<SimpleData name="AREA">東區</SimpleData>
		<SimpleData name="DATE">2019/11/29</SimpleData>
		<SimpleData name="UID">320-04114</SimpleData>
		<SimpleData name="TREE_NAME">華盛頓椰子</SimpleData>
		<SimpleData name="ROAD">林森路一段中央分隔島</SimpleData>
	</SchemaData></ExtendedData>
      <Point><coordinates>120.213606651206,22.9814861867314</coordinates></Point>
  </Placemark>
  <Placemark>
	<ExtendedData><SchemaData schemaUrl="#六區行道樹2021_1">
		<SimpleData name="AREA">東區</SimpleData>
		<SimpleData name="DATE">2019/11/29</SimpleData>
		<SimpleData name="UID">320-04115</SimpleData>
		<SimpleData name="TREE_NAME">樹頭</SimpleData>
		<SimpleData name="ROAD">林森路一段中央分隔島</SimpleData>
	</SchemaData></ExtendedData>
      <Point><coordinates>120.213634804558,22.9814918348234</coordinates></Point>
  </Placemark>
  <Placemark>
	<ExtendedData><SchemaData schemaUrl="#六區行道樹2021_1">
		<SimpleData name="AREA">東區</SimpleData>
		<SimpleData name="DATE">2019/11/29</SimpleData>
		<SimpleData name="UID">320-04116</SimpleData>
		<SimpleData name="TREE_NAME">華盛頓椰子</SimpleData>
		<SimpleData name="ROAD">林森路一段中央分隔島</SimpleData>
	</SchemaData></ExtendedData>
      <Point><coordinates>120.213653828344,22.9815077319985</coordinates></Point>
  </Placemark>
  <Placemark>
	<ExtendedData><SchemaData schemaUrl="#六區行道樹2021_1">
		<SimpleData name="AREA">東區</SimpleData>
		<SimpleData name="DATE">2019/11/29</SimpleData>
		<SimpleData name="UID">320-04117</SimpleData>
		<SimpleData name="TREE_NAME">華盛頓椰子</SimpleData>
		<SimpleData name="ROAD">林森路一段中央分隔島</SimpleData>
	</SchemaData></ExtendedData>
      <Point><coordinates>120.213676521248,22.981513172387</coordinates></Point>
  </Placemark>
  <Placemark>
	<ExtendedData><SchemaData schemaUrl="#六區行道樹2021_1">
		<SimpleData name="AREA">東區</SimpleData>
		<SimpleData name="DATE">2019/11/29</SimpleData>
		<SimpleData name="UID">320-04118</SimpleData>
		<SimpleData name="TREE_NAME">華盛頓椰子</SimpleData>
		<SimpleData name="ROAD">林森路一段中央分隔島</SimpleData>
	</SchemaData></ExtendedData>
      <Point><coordinates>120.213699787296,22.9815206925533</coordinates></Point>
  </Placemark>
  <Placemark>
	<ExtendedData><SchemaData schemaUrl="#六區行道樹2021_1">
		<SimpleData name="AREA">東區</SimpleData>
		<SimpleData name="DATE">2019/11/29</SimpleData>
		<SimpleData name="UID">320-04119</SimpleData>
		<SimpleData name="TREE_NAME">華盛頓椰子</SimpleData>
		<SimpleData name="ROAD">林森路一段中央分隔島</SimpleData>
	</SchemaData></ExtendedData>
      <Point><coordinates>120.213730746465,22.981530237519</coordinates></Point>
  </Placemark>
  <Placemark>
	<ExtendedData><SchemaData schemaUrl="#六區行道樹2021_1">
		<SimpleData name="AREA">東區</SimpleData>
		<SimpleData name="DATE">2019/11/29</SimpleData>
		<SimpleData name="UID">320-04120</SimpleData>
		<SimpleData name="TREE_NAME">華盛頓椰子</SimpleData>
		<SimpleData name="ROAD">林森路一段中央分隔島</SimpleData>
	</SchemaData></ExtendedData>
      <Point><coordinates>120.21378136007,22.981547826526</coordinates></Point>
  </Placemark>
  <Placemark>
	<ExtendedData><SchemaData schemaUrl="#六區行道樹2021_1">
		<SimpleData name="AREA">東區</SimpleData>
		<SimpleData name="DATE">2019/11/29</SimpleData>
		<SimpleData name="UID">320-04121</SimpleData>
		<SimpleData name="TREE_NAME">華盛頓椰子</SimpleData>
		<SimpleData name="ROAD">林森路一段中央分隔島</SimpleData>
	</SchemaData></ExtendedData>
      <Point><coordinates>120.213819772907,22.9815670707252</coordinates></Point>
  </Placemark>
  <Placemark>
	<ExtendedData><SchemaData schemaUrl="#六區行道樹2021_1">
		<SimpleData name="AREA">東區</SimpleData>
		<SimpleData name="DATE">2019/11/29</SimpleData>
		<SimpleData name="UID">320-04122</SimpleData>
		<SimpleData name="TREE_NAME">華盛頓椰子</SimpleData>
		<SimpleData name="ROAD">林森路一段中央分隔島</SimpleData>
	</SchemaData></ExtendedData>
      <Point><coordinates>120.213866517336,22.9815791321125</coordinates></Point>
  </Placemark>
  <Placemark>
	<ExtendedData><SchemaData schemaUrl="#六區行道樹2021_1">
		<SimpleData name="AREA">東區</SimpleData>
		<SimpleData name="DATE">2019/11/29</SimpleData>
		<SimpleData name="UID">320-04123</SimpleData>
		<SimpleData name="TREE_NAME">華盛頓椰子</SimpleData>
		<SimpleData name="ROAD">林森路一段中央分隔島</SimpleData>
	</SchemaData></ExtendedData>
      <Point><coordinates>120.213902806547,22.9815945730897</coordinates></Point>
  </Placemark>
  <Placemark>
	<ExtendedData><SchemaData schemaUrl="#六區行道樹2021_1">
		<SimpleData name="AREA">東區</SimpleData>
		<SimpleData name="DATE">2019/11/29</SimpleData>
		<SimpleData name="UID">320-04124</SimpleData>
		<SimpleData name="TREE_NAME">華盛頓椰子</SimpleData>
		<SimpleData name="ROAD">林森路一段中央分隔島</SimpleData>
	</SchemaData></ExtendedData>
      <Point><coordinates>120.213941075561,22.9816049669869</coordinates></Point>
  </Placemark>
  <Placemark>
	<ExtendedData><SchemaData schemaUrl="#六區行道樹2021_1">
		<SimpleData name="AREA">東區</SimpleData>
		<SimpleData name="DATE">2019/11/29</SimpleData>
		<SimpleData name="UID">320-04125</SimpleData>
		<SimpleData name="TREE_NAME">華盛頓椰子</SimpleData>
		<SimpleData name="ROAD">林森路一段中央分隔島</SimpleData>
	</SchemaData></ExtendedData>
      <Point><coordinates>120.213988649695,22.9816253402039</coordinates></Point>
  </Placemark>
  <Placemark>
	<ExtendedData><SchemaData schemaUrl="#六區行道樹2021_1">
		<SimpleData name="AREA">東區</SimpleData>
		<SimpleData name="DATE">2019/11/29</SimpleData>
		<SimpleData name="UID">320-04126</SimpleData>
		<SimpleData name="TREE_NAME">華盛頓椰子</SimpleData>
		<SimpleData name="ROAD">林森路一段中央分隔島</SimpleData>
	</SchemaData></ExtendedData>
      <Point><coordinates>120.214031509801,22.9816344926266</coordinates></Point>
  </Placemark>
  <Placemark>
	<ExtendedData><SchemaData schemaUrl="#六區行道樹2021_1">
		<SimpleData name="AREA">東區</SimpleData>
		<SimpleData name="DATE">2019/11/29</SimpleData>
		<SimpleData name="UID">320-04127</SimpleData>
		<SimpleData name="TREE_NAME">樹頭</SimpleData>
		<SimpleData name="ROAD">林森路一段中央分隔島</SimpleData>
	</SchemaData></ExtendedData>
      <Point><coordinates>120.214075406144,22.9816499712906</coordinates></Point>
  </Placemark>
  <Placemark>
	<ExtendedData><SchemaData schemaUrl="#六區行道樹2021_1">
		<SimpleData name="AREA">東區</SimpleData>
		<SimpleData name="DATE">2019/11/29</SimpleData>
		<SimpleData name="UID">320-04128</SimpleData>
		<SimpleData name="TREE_NAME">華盛頓椰子</SimpleData>
		<SimpleData name="ROAD">林森路一段中央分隔島</SimpleData>
	</SchemaData></ExtendedData>
      <Point><coordinates>120.21410900591,22.9816582650555</coordinates></Point>
  </Placemark>
  <Placemark>
	<ExtendedData><SchemaData schemaUrl="#六區行道樹2021_1">
		<SimpleData name="AREA">東區</SimpleData>
		<SimpleData name="DATE">2019/11/29</SimpleData>
		<SimpleData name="UID">320-04129</SimpleData>
		<SimpleData name="TREE_NAME">華盛頓椰子</SimpleData>
		<SimpleData name="ROAD">林森路一段中央分隔島</SimpleData>
	</SchemaData></ExtendedData>
      <Point><coordinates>120.214139278276,22.9816685289499</coordinates></Point>
  </Placemark>
  <Placemark>
	<ExtendedData><SchemaData schemaUrl="#六區行道樹2021_1">
		<SimpleData name="AREA">東區</SimpleData>
		<SimpleData name="DATE">2019/11/29</SimpleData>
		<SimpleData name="UID">320-04130</SimpleData>
		<SimpleData name="TREE_NAME">華盛頓椰子</SimpleData>
		<SimpleData name="ROAD">林森路一段中央分隔島</SimpleData>
	</SchemaData></ExtendedData>
      <Point><coordinates>120.21418201111,22.9816828278943</coordinates></Point>
  </Placemark>
  <Placemark>
	<ExtendedData><SchemaData schemaUrl="#六區行道樹2021_1">
		<SimpleData name="AREA">東區</SimpleData>
		<SimpleData name="DATE">2019/11/29</SimpleData>
		<SimpleData name="UID">320-04131</SimpleData>
		<SimpleData name="TREE_NAME">華盛頓椰子</SimpleData>
		<SimpleData name="ROAD">林森路一段中央分隔島</SimpleData>
	</SchemaData></ExtendedData>
      <Point><coordinates>120.214225125183,22.9816986638453</coordinates></Point>
  </Placemark>
  <Placemark>
	<ExtendedData><SchemaData schemaUrl="#六區行道樹2021_1">
		<SimpleData name="AREA">東區</SimpleData>
		<SimpleData name="DATE">2019/11/29</SimpleData>
		<SimpleData name="UID">320-04132</SimpleData>
		<SimpleData name="TREE_NAME">樹頭</SimpleData>
		<SimpleData name="ROAD">林森路一段中央分隔島</SimpleData>
	</SchemaData></ExtendedData>
      <Point><coordinates>120.214259980288,22.9817091310418</coordinates></Point>
  </Placemark>
  <Placemark>
	<ExtendedData><SchemaData schemaUrl="#六區行道樹2021_1">
		<SimpleData name="AREA">東區</SimpleData>
		<SimpleData name="DATE">2019/11/29</SimpleData>
		<SimpleData name="UID">320-04133</SimpleData>
		<SimpleData name="TREE_NAME">華盛頓椰子</SimpleData>
		<SimpleData name="ROAD">林森路一段中央分隔島</SimpleData>
	</SchemaData></ExtendedData>
      <Point><coordinates>120.214294857853,22.9817157153719</coordinates></Point>
  </Placemark>
  <Placemark>
	<ExtendedData><SchemaData schemaUrl="#六區行道樹2021_1">
		<SimpleData name="AREA">東區</SimpleData>
		<SimpleData name="DATE">2019/11/29</SimpleData>
		<SimpleData name="UID">320-04134</SimpleData>
		<SimpleData name="TREE_NAME">華盛頓椰子</SimpleData>
		<SimpleData name="ROAD">林森路一段中央分隔島</SimpleData>
	</SchemaData></ExtendedData>
      <Point><coordinates>120.214319772531,22.9817248690512</coordinates></Point>
  </Placemark>
  <Placemark>
	<ExtendedData><SchemaData schemaUrl="#六區行道樹2021_1">
		<SimpleData name="AREA">東區</SimpleData>
		<SimpleData name="DATE">2019/11/29</SimpleData>
		<SimpleData name="UID">320-04135</SimpleData>
		<SimpleData name="TREE_NAME">無葉樹</SimpleData>
		<SimpleData name="ROAD">林森路一段中央分隔島</SimpleData>
	</SchemaData></ExtendedData>
      <Point><coordinates>120.214356969864,22.9817350769333</coordinates></Point>
  </Placemark>
  <Placemark>
	<ExtendedData><SchemaData schemaUrl="#六區行道樹2021_1">
		<SimpleData name="AREA">東區</SimpleData>
		<SimpleData name="DATE">2019/11/29</SimpleData>
		<SimpleData name="UID">320-04136</SimpleData>
		<SimpleData name="TREE_NAME">華盛頓椰子</SimpleData>
		<SimpleData name="ROAD">林森路一段中央分隔島</SimpleData>
	</SchemaData></ExtendedData>
      <Point><coordinates>120.214392429993,22.9817421156382</coordinates></Point>
  </Placemark>
  <Placemark>
	<ExtendedData><SchemaData schemaUrl="#六區行道樹2021_1">
		<SimpleData name="AREA">東區</SimpleData>
		<SimpleData name="DATE">2019/11/29</SimpleData>
		<SimpleData name="UID">320-04137</SimpleData>
		<SimpleData name="TREE_NAME">華盛頓椰子</SimpleData>
		<SimpleData name="ROAD">林森路一段中央分隔島</SimpleData>
	</SchemaData></ExtendedData>
      <Point><coordinates>120.214422979839,22.9817549996022</coordinates></Point>
  </Placemark>
  <Placemark>
	<ExtendedData><SchemaData schemaUrl="#六區行道樹2021_1">
		<SimpleData name="AREA">東區</SimpleData>
		<SimpleData name="DATE">2019/11/29</SimpleData>
		<SimpleData name="UID">320-04138</SimpleData>
		<SimpleData name="TREE_NAME">華盛頓椰子</SimpleData>
		<SimpleData name="ROAD">林森路一段中央分隔島</SimpleData>
	</SchemaData></ExtendedData>
      <Point><coordinates>120.214457250857,22.9817652832575</coordinates></Point>
  </Placemark>
  <Placemark>
	<ExtendedData><SchemaData schemaUrl="#六區行道樹2021_1">
		<SimpleData name="AREA">東區</SimpleData>
		<SimpleData name="DATE">2019/11/29</SimpleData>
		<SimpleData name="UID">320-04139</SimpleData>
		<SimpleData name="TREE_NAME">華盛頓椰子</SimpleData>
		<SimpleData name="ROAD">林森路一段中央分隔島</SimpleData>
	</SchemaData></ExtendedData>
      <Point><coordinates>120.214501550455,22.9817785062631</coordinates></Point>
  </Placemark>
  <Placemark>
	<ExtendedData><SchemaData schemaUrl="#六區行道樹2021_1">
		<SimpleData name="AREA">東區</SimpleData>
		<SimpleData name="DATE">2019/11/29</SimpleData>
		<SimpleData name="UID">320-04140</SimpleData>
		<SimpleData name="TREE_NAME">華盛頓椰子</SimpleData>
		<SimpleData name="ROAD">林森路一段中央分隔島</SimpleData>
	</SchemaData></ExtendedData>
      <Point><coordinates>120.213473809014,22.9814705374512</coordinates></Point>
  </Placemark>
  <Placemark>
	<ExtendedData><SchemaData schemaUrl="#六區行道樹2021_1">
		<SimpleData name="AREA">東區</SimpleData>
		<SimpleData name="DATE">2019/11/29</SimpleData>
		<SimpleData name="UID">320-04141</SimpleData>
		<SimpleData name="TREE_NAME">華盛頓椰子</SimpleData>
		<SimpleData name="ROAD">林森路一段中央分隔島</SimpleData>
	</SchemaData></ExtendedData>
      <Point><coordinates>120.213420374525,22.9814516701244</coordinates></Point>
  </Placemark>
  <Placemark>
	<ExtendedData><SchemaData schemaUrl="#六區行道樹2021_1">
		<SimpleData name="AREA">東區</SimpleData>
		<SimpleData name="DATE">2019/11/29</SimpleData>
		<SimpleData name="UID">320-04142</SimpleData>
		<SimpleData name="TREE_NAME">華盛頓椰子</SimpleData>
		<SimpleData name="ROAD">林森路一段中央分隔島</SimpleData>
	</SchemaData></ExtendedData>
      <Point><coordinates>120.213378140985,22.9814353868202</coordinates></Point>
  </Placemark>
  <Placemark>
	<ExtendedData><SchemaData schemaUrl="#六區行道樹2021_1">
		<SimpleData name="AREA">東區</SimpleData>
		<SimpleData name="DATE">2019/11/29</SimpleData>
		<SimpleData name="UID">320-04143</SimpleData>
		<SimpleData name="TREE_NAME">華盛頓椰子</SimpleData>
		<SimpleData name="ROAD">林森路一段中央分隔島</SimpleData>
	</SchemaData></ExtendedData>
      <Point><coordinates>120.213301899393,22.9814139681084</coordinates></Point>
  </Placemark>
  <Placemark>
	<ExtendedData><SchemaData schemaUrl="#六區行道樹2021_1">
		<SimpleData name="AREA">東區</SimpleData>
		<SimpleData name="DATE">2019/11/29</SimpleData>
		<SimpleData name="UID">320-04144</SimpleData>
		<SimpleData name="TREE_NAME">華盛頓椰子</SimpleData>
		<SimpleData name="ROAD">林森路一段中央分隔島</SimpleData>
	</SchemaData></ExtendedData>
      <Point><coordinates>120.21325156123,22.9813993602714</coordinates></Point>
  </Placemark>
  <Placemark>
	<ExtendedData><SchemaData schemaUrl="#六區行道樹2021_1">
		<SimpleData name="AREA">東區</SimpleData>
		<SimpleData name="DATE">2019/11/29</SimpleData>
		<SimpleData name="UID">320-04145</SimpleData>
		<SimpleData name="TREE_NAME">華盛頓椰子</SimpleData>
		<SimpleData name="ROAD">林森路一段中央分隔島</SimpleData>
	</SchemaData></ExtendedData>
      <Point><coordinates>120.21319926993,22.9813851942304</coordinates></Point>
  </Placemark>
  <Placemark>
	<ExtendedData><SchemaData schemaUrl="#六區行道樹2021_1">
		<SimpleData name="AREA">東區</SimpleData>
		<SimpleData name="DATE">2019/11/29</SimpleData>
		<SimpleData name="UID">320-04146</SimpleData>
		<SimpleData name="TREE_NAME">華盛頓椰子</SimpleData>
		<SimpleData name="ROAD">林森路一段中央分隔島</SimpleData>
	</SchemaData></ExtendedData>
      <Point><coordinates>120.213173297245,22.9813735066796</coordinates></Point>
  </Placemark>
  <Placemark>
	<ExtendedData><SchemaData schemaUrl="#六區行道樹2021_1">
		<SimpleData name="AREA">東區</SimpleData>
		<SimpleData name="DATE">2019/11/29</SimpleData>
		<SimpleData name="UID">320-04147</SimpleData>
		<SimpleData name="TREE_NAME">華盛頓椰子</SimpleData>
		<SimpleData name="ROAD">林森路一段中央分隔島</SimpleData>
	</SchemaData></ExtendedData>
      <Point><coordinates>120.213154811106,22.9813658295651</coordinates></Point>
  </Placemark>
  <Placemark>
	<ExtendedData><SchemaData schemaUrl="#六區行道樹2021_1">
		<SimpleData name="AREA">東區</SimpleData>
		<SimpleData name="DATE">2019/11/29</SimpleData>
		<SimpleData name="UID">320-04148</SimpleData>
		<SimpleData name="TREE_NAME">華盛頓椰子</SimpleData>
		<SimpleData name="ROAD">林森路一段中央分隔島</SimpleData>
	</SchemaData></ExtendedData>
      <Point><coordinates>120.212963804852,22.9813060044927</coordinates></Point>
  </Placemark>
  <Placemark>
	<ExtendedData><SchemaData schemaUrl="#六區行道樹2021_1">
		<SimpleData name="AREA">東區</SimpleData>
		<SimpleData name="DATE">2019/11/29</SimpleData>
		<SimpleData name="UID">320-04149</SimpleData>
		<SimpleData name="TREE_NAME">華盛頓椰子</SimpleData>
		<SimpleData name="ROAD">林森路一段中央分隔島</SimpleData>
	</SchemaData></ExtendedData>
      <Point><coordinates>120.212920858912,22.981294864723</coordinates></Point>
  </Placemark>
  <Placemark>
	<ExtendedData><SchemaData schemaUrl="#六區行道樹2021_1">
		<SimpleData name="AREA">東區</SimpleData>
		<SimpleData name="DATE">2019/11/29</SimpleData>
		<SimpleData name="UID">320-04150</SimpleData>
		<SimpleData name="TREE_NAME">華盛頓椰子</SimpleData>
		<SimpleData name="ROAD">林森路一段中央分隔島</SimpleData>
	</SchemaData></ExtendedData>
      <Point><coordinates>120.212875996451,22.9812778458183</coordinates></Point>
  </Placemark>
  <Placemark>
	<ExtendedData><SchemaData schemaUrl="#六區行道樹2021_1">
		<SimpleData name="AREA">東區</SimpleData>
		<SimpleData name="DATE">2019/11/29</SimpleData>
		<SimpleData name="UID">320-04151</SimpleData>
		<SimpleData name="TREE_NAME">樹頭</SimpleData>
		<SimpleData name="ROAD">林森路一段中央分隔島</SimpleData>
	</SchemaData></ExtendedData>
      <Point><coordinates>120.212845644013,22.981264601335</coordinates></Point>
  </Placemark>
  <Placemark>
	<ExtendedData><SchemaData schemaUrl="#六區行道樹2021_1">
		<SimpleData name="AREA">東區</SimpleData>
		<SimpleData name="DATE">2019/11/29</SimpleData>
		<SimpleData name="UID">320-04152</SimpleData>
		<SimpleData name="TREE_NAME">華盛頓椰子</SimpleData>
		<SimpleData name="ROAD">林森路一段中央分隔島</SimpleData>
	</SchemaData></ExtendedData>
      <Point><coordinates>120.212808646694,22.9812535813819</coordinates></Point>
  </Placemark>
  <Placemark>
	<ExtendedData><SchemaData schemaUrl="#六區行道樹2021_1">
		<SimpleData name="AREA">東區</SimpleData>
		<SimpleData name="DATE">2019/11/29</SimpleData>
		<SimpleData name="UID">320-04153</SimpleData>
		<SimpleData name="TREE_NAME">華盛頓椰子</SimpleData>
		<SimpleData name="ROAD">林森路一段中央分隔島</SimpleData>
	</SchemaData></ExtendedData>
      <Point><coordinates>120.212773299485,22.981243924141</coordinates></Point>
  </Placemark>
  <Placemark>
	<ExtendedData><SchemaData schemaUrl="#六區行道樹2021_1">
		<SimpleData name="AREA">東區</SimpleData>
		<SimpleData name="DATE">2019/11/29</SimpleData>
		<SimpleData name="UID">320-04154</SimpleData>
		<SimpleData name="TREE_NAME">華盛頓椰子</SimpleData>
		<SimpleData name="ROAD">林森路一段中央分隔島</SimpleData>
	</SchemaData></ExtendedData>
      <Point><coordinates>120.212734158687,22.9812325323172</coordinates></Point>
  </Placemark>
  <Placemark>
	<ExtendedData><SchemaData schemaUrl="#六區行道樹2021_1">
		<SimpleData name="AREA">東區</SimpleData>
		<SimpleData name="DATE">2019/11/29</SimpleData>
		<SimpleData name="UID">320-04155</SimpleData>
		<SimpleData name="TREE_NAME">華盛頓椰子</SimpleData>
		<SimpleData name="ROAD">林森路一段中央分隔島</SimpleData>
	</SchemaData></ExtendedData>
      <Point><coordinates>120.212692795193,22.9812176076794</coordinates></Point>
  </Placemark>
  <Placemark>
	<ExtendedData><SchemaData schemaUrl="#六區行道樹2021_1">
		<SimpleData name="AREA">東區</SimpleData>
		<SimpleData name="DATE">2019/11/29</SimpleData>
		<SimpleData name="UID">320-04156</SimpleData>
		<SimpleData name="TREE_NAME">華盛頓椰子</SimpleData>
		<SimpleData name="ROAD">林森路一段中央分隔島</SimpleData>
	</SchemaData></ExtendedData>
      <Point><coordinates>120.212638500972,22.9811956655673</coordinates></Point>
  </Placemark>
  <Placemark>
	<ExtendedData><SchemaData schemaUrl="#六區行道樹2021_1">
		<SimpleData name="AREA">東區</SimpleData>
		<SimpleData name="DATE">2019/11/29</SimpleData>
		<SimpleData name="UID">320-04157</SimpleData>
		<SimpleData name="TREE_NAME">華盛頓椰子</SimpleData>
		<SimpleData name="ROAD">林森路一段中央分隔島</SimpleData>
	</SchemaData></ExtendedData>
      <Point><coordinates>120.212596535595,22.9811836275662</coordinates></Point>
  </Placemark>
  <Placemark>
	<ExtendedData><SchemaData schemaUrl="#六區行道樹2021_1">
		<SimpleData name="AREA">東區</SimpleData>
		<SimpleData name="DATE">2019/11/29</SimpleData>
		<SimpleData name="UID">320-04158</SimpleData>
		<SimpleData name="TREE_NAME">華盛頓椰子</SimpleData>
		<SimpleData name="ROAD">林森路一段中央分隔島</SimpleData>
	</SchemaData></ExtendedData>
      <Point><coordinates>120.212559445504,22.9811717943804</coordinates></Point>
  </Placemark>
  <Placemark>
	<ExtendedData><SchemaData schemaUrl="#六區行道樹2021_1">
		<SimpleData name="AREA">東區</SimpleData>
		<SimpleData name="DATE">2019/11/29</SimpleData>
		<SimpleData name="UID">320-04159</SimpleData>
		<SimpleData name="TREE_NAME">黃花風鈴木</SimpleData>
		<SimpleData name="ROAD">林森路一段人行道</SimpleData>
	</SchemaData></ExtendedData>
      <Point><coordinates>120.212477195235,22.9808914506947</coordinates></Point>
  </Placemark>
  <Placemark>
	<ExtendedData><SchemaData schemaUrl="#六區行道樹2021_1">
		<SimpleData name="AREA">東區</SimpleData>
		<SimpleData name="DATE">2019/11/29</SimpleData>
		<SimpleData name="UID">320-04160</SimpleData>
		<SimpleData name="TREE_NAME">黃花風鈴木</SimpleData>
		<SimpleData name="ROAD">林森路一段人行道</SimpleData>
	</SchemaData></ExtendedData>
      <Point><coordinates>120.212558253572,22.9809230978097</coordinates></Point>
  </Placemark>
  <Placemark>
	<ExtendedData><SchemaData schemaUrl="#六區行道樹2021_1">
		<SimpleData name="AREA">東區</SimpleData>
		<SimpleData name="DATE">2019/11/29</SimpleData>
		<SimpleData name="UID">320-04161</SimpleData>
		<SimpleData name="TREE_NAME">黃花風鈴木</SimpleData>
		<SimpleData name="ROAD">林森路一段人行道</SimpleData>
	</SchemaData></ExtendedData>
      <Point><coordinates>120.212622330134,22.9809399413546</coordinates></Point>
  </Placemark>
  <Placemark>
	<ExtendedData><SchemaData schemaUrl="#六區行道樹2021_1">
		<SimpleData name="AREA">東區</SimpleData>
		<SimpleData name="DATE">2019/11/29</SimpleData>
		<SimpleData name="UID">320-04162</SimpleData>
		<SimpleData name="TREE_NAME">黃花風鈴木</SimpleData>
		<SimpleData name="ROAD">林森路一段人行道</SimpleData>
	</SchemaData></ExtendedData>
      <Point><coordinates>120.21271392202,22.9809378679168</coordinates></Point>
  </Placemark>
  <Placemark>
	<ExtendedData><SchemaData schemaUrl="#六區行道樹2021_1">
		<SimpleData name="AREA">東區</SimpleData>
		<SimpleData name="DATE">2019/11/29</SimpleData>
		<SimpleData name="UID">320-04163</SimpleData>
		<SimpleData name="TREE_NAME">黃花風鈴木</SimpleData>
		<SimpleData name="ROAD">林森路一段人行道</SimpleData>
	</SchemaData></ExtendedData>
      <Point><coordinates>120.212771902272,22.9809632597723</coordinates></Point>
  </Placemark>
  <Placemark>
	<ExtendedData><SchemaData schemaUrl="#六區行道樹2021_1">
		<SimpleData name="AREA">東區</SimpleData>
		<SimpleData name="DATE">2019/11/29</SimpleData>
		<SimpleData name="UID">320-04164</SimpleData>
		<SimpleData name="TREE_NAME">黃花風鈴木</SimpleData>
		<SimpleData name="ROAD">林森路一段人行道</SimpleData>
	</SchemaData></ExtendedData>
      <Point><coordinates>120.212981091235,22.9810493628289</coordinates></Point>
  </Placemark>
  <Placemark>
	<ExtendedData><SchemaData schemaUrl="#六區行道樹2021_1">
		<SimpleData name="AREA">東區</SimpleData>
		<SimpleData name="DATE">2019/11/29</SimpleData>
		<SimpleData name="UID">320-04165</SimpleData>
		<SimpleData name="TREE_NAME">楓香</SimpleData>
		<SimpleData name="ROAD">林森路一段人行道</SimpleData>
	</SchemaData></ExtendedData>
      <Point><coordinates>120.213086349426,22.9810788723075</coordinates></Point>
  </Placemark>
  <Placemark>
	<ExtendedData><SchemaData schemaUrl="#六區行道樹2021_1">
		<SimpleData name="AREA">東區</SimpleData>
		<SimpleData name="DATE">2019/11/29</SimpleData>
		<SimpleData name="UID">320-04166</SimpleData>
		<SimpleData name="TREE_NAME">楓香</SimpleData>
		<SimpleData name="ROAD">林森路一段人行道</SimpleData>
	</SchemaData></ExtendedData>
      <Point><coordinates>120.213175318129,22.9811087523554</coordinates></Point>
  </Placemark>
  <Placemark>
	<ExtendedData><SchemaData schemaUrl="#六區行道樹2021_1">
		<SimpleData name="AREA">東區</SimpleData>
		<SimpleData name="DATE">2019/11/29</SimpleData>
		<SimpleData name="UID">320-04167</SimpleData>
		<SimpleData name="TREE_NAME">龍眼</SimpleData>
		<SimpleData name="ROAD">林森路一段人行道</SimpleData>
	</SchemaData></ExtendedData>
      <Point><coordinates>120.213261384607,22.9811345543742</coordinates></Point>
  </Placemark>
  <Placemark>
	<ExtendedData><SchemaData schemaUrl="#六區行道樹2021_1">
		<SimpleData name="AREA">東區</SimpleData>
		<SimpleData name="DATE">2019/11/29</SimpleData>
		<SimpleData name="UID">320-04168</SimpleData>
		<SimpleData name="TREE_NAME">黃花風鈴木</SimpleData>
		<SimpleData name="ROAD">林森路一段人行道</SimpleData>
	</SchemaData></ExtendedData>
      <Point><coordinates>120.21333015623,22.9811490731009</coordinates></Point>
  </Placemark>
  <Placemark>
	<ExtendedData><SchemaData schemaUrl="#六區行道樹2021_1">
		<SimpleData name="AREA">東區</SimpleData>
		<SimpleData name="DATE">2019/11/29</SimpleData>
		<SimpleData name="UID">320-04169</SimpleData>
		<SimpleData name="TREE_NAME">黃花風鈴木</SimpleData>
		<SimpleData name="ROAD">林森路一段人行道</SimpleData>
	</SchemaData></ExtendedData>
      <Point><coordinates>120.213401179343,22.9811621581467</coordinates></Point>
  </Placemark>
  <Placemark>
	<ExtendedData><SchemaData schemaUrl="#六區行道樹2021_1">
		<SimpleData name="AREA">東區</SimpleData>
		<SimpleData name="DATE">2019/11/29</SimpleData>
		<SimpleData name="UID">320-04170</SimpleData>
		<SimpleData name="TREE_NAME">黃花風鈴木</SimpleData>
		<SimpleData name="ROAD">林森路一段人行道</SimpleData>
	</SchemaData></ExtendedData>
      <Point><coordinates>120.213427418973,22.9811782717646</coordinates></Point>
  </Placemark>
  <Placemark>
	<ExtendedData><SchemaData schemaUrl="#六區行道樹2021_1">
		<SimpleData name="AREA">東區</SimpleData>
		<SimpleData name="DATE">2019/11/29</SimpleData>
		<SimpleData name="UID">320-04171</SimpleData>
		<SimpleData name="TREE_NAME">黃花風鈴木</SimpleData>
		<SimpleData name="ROAD">林森路一段人行道</SimpleData>
	</SchemaData></ExtendedData>
      <Point><coordinates>120.213565910714,22.9812288055403</coordinates></Point>
  </Placemark>
  <Placemark>
	<ExtendedData><SchemaData schemaUrl="#六區行道樹2021_1">
		<SimpleData name="AREA">東區</SimpleData>
		<SimpleData name="DATE">2019/11/29</SimpleData>
		<SimpleData name="UID">320-04172</SimpleData>
		<SimpleData name="TREE_NAME">黃花風鈴木</SimpleData>
		<SimpleData name="ROAD">林森路一段人行道</SimpleData>
	</SchemaData></ExtendedData>
      <Point><coordinates>120.213615551009,22.9812460285616</coordinates></Point>
  </Placemark>
  <Placemark>
	<ExtendedData><SchemaData schemaUrl="#六區行道樹2021_1">
		<SimpleData name="AREA">東區</SimpleData>
		<SimpleData name="DATE">2019/11/29</SimpleData>
		<SimpleData name="UID">320-04173</SimpleData>
		<SimpleData name="TREE_NAME">黃花風鈴木</SimpleData>
		<SimpleData name="ROAD">林森路一段人行道</SimpleData>
	</SchemaData></ExtendedData>
      <Point><coordinates>120.21365617674,22.9812536348685</coordinates></Point>
  </Placemark>
  <Placemark>
	<ExtendedData><SchemaData schemaUrl="#六區行道樹2021_1">
		<SimpleData name="AREA">東區</SimpleData>
		<SimpleData name="DATE">2019/11/29</SimpleData>
		<SimpleData name="UID">320-04174</SimpleData>
		<SimpleData name="TREE_NAME">黃花風鈴木</SimpleData>
		<SimpleData name="ROAD">林森路一段人行道</SimpleData>
	</SchemaData></ExtendedData>
      <Point><coordinates>120.213705733639,22.9812684193042</coordinates></Point>
  </Placemark>
  <Placemark>
	<ExtendedData><SchemaData schemaUrl="#六區行道樹2021_1">
		<SimpleData name="AREA">東區</SimpleData>
		<SimpleData name="DATE">2019/11/29</SimpleData>
		<SimpleData name="UID">320-04175</SimpleData>
		<SimpleData name="TREE_NAME">空樹穴</SimpleData>
		<SimpleData name="ROAD">林森路一段人行道</SimpleData>
	</SchemaData></ExtendedData>
      <Point><coordinates>120.213810398129,22.9812994604907</coordinates></Point>
  </Placemark>
  <Placemark>
	<ExtendedData><SchemaData schemaUrl="#六區行道樹2021_1">
		<SimpleData name="AREA">東區</SimpleData>
		<SimpleData name="DATE">2019/11/29</SimpleData>
		<SimpleData name="UID">320-04176</SimpleData>
		<SimpleData name="TREE_NAME">黃花風鈴木</SimpleData>
		<SimpleData name="ROAD">林森路一段人行道</SimpleData>
	</SchemaData></ExtendedData>
      <Point><coordinates>120.214315421805,22.981448434175</coordinates></Point>
  </Placemark>
  <Placemark>
	<ExtendedData><SchemaData schemaUrl="#六區行道樹2021_1">
		<SimpleData name="AREA">東區</SimpleData>
		<SimpleData name="DATE">2019/11/29</SimpleData>
		<SimpleData name="UID">320-04177</SimpleData>
		<SimpleData name="TREE_NAME">蘋婆</SimpleData>
		<SimpleData name="ROAD">林森路一段人行道</SimpleData>
	</SchemaData></ExtendedData>
      <Point><coordinates>120.2143835861,22.9814668324098</coordinates></Point>
  </Placemark>
  <Placemark>
	<ExtendedData><SchemaData schemaUrl="#六區行道樹2021_1">
		<SimpleData name="AREA">東區</SimpleData>
		<SimpleData name="DATE">2019/11/29</SimpleData>
		<SimpleData name="UID">320-04178</SimpleData>
		<SimpleData name="TREE_NAME">黃花風鈴木</SimpleData>
		<SimpleData name="ROAD">林森路一段人行道</SimpleData>
	</SchemaData></ExtendedData>
      <Point><coordinates>120.216180790856,22.9823580685471</coordinates></Point>
  </Placemark>
  <Placemark>
	<ExtendedData><SchemaData schemaUrl="#六區行道樹2021_1">
		<SimpleData name="AREA">東區</SimpleData>
		<SimpleData name="DATE">2019/11/29</SimpleData>
		<SimpleData name="UID">320-04179</SimpleData>
		<SimpleData name="TREE_NAME">黃花風鈴木</SimpleData>
		<SimpleData name="ROAD">林森路一段人行道</SimpleData>
	</SchemaData></ExtendedData>
      <Point><coordinates>120.216239543124,22.9823682019961</coordinates></Point>
  </Placemark>
  <Placemark>
	<ExtendedData><SchemaData schemaUrl="#六區行道樹2021_1">
		<SimpleData name="AREA">東區</SimpleData>
		<SimpleData name="DATE">2019/11/29</SimpleData>
		<SimpleData name="UID">320-04180</SimpleData>
		<SimpleData name="TREE_NAME">黃花風鈴木</SimpleData>
		<SimpleData name="ROAD">林森路一段人行道</SimpleData>
	</SchemaData></ExtendedData>
      <Point><coordinates>120.216295538588,22.9823828368736</coordinates></Point>
  </Placemark>
  <Placemark>
	<ExtendedData><SchemaData schemaUrl="#六區行道樹2021_1">
		<SimpleData name="AREA">東區</SimpleData>
		<SimpleData name="DATE">2019/11/29</SimpleData>
		<SimpleData name="UID">320-04181</SimpleData>
		<SimpleData name="TREE_NAME">黃花風鈴木</SimpleData>
		<SimpleData name="ROAD">林森路一段人行道</SimpleData>
	</SchemaData></ExtendedData>
      <Point><coordinates>120.216326614554,22.9824060174676</coordinates></Point>
  </Placemark>
  <Placemark>
	<ExtendedData><SchemaData schemaUrl="#六區行道樹2021_1">
		<SimpleData name="AREA">東區</SimpleData>
		<SimpleData name="DATE">2019/11/29</SimpleData>
		<SimpleData name="UID">320-04182</SimpleData>
		<SimpleData name="TREE_NAME">黃花風鈴木</SimpleData>
		<SimpleData name="ROAD">林森路一段人行道</SimpleData>
	</SchemaData></ExtendedData>
      <Point><coordinates>120.216376022966,22.9824128538019</coordinates></Point>
  </Placemark>
  <Placemark>
	<ExtendedData><SchemaData schemaUrl="#六區行道樹2021_1">
		<SimpleData name="AREA">東區</SimpleData>
		<SimpleData name="DATE">2019/11/29</SimpleData>
		<SimpleData name="UID">320-04183</SimpleData>
		<SimpleData name="TREE_NAME">黃花風鈴木</SimpleData>
		<SimpleData name="ROAD">林森路一段人行道</SimpleData>
	</SchemaData></ExtendedData>
      <Point><coordinates>120.216423174847,22.9824389132172</coordinates></Point>
  </Placemark>
  <Placemark>
	<ExtendedData><SchemaData schemaUrl="#六區行道樹2021_1">
		<SimpleData name="AREA">東區</SimpleData>
		<SimpleData name="DATE">2019/11/29</SimpleData>
		<SimpleData name="UID">320-04184</SimpleData>
		<SimpleData name="TREE_NAME">黃花風鈴木</SimpleData>
		<SimpleData name="ROAD">林森路一段人行道</SimpleData>
	</SchemaData></ExtendedData>
      <Point><coordinates>120.2165000992,22.9824605144274</coordinates></Point>
  </Placemark>
  <Placemark>
	<ExtendedData><SchemaData schemaUrl="#六區行道樹2021_1">
		<SimpleData name="AREA">東區</SimpleData>
		<SimpleData name="DATE">2019/11/29</SimpleData>
		<SimpleData name="UID">320-04185</SimpleData>
		<SimpleData name="TREE_NAME">黃花風鈴木</SimpleData>
		<SimpleData name="ROAD">林森路一段人行道</SimpleData>
	</SchemaData></ExtendedData>
      <Point><coordinates>120.216534349216,22.9824744999043</coordinates></Point>
  </Placemark>
  <Placemark>
	<ExtendedData><SchemaData schemaUrl="#六區行道樹2021_1">
		<SimpleData name="AREA">東區</SimpleData>
		<SimpleData name="DATE">2019/11/29</SimpleData>
		<SimpleData name="UID">320-04186</SimpleData>
		<SimpleData name="TREE_NAME">黃花風鈴木</SimpleData>
		<SimpleData name="ROAD">林森路一段人行道</SimpleData>
	</SchemaData></ExtendedData>
      <Point><coordinates>120.216606699186,22.9824944530195</coordinates></Point>
  </Placemark>
  <Placemark>
	<ExtendedData><SchemaData schemaUrl="#六區行道樹2021_1">
		<SimpleData name="AREA">東區</SimpleData>
		<SimpleData name="DATE">2019/11/29</SimpleData>
		<SimpleData name="UID">320-04187</SimpleData>
		<SimpleData name="TREE_NAME">黃花風鈴木</SimpleData>
		<SimpleData name="ROAD">林森路一段人行道</SimpleData>
	</SchemaData></ExtendedData>
      <Point><coordinates>120.216657867309,22.9825005755522</coordinates></Point>
  </Placemark>
  <Placemark>
	<ExtendedData><SchemaData schemaUrl="#六區行道樹2021_1">
		<SimpleData name="AREA">東區</SimpleData>
		<SimpleData name="DATE">2019/11/29</SimpleData>
		<SimpleData name="UID">320-04188</SimpleData>
		<SimpleData name="TREE_NAME">黃花風鈴木</SimpleData>
		<SimpleData name="ROAD">林森路一段人行道</SimpleData>
	</SchemaData></ExtendedData>
      <Point><coordinates>120.216706477333,22.9825105683964</coordinates></Point>
  </Placemark>
  <Placemark>
	<ExtendedData><SchemaData schemaUrl="#六區行道樹2021_1">
		<SimpleData name="AREA">東區</SimpleData>
		<SimpleData name="DATE">2019/11/29</SimpleData>
		<SimpleData name="UID">320-04189</SimpleData>
		<SimpleData name="TREE_NAME">黃花風鈴木</SimpleData>
		<SimpleData name="ROAD">林森路一段人行道</SimpleData>
	</SchemaData></ExtendedData>
      <Point><coordinates>120.216743140409,22.9825120138245</coordinates></Point>
  </Placemark>
  <Placemark>
	<ExtendedData><SchemaData schemaUrl="#六區行道樹2021_1">
		<SimpleData name="AREA">東區</SimpleData>
		<SimpleData name="DATE">2019/11/29</SimpleData>
		<SimpleData name="UID">320-04190</SimpleData>
		<SimpleData name="TREE_NAME">黃花風鈴木</SimpleData>
		<SimpleData name="ROAD">林森路一段人行道</SimpleData>
	</SchemaData></ExtendedData>
      <Point><coordinates>120.216798241065,22.9825296240591</coordinates></Point>
  </Placemark>
  <Placemark>
	<ExtendedData><SchemaData schemaUrl="#六區行道樹2021_1">
		<SimpleData name="AREA">東區</SimpleData>
		<SimpleData name="DATE">2019/11/29</SimpleData>
		<SimpleData name="UID">320-04191</SimpleData>
		<SimpleData name="TREE_NAME">黃花風鈴木</SimpleData>
		<SimpleData name="ROAD">林森路一段人行道</SimpleData>
	</SchemaData></ExtendedData>
      <Point><coordinates>120.216834683253,22.9825524698687</coordinates></Point>
  </Placemark>
  <Placemark>
	<ExtendedData><SchemaData schemaUrl="#六區行道樹2021_1">
		<SimpleData name="AREA">東區</SimpleData>
		<SimpleData name="DATE">2019/11/29</SimpleData>
		<SimpleData name="UID">320-04192</SimpleData>
		<SimpleData name="TREE_NAME">黃花風鈴木</SimpleData>
		<SimpleData name="ROAD">林森路一段人行道</SimpleData>
	</SchemaData></ExtendedData>
      <Point><coordinates>120.216889110093,22.9825685416141</coordinates></Point>
  </Placemark>
  <Placemark>
	<ExtendedData><SchemaData schemaUrl="#六區行道樹2021_1">
		<SimpleData name="AREA">東區</SimpleData>
		<SimpleData name="DATE">2019/11/29</SimpleData>
		<SimpleData name="UID">320-04193</SimpleData>
		<SimpleData name="TREE_NAME">黃花風鈴木</SimpleData>
		<SimpleData name="ROAD">林森路一段人行道</SimpleData>
	</SchemaData></ExtendedData>
      <Point><coordinates>120.216935062452,22.9825827654347</coordinates></Point>
  </Placemark>
  <Placemark>
	<ExtendedData><SchemaData schemaUrl="#六區行道樹2021_1">
		<SimpleData name="AREA">東區</SimpleData>
		<SimpleData name="DATE">2019/11/29</SimpleData>
		<SimpleData name="UID">320-04194</SimpleData>
		<SimpleData name="TREE_NAME">黃花風鈴木</SimpleData>
		<SimpleData name="ROAD">林森路一段人行道</SimpleData>
	</SchemaData></ExtendedData>
      <Point><coordinates>120.216987684378,22.9826074068866</coordinates></Point>
  </Placemark>
  <Placemark>
	<ExtendedData><SchemaData schemaUrl="#六區行道樹2021_1">
		<SimpleData name="AREA">東區</SimpleData>
		<SimpleData name="DATE">2019/11/29</SimpleData>
		<SimpleData name="UID">320-04195</SimpleData>
		<SimpleData name="TREE_NAME">黃花風鈴木</SimpleData>
		<SimpleData name="ROAD">林森路一段人行道</SimpleData>
	</SchemaData></ExtendedData>
      <Point><coordinates>120.21703203833,22.9826282148036</coordinates></Point>
  </Placemark>
  <Placemark>
	<ExtendedData><SchemaData schemaUrl="#六區行道樹2021_1">
		<SimpleData name="AREA">東區</SimpleData>
		<SimpleData name="DATE">2019/11/29</SimpleData>
		<SimpleData name="UID">320-04196</SimpleData>
		<SimpleData name="TREE_NAME">黃花風鈴木</SimpleData>
		<SimpleData name="ROAD">林森路一段人行道</SimpleData>
	</SchemaData></ExtendedData>
      <Point><coordinates>120.217105535898,22.9826521466372</coordinates></Point>
  </Placemark>
  <Placemark>
	<ExtendedData><SchemaData schemaUrl="#六區行道樹2021_1">
		<SimpleData name="AREA">東區</SimpleData>
		<SimpleData name="DATE">2019/11/29</SimpleData>
		<SimpleData name="UID">320-04197</SimpleData>
		<SimpleData name="TREE_NAME">黃花風鈴木</SimpleData>
		<SimpleData name="ROAD">林森路一段人行道</SimpleData>
	</SchemaData></ExtendedData>
      <Point><coordinates>120.217165965822,22.9826758332845</coordinates></Point>
  </Placemark>
  <Placemark>
	<ExtendedData><SchemaData schemaUrl="#六區行道樹2021_1">
		<SimpleData name="AREA">東區</SimpleData>
		<SimpleData name="DATE">2019/11/29</SimpleData>
		<SimpleData name="UID">320-04198</SimpleData>
		<SimpleData name="TREE_NAME">黃花風鈴木</SimpleData>
		<SimpleData name="ROAD">林森路一段人行道</SimpleData>
	</SchemaData></ExtendedData>
      <Point><coordinates>120.217223270719,22.9827002268869</coordinates></Point>
  </Placemark>
  <Placemark>
	<ExtendedData><SchemaData schemaUrl="#六區行道樹2021_1">
		<SimpleData name="AREA">東區</SimpleData>
		<SimpleData name="DATE">2019/11/29</SimpleData>
		<SimpleData name="UID">320-04199</SimpleData>
		<SimpleData name="TREE_NAME">黃花風鈴木</SimpleData>
		<SimpleData name="ROAD">林森路一段人行道</SimpleData>
	</SchemaData></ExtendedData>
      <Point><coordinates>120.217528456866,22.9827995307147</coordinates></Point>
  </Placemark>
  <Placemark>
	<ExtendedData><SchemaData schemaUrl="#六區行道樹2021_1">
		<SimpleData name="AREA">東區</SimpleData>
		<SimpleData name="DATE">2019/11/29</SimpleData>
		<SimpleData name="UID">320-04200</SimpleData>
		<SimpleData name="TREE_NAME">黃花風鈴木</SimpleData>
		<SimpleData name="ROAD">林森路一段人行道</SimpleData>
	</SchemaData></ExtendedData>
      <Point><coordinates>120.217574309767,22.9828141150684</coordinates></Point>
  </Placemark>
  <Placemark>
	<ExtendedData><SchemaData schemaUrl="#六區行道樹2021_1">
		<SimpleData name="AREA">東區</SimpleData>
		<SimpleData name="DATE">2019/11/29</SimpleData>
		<SimpleData name="UID">320-04201</SimpleData>
		<SimpleData name="TREE_NAME">黃花風鈴木</SimpleData>
		<SimpleData name="ROAD">林森路一段人行道</SimpleData>
	</SchemaData></ExtendedData>
      <Point><coordinates>120.217628275453,22.982842555616</coordinates></Point>
  </Placemark>
  <Placemark>
	<ExtendedData><SchemaData schemaUrl="#六區行道樹2021_1">
		<SimpleData name="AREA">東區</SimpleData>
		<SimpleData name="DATE">2019/11/29</SimpleData>
		<SimpleData name="UID">320-04202</SimpleData>
		<SimpleData name="TREE_NAME">黃花風鈴木</SimpleData>
		<SimpleData name="ROAD">林森路一段人行道</SimpleData>
	</SchemaData></ExtendedData>
      <Point><coordinates>120.21780758711,22.9828846183014</coordinates></Point>
  </Placemark>
  <Placemark>
	<ExtendedData><SchemaData schemaUrl="#六區行道樹2021_1">
		<SimpleData name="AREA">東區</SimpleData>
		<SimpleData name="DATE">2019/11/29</SimpleData>
		<SimpleData name="UID">320-04203</SimpleData>
		<SimpleData name="TREE_NAME">黃花風鈴木</SimpleData>
		<SimpleData name="ROAD">林森路一段人行道</SimpleData>
	</SchemaData></ExtendedData>
      <Point><coordinates>120.217858176309,22.9829066306881</coordinates></Point>
  </Placemark>
  <Placemark>
	<ExtendedData><SchemaData schemaUrl="#六區行道樹2021_1">
		<SimpleData name="AREA">東區</SimpleData>
		<SimpleData name="DATE">2019/11/29</SimpleData>
		<SimpleData name="UID">320-04204</SimpleData>
		<SimpleData name="TREE_NAME">黃花風鈴木</SimpleData>
		<SimpleData name="ROAD">林森路一段人行道</SimpleData>
	</SchemaData></ExtendedData>
      <Point><coordinates>120.217896576098,22.9829283119984</coordinates></Point>
  </Placemark>
  <Placemark>
	<ExtendedData><SchemaData schemaUrl="#六區行道樹2021_1">
		<SimpleData name="AREA">東區</SimpleData>
		<SimpleData name="DATE">2019/11/29</SimpleData>
		<SimpleData name="UID">320-04205</SimpleData>
		<SimpleData name="TREE_NAME">黃花風鈴木</SimpleData>
		<SimpleData name="ROAD">林森路一段人行道</SimpleData>
	</SchemaData></ExtendedData>
      <Point><coordinates>120.217952744692,22.9829468301249</coordinates></Point>
  </Placemark>
  <Placemark>
	<ExtendedData><SchemaData schemaUrl="#六區行道樹2021_1">
		<SimpleData name="AREA">東區</SimpleData>
		<SimpleData name="DATE">2019/11/29</SimpleData>
		<SimpleData name="UID">320-04206</SimpleData>
		<SimpleData name="TREE_NAME">黃花風鈴木</SimpleData>
		<SimpleData name="ROAD">林森路一段人行道</SimpleData>
	</SchemaData></ExtendedData>
      <Point><coordinates>120.218032804525,22.9829660079292</coordinates></Point>
  </Placemark>
  <Placemark>
	<ExtendedData><SchemaData schemaUrl="#六區行道樹2021_1">
		<SimpleData name="AREA">東區</SimpleData>
		<SimpleData name="DATE">2019/11/29</SimpleData>
		<SimpleData name="UID">320-04207</SimpleData>
		<SimpleData name="TREE_NAME">黃花風鈴木</SimpleData>
		<SimpleData name="ROAD">林森路一段人行道</SimpleData>
	</SchemaData></ExtendedData>
      <Point><coordinates>120.218091879763,22.9829878815113</coordinates></Point>
  </Placemark>
  <Placemark>
	<ExtendedData><SchemaData schemaUrl="#六區行道樹2021_1">
		<SimpleData name="AREA">東區</SimpleData>
		<SimpleData name="DATE">2019/11/29</SimpleData>
		<SimpleData name="UID">320-04208</SimpleData>
		<SimpleData name="TREE_NAME">黃花風鈴木</SimpleData>
		<SimpleData name="ROAD">林森路一段人行道</SimpleData>
	</SchemaData></ExtendedData>
      <Point><coordinates>120.218136416253,22.982993970852</coordinates></Point>
  </Placemark>
  <Placemark>
	<ExtendedData><SchemaData schemaUrl="#六區行道樹2021_1">
		<SimpleData name="AREA">東區</SimpleData>
		<SimpleData name="DATE">2019/11/29</SimpleData>
		<SimpleData name="UID">320-04209</SimpleData>
		<SimpleData name="TREE_NAME">空樹穴</SimpleData>
		<SimpleData name="ROAD">林森路一段人行道</SimpleData>
	</SchemaData></ExtendedData>
      <Point><coordinates>120.218186694258,22.9830192324607</coordinates></Point>
  </Placemark>
  <Placemark>
	<ExtendedData><SchemaData schemaUrl="#六區行道樹2021_1">
		<SimpleData name="AREA">東區</SimpleData>
		<SimpleData name="DATE">2019/12/6</SimpleData>
		<SimpleData name="UID">320-04301</SimpleData>
		<SimpleData name="TREE_NAME">光蠟樹</SimpleData>
		<SimpleData name="ROAD">林森路一段人行道</SimpleData>
	</SchemaData></ExtendedData>
      <Point><coordinates>120.218068198114,22.9826457922094</coordinates></Point>
  </Placemark>
  <Placemark>
	<ExtendedData><SchemaData schemaUrl="#六區行道樹2021_1">
		<SimpleData name="AREA">東區</SimpleData>
		<SimpleData name="DATE">2019/12/6</SimpleData>
		<SimpleData name="UID">320-04302</SimpleData>
		<SimpleData name="TREE_NAME">黃花風鈴木</SimpleData>
		<SimpleData name="ROAD">林森路一段人行道</SimpleData>
	</SchemaData></ExtendedData>
      <Point><coordinates>120.218022285959,22.9826415020976</coordinates></Point>
  </Placemark>
  <Placemark>
	<ExtendedData><SchemaData schemaUrl="#六區行道樹2021_1">
		<SimpleData name="AREA">東區</SimpleData>
		<SimpleData name="DATE">2019/12/6</SimpleData>
		<SimpleData name="UID">320-04303</SimpleData>
		<SimpleData name="TREE_NAME">黃花風鈴木</SimpleData>
		<SimpleData name="ROAD">林森路一段人行道</SimpleData>
	</SchemaData></ExtendedData>
      <Point><coordinates>120.2179870641,22.9826268800309</coordinates></Point>
  </Placemark>
  <Placemark>
	<ExtendedData><SchemaData schemaUrl="#六區行道樹2021_1">
		<SimpleData name="AREA">東區</SimpleData>
		<SimpleData name="DATE">2019/12/6</SimpleData>
		<SimpleData name="UID">320-04304</SimpleData>
		<SimpleData name="TREE_NAME">黃花風鈴木</SimpleData>
		<SimpleData name="ROAD">林森路一段人行道</SimpleData>
	</SchemaData></ExtendedData>
      <Point><coordinates>120.217955938929,22.9826121878708</coordinates></Point>
  </Placemark>
  <Placemark>
	<ExtendedData><SchemaData schemaUrl="#六區行道樹2021_1">
		<SimpleData name="AREA">東區</SimpleData>
		<SimpleData name="DATE">2019/12/6</SimpleData>
		<SimpleData name="UID">320-04305</SimpleData>
		<SimpleData name="TREE_NAME">黃花風鈴木</SimpleData>
		<SimpleData name="ROAD">林森路一段人行道</SimpleData>
	</SchemaData></ExtendedData>
      <Point><coordinates>120.217928268102,22.9826073556344</coordinates></Point>
  </Placemark>
  <Placemark>
	<ExtendedData><SchemaData schemaUrl="#六區行道樹2021_1">
		<SimpleData name="AREA">東區</SimpleData>
		<SimpleData name="DATE">2019/12/6</SimpleData>
		<SimpleData name="UID">320-04306</SimpleData>
		<SimpleData name="TREE_NAME">黃花風鈴木</SimpleData>
		<SimpleData name="ROAD">林森路一段人行道</SimpleData>
	</SchemaData></ExtendedData>
      <Point><coordinates>120.217852398026,22.9825889208729</coordinates></Point>
  </Placemark>
  <Placemark>
	<ExtendedData><SchemaData schemaUrl="#六區行道樹2021_1">
		<SimpleData name="AREA">東區</SimpleData>
		<SimpleData name="DATE">2019/12/6</SimpleData>
		<SimpleData name="UID">320-04307</SimpleData>
		<SimpleData name="TREE_NAME">黃花風鈴木</SimpleData>
		<SimpleData name="ROAD">林森路一段人行道</SimpleData>
	</SchemaData></ExtendedData>
      <Point><coordinates>120.217809574762,22.9825732679333</coordinates></Point>
  </Placemark>
  <Placemark>
	<ExtendedData><SchemaData schemaUrl="#六區行道樹2021_1">
		<SimpleData name="AREA">東區</SimpleData>
		<SimpleData name="DATE">2019/12/6</SimpleData>
		<SimpleData name="UID">320-04308</SimpleData>
		<SimpleData name="TREE_NAME">黃花風鈴木</SimpleData>
		<SimpleData name="ROAD">林森路一段人行道</SimpleData>
	</SchemaData></ExtendedData>
      <Point><coordinates>120.217761878767,22.9825569588194</coordinates></Point>
  </Placemark>
  <Placemark>
	<ExtendedData><SchemaData schemaUrl="#六區行道樹2021_1">
		<SimpleData name="AREA">東區</SimpleData>
		<SimpleData name="DATE">2019/12/6</SimpleData>
		<SimpleData name="UID">320-04309</SimpleData>
		<SimpleData name="TREE_NAME">黃花風鈴木</SimpleData>
		<SimpleData name="ROAD">林森路一段人行道</SimpleData>
	</SchemaData></ExtendedData>
      <Point><coordinates>120.217720529878,22.9825393264967</coordinates></Point>
  </Placemark>
  <Placemark>
	<ExtendedData><SchemaData schemaUrl="#六區行道樹2021_1">
		<SimpleData name="AREA">東區</SimpleData>
		<SimpleData name="DATE">2019/12/6</SimpleData>
		<SimpleData name="UID">320-04310</SimpleData>
		<SimpleData name="TREE_NAME">黃花風鈴木</SimpleData>
		<SimpleData name="ROAD">林森路一段人行道</SimpleData>
	</SchemaData></ExtendedData>
      <Point><coordinates>120.217688108301,22.9825295944778</coordinates></Point>
  </Placemark>
  <Placemark>
	<ExtendedData><SchemaData schemaUrl="#六區行道樹2021_1">
		<SimpleData name="AREA">東區</SimpleData>
		<SimpleData name="DATE">2019/12/6</SimpleData>
		<SimpleData name="UID">320-04311</SimpleData>
		<SimpleData name="TREE_NAME">黃花風鈴木</SimpleData>
		<SimpleData name="ROAD">林森路一段人行道</SimpleData>
	</SchemaData></ExtendedData>
      <Point><coordinates>120.217612187578,22.982503032202</coordinates></Point>
  </Placemark>
  <Placemark>
	<ExtendedData><SchemaData schemaUrl="#六區行道樹2021_1">
		<SimpleData name="AREA">東區</SimpleData>
		<SimpleData name="DATE">2019/12/6</SimpleData>
		<SimpleData name="UID">320-04312</SimpleData>
		<SimpleData name="TREE_NAME">黃花風鈴木</SimpleData>
		<SimpleData name="ROAD">林森路一段人行道</SimpleData>
	</SchemaData></ExtendedData>
      <Point><coordinates>120.217563056802,22.9824818396555</coordinates></Point>
  </Placemark>
  <Placemark>
	<ExtendedData><SchemaData schemaUrl="#六區行道樹2021_1">
		<SimpleData name="AREA">東區</SimpleData>
		<SimpleData name="DATE">2019/12/6</SimpleData>
		<SimpleData name="UID">320-04313</SimpleData>
		<SimpleData name="TREE_NAME">黃花風鈴木</SimpleData>
		<SimpleData name="ROAD">林森路一段人行道</SimpleData>
	</SchemaData></ExtendedData>
      <Point><coordinates>120.217519606444,22.9824634509239</coordinates></Point>
  </Placemark>
  <Placemark>
	<ExtendedData><SchemaData schemaUrl="#六區行道樹2021_1">
		<SimpleData name="AREA">東區</SimpleData>
		<SimpleData name="DATE">2019/12/6</SimpleData>
		<SimpleData name="UID">320-04314</SimpleData>
		<SimpleData name="TREE_NAME">茄苳</SimpleData>
		<SimpleData name="ROAD">林森路一段人行道</SimpleData>
	</SchemaData></ExtendedData>
      <Point><coordinates>120.217249815812,22.9823926099098</coordinates></Point>
  </Placemark>
  <Placemark>
	<ExtendedData><SchemaData schemaUrl="#六區行道樹2021_1">
		<SimpleData name="AREA">東區</SimpleData>
		<SimpleData name="DATE">2019/12/6</SimpleData>
		<SimpleData name="UID">320-04315</SimpleData>
		<SimpleData name="TREE_NAME">芒果</SimpleData>
		<SimpleData name="ROAD">林森路一段人行道</SimpleData>
	</SchemaData></ExtendedData>
      <Point><coordinates>120.217191846268,22.9823820291914</coordinates></Point>
  </Placemark>
  <Placemark>
	<ExtendedData><SchemaData schemaUrl="#六區行道樹2021_1">
		<SimpleData name="AREA">東區</SimpleData>
		<SimpleData name="DATE">2019/12/6</SimpleData>
		<SimpleData name="UID">320-04316</SimpleData>
		<SimpleData name="TREE_NAME">無葉樹</SimpleData>
		<SimpleData name="ROAD">林森路一段人行道</SimpleData>
	</SchemaData></ExtendedData>
      <Point><coordinates>120.217130153294,22.9823575236017</coordinates></Point>
  </Placemark>
  <Placemark>
	<ExtendedData><SchemaData schemaUrl="#六區行道樹2021_1">
		<SimpleData name="AREA">東區</SimpleData>
		<SimpleData name="DATE">2019/12/6</SimpleData>
		<SimpleData name="UID">320-04317</SimpleData>
		<SimpleData name="TREE_NAME">黃花風鈴木</SimpleData>
		<SimpleData name="ROAD">林森路一段人行道</SimpleData>
	</SchemaData></ExtendedData>
      <Point><coordinates>120.216313169563,22.9820823098376</coordinates></Point>
  </Placemark>
  <Placemark>
	<ExtendedData><SchemaData schemaUrl="#六區行道樹2021_1">
		<SimpleData name="AREA">東區</SimpleData>
		<SimpleData name="DATE">2019/12/6</SimpleData>
		<SimpleData name="UID">320-04318</SimpleData>
		<SimpleData name="TREE_NAME">樟樹</SimpleData>
		<SimpleData name="ROAD">長榮路一段柏油路</SimpleData>
	</SchemaData></ExtendedData>
      <Point><coordinates>120.217744571695,22.9838688663486</coordinates></Point>
  </Placemark>
  <Placemark>
	<ExtendedData><SchemaData schemaUrl="#六區行道樹2021_1">
		<SimpleData name="AREA">東區</SimpleData>
		<SimpleData name="DATE">2019/12/6</SimpleData>
		<SimpleData name="UID">320-04319</SimpleData>
		<SimpleData name="TREE_NAME">樟樹</SimpleData>
		<SimpleData name="ROAD">長榮路一段柏油路</SimpleData>
	</SchemaData></ExtendedData>
      <Point><coordinates>120.217808297013,22.9839301345205</coordinates></Point>
  </Placemark>
  <Placemark>
	<ExtendedData><SchemaData schemaUrl="#六區行道樹2021_1">
		<SimpleData name="AREA">東區</SimpleData>
		<SimpleData name="DATE">2019/12/6</SimpleData>
		<SimpleData name="UID">320-04320</SimpleData>
		<SimpleData name="TREE_NAME">樟樹</SimpleData>
		<SimpleData name="ROAD">長榮路一段柏油路</SimpleData>
	</SchemaData></ExtendedData>
      <Point><coordinates>120.217833910521,22.9839874218947</coordinates></Point>
  </Placemark>
  <Placemark>
	<ExtendedData><SchemaData schemaUrl="#六區行道樹2021_1">
		<SimpleData name="AREA">東區</SimpleData>
		<SimpleData name="DATE">2019/12/6</SimpleData>
		<SimpleData name="UID">320-04321</SimpleData>
		<SimpleData name="TREE_NAME">樟樹</SimpleData>
		<SimpleData name="ROAD">長榮路一段柏油路</SimpleData>
	</SchemaData></ExtendedData>
      <Point><coordinates>120.217853396899,22.9840416990693</coordinates></Point>
  </Placemark>
  <Placemark>
	<ExtendedData><SchemaData schemaUrl="#六區行道樹2021_1">
		<SimpleData name="AREA">東區</SimpleData>
		<SimpleData name="DATE">2019/12/6</SimpleData>
		<SimpleData name="UID">320-04322</SimpleData>
		<SimpleData name="TREE_NAME">樟樹</SimpleData>
		<SimpleData name="ROAD">長榮路一段柏油路</SimpleData>
	</SchemaData></ExtendedData>
      <Point><coordinates>120.217894463448,22.9841084540756</coordinates></Point>
  </Placemark>
  <Placemark>
	<ExtendedData><SchemaData schemaUrl="#六區行道樹2021_1">
		<SimpleData name="AREA">東區</SimpleData>
		<SimpleData name="DATE">2019/12/6</SimpleData>
		<SimpleData name="UID">320-04323</SimpleData>
		<SimpleData name="TREE_NAME">樟樹</SimpleData>
		<SimpleData name="ROAD">長榮路一段柏油路</SimpleData>
	</SchemaData></ExtendedData>
      <Point><coordinates>120.21817002192,22.9849841144859</coordinates></Point>
  </Placemark>
  <Placemark>
	<ExtendedData><SchemaData schemaUrl="#六區行道樹2021_1">
		<SimpleData name="AREA">東區</SimpleData>
		<SimpleData name="DATE">2019/12/6</SimpleData>
		<SimpleData name="UID">320-04324</SimpleData>
		<SimpleData name="TREE_NAME">樟樹</SimpleData>
		<SimpleData name="ROAD">長榮路一段柏油路</SimpleData>
	</SchemaData></ExtendedData>
      <Point><coordinates>120.218208635075,22.9851044061903</coordinates></Point>
  </Placemark>
  <Placemark>
	<ExtendedData><SchemaData schemaUrl="#六區行道樹2021_1">
		<SimpleData name="AREA">東區</SimpleData>
		<SimpleData name="DATE">2019/12/6</SimpleData>
		<SimpleData name="UID">320-04325</SimpleData>
		<SimpleData name="TREE_NAME">樟樹</SimpleData>
		<SimpleData name="ROAD">長榮路一段柏油路</SimpleData>
	</SchemaData></ExtendedData>
      <Point><coordinates>120.218256153271,22.9852026179104</coordinates></Point>
  </Placemark>
  <Placemark>
	<ExtendedData><SchemaData schemaUrl="#六區行道樹2021_1">
		<SimpleData name="AREA">東區</SimpleData>
		<SimpleData name="DATE">2019/12/6</SimpleData>
		<SimpleData name="UID">320-04405</SimpleData>
		<SimpleData name="TREE_NAME">樟樹</SimpleData>
		<SimpleData name="ROAD">長榮路一段柏油路</SimpleData>
	</SchemaData></ExtendedData>
      <Point><coordinates>120.218285758813,22.9847527004951</coordinates></Point>
  </Placemark>
  <Placemark>
	<ExtendedData><SchemaData schemaUrl="#六區行道樹2021_1">
		<SimpleData name="AREA">東區</SimpleData>
		<SimpleData name="DATE">2019/12/6</SimpleData>
		<SimpleData name="UID">320-04406</SimpleData>
		<SimpleData name="TREE_NAME">空樹穴</SimpleData>
		<SimpleData name="ROAD">長榮路一段柏油路</SimpleData>
	</SchemaData></ExtendedData>
      <Point><coordinates>120.218272697661,22.9847004417047</coordinates></Point>
  </Placemark>
  <Placemark>
	<ExtendedData><SchemaData schemaUrl="#六區行道樹2021_1">
		<SimpleData name="AREA">東區</SimpleData>
		<SimpleData name="DATE">2019/12/6</SimpleData>
		<SimpleData name="UID">320-04407</SimpleData>
		<SimpleData name="TREE_NAME">樟樹</SimpleData>
		<SimpleData name="ROAD">長榮路一段柏油路</SimpleData>
	</SchemaData></ExtendedData>
      <Point><coordinates>120.2182503884,22.9846451573362</coordinates></Point>
  </Placemark>
  <Placemark>
	<ExtendedData><SchemaData schemaUrl="#六區行道樹2021_1">
		<SimpleData name="AREA">東區</SimpleData>
		<SimpleData name="DATE">2019/12/6</SimpleData>
		<SimpleData name="UID">320-04408</SimpleData>
		<SimpleData name="TREE_NAME">樟樹</SimpleData>
		<SimpleData name="ROAD">長榮路一段柏油路</SimpleData>
	</SchemaData></ExtendedData>
      <Point><coordinates>120.21821675123,22.9845923455268</coordinates></Point>
  </Placemark>
  <Placemark>
	<ExtendedData><SchemaData schemaUrl="#六區行道樹2021_1">
		<SimpleData name="AREA">東區</SimpleData>
		<SimpleData name="DATE">2019/12/6</SimpleData>
		<SimpleData name="UID">320-04409</SimpleData>
		<SimpleData name="TREE_NAME">樟樹</SimpleData>
		<SimpleData name="ROAD">長榮路一段柏油路</SimpleData>
	</SchemaData></ExtendedData>
      <Point><coordinates>120.21815816606,22.9844682529169</coordinates></Point>
  </Placemark>
  <Placemark>
	<ExtendedData><SchemaData schemaUrl="#六區行道樹2021_1">
		<SimpleData name="AREA">東區</SimpleData>
		<SimpleData name="DATE">2019/12/6</SimpleData>
		<SimpleData name="UID">320-04410</SimpleData>
		<SimpleData name="TREE_NAME">樟樹</SimpleData>
		<SimpleData name="ROAD">長榮路一段柏油路</SimpleData>
	</SchemaData></ExtendedData>
      <Point><coordinates>120.218139279052,22.9844284270016</coordinates></Point>
  </Placemark>
  <Placemark>
	<ExtendedData><SchemaData schemaUrl="#六區行道樹2021_1">
		<SimpleData name="AREA">東區</SimpleData>
		<SimpleData name="DATE">2019/12/6</SimpleData>
		<SimpleData name="UID">320-04411</SimpleData>
		<SimpleData name="TREE_NAME">樟樹</SimpleData>
		<SimpleData name="ROAD">長榮路一段柏油路</SimpleData>
	</SchemaData></ExtendedData>
      <Point><coordinates>120.218123905014,22.9843543940868</coordinates></Point>
  </Placemark>
  <Placemark>
	<ExtendedData><SchemaData schemaUrl="#六區行道樹2021_1">
		<SimpleData name="AREA">東區</SimpleData>
		<SimpleData name="DATE">2019/12/6</SimpleData>
		<SimpleData name="UID">320-04412</SimpleData>
		<SimpleData name="TREE_NAME">樟樹</SimpleData>
		<SimpleData name="ROAD">長榮路一段柏油路</SimpleData>
	</SchemaData></ExtendedData>
      <Point><coordinates>120.218036421304,22.9840998535476</coordinates></Point>
  </Placemark>
  <Placemark>
	<ExtendedData><SchemaData schemaUrl="#六區行道樹2021_1">
		<SimpleData name="AREA">東區</SimpleData>
		<SimpleData name="DATE">2019/12/6</SimpleData>
		<SimpleData name="UID">320-04413</SimpleData>
		<SimpleData name="TREE_NAME">樟樹</SimpleData>
		<SimpleData name="ROAD">長榮路一段柏油路</SimpleData>
	</SchemaData></ExtendedData>
      <Point><coordinates>120.218006286737,22.9840316173935</coordinates></Point>
  </Placemark>
  <Placemark>
	<ExtendedData><SchemaData schemaUrl="#六區行道樹2021_1">
		<SimpleData name="AREA">東區</SimpleData>
		<SimpleData name="DATE">2019/12/6</SimpleData>
		<SimpleData name="UID">320-04414</SimpleData>
		<SimpleData name="TREE_NAME">樟樹</SimpleData>
		<SimpleData name="ROAD">長榮路一段柏油路</SimpleData>
	</SchemaData></ExtendedData>
      <Point><coordinates>120.217954507997,22.9839281470758</coordinates></Point>
  </Placemark>
  <Placemark>
	<ExtendedData><SchemaData schemaUrl="#六區行道樹2021_1">
		<SimpleData name="AREA">東區</SimpleData>
		<SimpleData name="DATE">2019/12/6</SimpleData>
		<SimpleData name="UID">320-04415</SimpleData>
		<SimpleData name="TREE_NAME">樟樹</SimpleData>
		<SimpleData name="ROAD">長榮路一段柏油路</SimpleData>
	</SchemaData></ExtendedData>
      <Point><coordinates>120.217940640621,22.983897376075</coordinates></Point>
  </Placemark>
  <Placemark>
	<ExtendedData><SchemaData schemaUrl="#六區行道樹2021_1">
		<SimpleData name="AREA">東區</SimpleData>
		<SimpleData name="DATE">2019/12/6</SimpleData>
		<SimpleData name="UID">320-04416</SimpleData>
		<SimpleData name="TREE_NAME">樟樹</SimpleData>
		<SimpleData name="ROAD">長榮路一段柏油路</SimpleData>
	</SchemaData></ExtendedData>
      <Point><coordinates>120.217909272379,22.9838401506179</coordinates></Point>
  </Placemark>
  <Placemark>
	<ExtendedData><SchemaData schemaUrl="#六區行道樹2021_1">
		<SimpleData name="AREA">東區</SimpleData>
		<SimpleData name="DATE">2019/12/6</SimpleData>
		<SimpleData name="UID">320-04417</SimpleData>
		<SimpleData name="TREE_NAME">樟樹</SimpleData>
		<SimpleData name="ROAD">長榮路一段柏油路</SimpleData>
	</SchemaData></ExtendedData>
      <Point><coordinates>120.21786525946,22.9837600164268</coordinates></Point>
  </Placemark>
  <Placemark>
	<ExtendedData><SchemaData schemaUrl="#六區行道樹2021_1">
		<SimpleData name="AREA">東區</SimpleData>
		<SimpleData name="DATE">2019/12/6</SimpleData>
		<SimpleData name="UID">320-04418</SimpleData>
		<SimpleData name="TREE_NAME">樟樹</SimpleData>
		<SimpleData name="ROAD">長榮路一段柏油路</SimpleData>
	</SchemaData></ExtendedData>
      <Point><coordinates>120.217841505777,22.9837015643144</coordinates></Point>
  </Placemark>
  <Placemark>
	<ExtendedData><SchemaData schemaUrl="#六區行道樹2021_1">
		<SimpleData name="AREA">東區</SimpleData>
		<SimpleData name="DATE">2019/12/6</SimpleData>
		<SimpleData name="UID">320-04419</SimpleData>
		<SimpleData name="TREE_NAME">樟樹</SimpleData>
		<SimpleData name="ROAD">長榮路一段柏油路</SimpleData>
	</SchemaData></ExtendedData>
      <Point><coordinates>120.217799608192,22.9836436547558</coordinates></Point>
  </Placemark>
  <Placemark>
	<ExtendedData><SchemaData schemaUrl="#六區行道樹2021_1">
		<SimpleData name="AREA">東區</SimpleData>
		<SimpleData name="DATE">2019/12/6</SimpleData>
		<SimpleData name="UID">320-04420</SimpleData>
		<SimpleData name="TREE_NAME">長葉垂榕</SimpleData>
		<SimpleData name="ROAD">前鋒路柏油路</SimpleData>
	</SchemaData></ExtendedData>
      <Point><coordinates>120.214423129031,23.0008662353035</coordinates></Point>
  </Placemark>
  <Placemark>
	<ExtendedData><SchemaData schemaUrl="#六區行道樹2021_1">
		<SimpleData name="AREA">東區</SimpleData>
		<SimpleData name="DATE">2019/12/6</SimpleData>
		<SimpleData name="UID">320-04421</SimpleData>
		<SimpleData name="TREE_NAME">長葉垂榕</SimpleData>
		<SimpleData name="ROAD">前鋒路柏油路</SimpleData>
	</SchemaData></ExtendedData>
      <Point><coordinates>120.214349645316,23.0004675512283</coordinates></Point>
  </Placemark>
  <Placemark>
	<ExtendedData><SchemaData schemaUrl="#六區行道樹2021_1">
		<SimpleData name="AREA">東區</SimpleData>
		<SimpleData name="DATE">2019/12/6</SimpleData>
		<SimpleData name="UID">320-04422</SimpleData>
		<SimpleData name="TREE_NAME">長葉垂榕</SimpleData>
		<SimpleData name="ROAD">前鋒路柏油路</SimpleData>
	</SchemaData></ExtendedData>
      <Point><coordinates>120.21433150783,23.0003486245814</coordinates></Point>
  </Placemark>
  <Placemark>
	<ExtendedData><SchemaData schemaUrl="#六區行道樹2021_1">
		<SimpleData name="AREA">東區</SimpleData>
		<SimpleData name="DATE">2019/12/6</SimpleData>
		<SimpleData name="UID">320-04423</SimpleData>
		<SimpleData name="TREE_NAME">長葉垂榕</SimpleData>
		<SimpleData name="ROAD">前鋒路柏油路</SimpleData>
	</SchemaData></ExtendedData>
      <Point><coordinates>120.214291364758,23.0002397928302</coordinates></Point>
  </Placemark>
  <Placemark>
	<ExtendedData><SchemaData schemaUrl="#六區行道樹2021_1">
		<SimpleData name="AREA">東區</SimpleData>
		<SimpleData name="DATE">2019/12/6</SimpleData>
		<SimpleData name="UID">320-04424</SimpleData>
		<SimpleData name="TREE_NAME">長葉垂榕</SimpleData>
		<SimpleData name="ROAD">前鋒路柏油路</SimpleData>
	</SchemaData></ExtendedData>
      <Point><coordinates>120.214241972459,23.0000605703709</coordinates></Point>
  </Placemark>
  <Placemark>
	<ExtendedData><SchemaData schemaUrl="#六區行道樹2021_1">
		<SimpleData name="AREA">東區</SimpleData>
		<SimpleData name="DATE">2019/12/6</SimpleData>
		<SimpleData name="UID">320-04425</SimpleData>
		<SimpleData name="TREE_NAME">長葉垂榕</SimpleData>
		<SimpleData name="ROAD">前鋒路柏油路</SimpleData>
	</SchemaData></ExtendedData>
      <Point><coordinates>120.214225976079,22.9999593534115</coordinates></Point>
  </Placemark>
  <Placemark>
	<ExtendedData><SchemaData schemaUrl="#六區行道樹2021_1">
		<SimpleData name="AREA">東區</SimpleData>
		<SimpleData name="DATE">2019/12/6</SimpleData>
		<SimpleData name="UID">320-04426</SimpleData>
		<SimpleData name="TREE_NAME">長葉垂榕</SimpleData>
		<SimpleData name="ROAD">前鋒路柏油路</SimpleData>
	</SchemaData></ExtendedData>
      <Point><coordinates>120.214203763823,22.9998535002385</coordinates></Point>
  </Placemark>
  <Placemark>
	<ExtendedData><SchemaData schemaUrl="#六區行道樹2021_1">
		<SimpleData name="AREA">東區</SimpleData>
		<SimpleData name="DATE">2019/12/6</SimpleData>
		<SimpleData name="UID">320-04427</SimpleData>
		<SimpleData name="TREE_NAME">長葉垂榕</SimpleData>
		<SimpleData name="ROAD">前鋒路柏油路</SimpleData>
	</SchemaData></ExtendedData>
      <Point><coordinates>120.214198709522,22.9997661536797</coordinates></Point>
  </Placemark>
  <Placemark>
	<ExtendedData><SchemaData schemaUrl="#六區行道樹2021_1">
		<SimpleData name="AREA">東區</SimpleData>
		<SimpleData name="DATE">2019/12/6</SimpleData>
		<SimpleData name="UID">320-04428</SimpleData>
		<SimpleData name="TREE_NAME">長葉垂榕</SimpleData>
		<SimpleData name="ROAD">前鋒路柏油路</SimpleData>
	</SchemaData></ExtendedData>
      <Point><coordinates>120.2141553872,22.9996842159459</coordinates></Point>
  </Placemark>
  <Placemark>
	<ExtendedData><SchemaData schemaUrl="#六區行道樹2021_1">
		<SimpleData name="AREA">東區</SimpleData>
		<SimpleData name="DATE">2019/12/6</SimpleData>
		<SimpleData name="UID">320-04429</SimpleData>
		<SimpleData name="TREE_NAME">長葉垂榕</SimpleData>
		<SimpleData name="ROAD">前鋒路柏油路</SimpleData>
	</SchemaData></ExtendedData>
      <Point><coordinates>120.214122229368,22.9995651244443</coordinates></Point>
  </Placemark>
  <Placemark>
	<ExtendedData><SchemaData schemaUrl="#六區行道樹2021_1">
		<SimpleData name="AREA">東區</SimpleData>
		<SimpleData name="DATE">2019/12/6</SimpleData>
		<SimpleData name="UID">320-04430</SimpleData>
		<SimpleData name="TREE_NAME">長葉垂榕</SimpleData>
		<SimpleData name="ROAD">前鋒路柏油路</SimpleData>
	</SchemaData></ExtendedData>
      <Point><coordinates>120.214108162788,22.9994844154705</coordinates></Point>
  </Placemark>
  <Placemark>
	<ExtendedData><SchemaData schemaUrl="#六區行道樹2021_1">
		<SimpleData name="AREA">東區</SimpleData>
		<SimpleData name="DATE">2019/12/6</SimpleData>
		<SimpleData name="UID">320-04431</SimpleData>
		<SimpleData name="TREE_NAME">長葉垂榕</SimpleData>
		<SimpleData name="ROAD">前鋒路柏油路</SimpleData>
	</SchemaData></ExtendedData>
      <Point><coordinates>120.21408653824,22.9993613176209</coordinates></Point>
  </Placemark>
  <Placemark>
	<ExtendedData><SchemaData schemaUrl="#六區行道樹2021_1">
		<SimpleData name="AREA">東區</SimpleData>
		<SimpleData name="DATE">2019/12/6</SimpleData>
		<SimpleData name="UID">320-04432</SimpleData>
		<SimpleData name="TREE_NAME">長葉垂榕</SimpleData>
		<SimpleData name="ROAD">前鋒路柏油路</SimpleData>
	</SchemaData></ExtendedData>
      <Point><coordinates>120.214049257286,22.9992804934522</coordinates></Point>
  </Placemark>
  <Placemark>
	<ExtendedData><SchemaData schemaUrl="#六區行道樹2021_1">
		<SimpleData name="AREA">東區</SimpleData>
		<SimpleData name="DATE">2019/12/6</SimpleData>
		<SimpleData name="UID">320-04433</SimpleData>
		<SimpleData name="TREE_NAME">長葉垂榕</SimpleData>
		<SimpleData name="ROAD">前鋒路柏油路</SimpleData>
	</SchemaData></ExtendedData>
      <Point><coordinates>120.214047215543,22.9991782620968</coordinates></Point>
  </Placemark>
  <Placemark>
	<ExtendedData><SchemaData schemaUrl="#六區行道樹2021_1">
		<SimpleData name="AREA">東區</SimpleData>
		<SimpleData name="DATE">2019/12/6</SimpleData>
		<SimpleData name="UID">320-04434</SimpleData>
		<SimpleData name="TREE_NAME">長葉垂榕</SimpleData>
		<SimpleData name="ROAD">前鋒路柏油路</SimpleData>
	</SchemaData></ExtendedData>
      <Point><coordinates>120.214010452911,22.9990753166389</coordinates></Point>
  </Placemark>
  <Placemark>
	<ExtendedData><SchemaData schemaUrl="#六區行道樹2021_1">
		<SimpleData name="AREA">東區</SimpleData>
		<SimpleData name="DATE">2019/12/6</SimpleData>
		<SimpleData name="UID">320-04435</SimpleData>
		<SimpleData name="TREE_NAME">長葉垂榕</SimpleData>
		<SimpleData name="ROAD">前鋒路柏油路</SimpleData>
	</SchemaData></ExtendedData>
      <Point><coordinates>120.213968929858,22.9988848454563</coordinates></Point>
  </Placemark>
  <Placemark>
	<ExtendedData><SchemaData schemaUrl="#六區行道樹2021_1">
		<SimpleData name="AREA">東區</SimpleData>
		<SimpleData name="DATE">2019/12/6</SimpleData>
		<SimpleData name="UID">320-04436</SimpleData>
		<SimpleData name="TREE_NAME">長葉垂榕</SimpleData>
		<SimpleData name="ROAD">前鋒路柏油路</SimpleData>
	</SchemaData></ExtendedData>
      <Point><coordinates>120.213953909472,22.9988004293734</coordinates></Point>
  </Placemark>
  <Placemark>
	<ExtendedData><SchemaData schemaUrl="#六區行道樹2021_1">
		<SimpleData name="AREA">東區</SimpleData>
		<SimpleData name="DATE">2019/12/6</SimpleData>
		<SimpleData name="UID">320-04437</SimpleData>
		<SimpleData name="TREE_NAME">長葉垂榕</SimpleData>
		<SimpleData name="ROAD">前鋒路柏油路</SimpleData>
	</SchemaData></ExtendedData>
      <Point><coordinates>120.213935731203,22.9986886362809</coordinates></Point>
  </Placemark>
  <Placemark>
	<ExtendedData><SchemaData schemaUrl="#六區行道樹2021_1">
		<SimpleData name="AREA">東區</SimpleData>
		<SimpleData name="DATE">2019/12/6</SimpleData>
		<SimpleData name="UID">320-04438</SimpleData>
		<SimpleData name="TREE_NAME">欖仁</SimpleData>
		<SimpleData name="ROAD">前鋒路柏油路</SimpleData>
	</SchemaData></ExtendedData>
      <Point><coordinates>120.213885899485,22.9984843980199</coordinates></Point>
  </Placemark>
  <Placemark>
	<ExtendedData><SchemaData schemaUrl="#六區行道樹2021_1">
		<SimpleData name="AREA">東區</SimpleData>
		<SimpleData name="DATE">2019/12/6</SimpleData>
		<SimpleData name="UID">320-04439</SimpleData>
		<SimpleData name="TREE_NAME">小葉欖仁</SimpleData>
		<SimpleData name="ROAD">前鋒路柏油路</SimpleData>
	</SchemaData></ExtendedData>
      <Point><coordinates>120.213837919901,22.9983646007821</coordinates></Point>
  </Placemark>
  <Placemark>
	<ExtendedData><SchemaData schemaUrl="#六區行道樹2021_1">
		<SimpleData name="AREA">東區</SimpleData>
		<SimpleData name="DATE">2019/12/6</SimpleData>
		<SimpleData name="UID">320-04440</SimpleData>
		<SimpleData name="TREE_NAME">長葉垂榕</SimpleData>
		<SimpleData name="ROAD">前鋒路柏油路</SimpleData>
	</SchemaData></ExtendedData>
      <Point><coordinates>120.213780450835,22.9980812205154</coordinates></Point>
  </Placemark>
  <Placemark>
	<ExtendedData><SchemaData schemaUrl="#六區行道樹2021_1">
		<SimpleData name="AREA">東區</SimpleData>
		<SimpleData name="DATE">2019/12/6</SimpleData>
		<SimpleData name="UID">320-04441</SimpleData>
		<SimpleData name="TREE_NAME">芒果</SimpleData>
		<SimpleData name="ROAD">前鋒路柏油路</SimpleData>
	</SchemaData></ExtendedData>
      <Point><coordinates>120.213699654614,22.9977330685921</coordinates></Point>
  </Placemark>
  <Placemark>
	<ExtendedData><SchemaData schemaUrl="#六區行道樹2021_1">
		<SimpleData name="AREA">東區</SimpleData>
		<SimpleData name="DATE">2019/12/6</SimpleData>
		<SimpleData name="UID">320-04442</SimpleData>
		<SimpleData name="TREE_NAME">欖仁</SimpleData>
		<SimpleData name="ROAD">前鋒路柏油路</SimpleData>
	</SchemaData></ExtendedData>
      <Point><coordinates>120.213688505178,22.9976539994796</coordinates></Point>
  </Placemark>
  <Placemark>
	<ExtendedData><SchemaData schemaUrl="#六區行道樹2021_1">
		<SimpleData name="AREA">東區</SimpleData>
		<SimpleData name="DATE">2019/12/6</SimpleData>
		<SimpleData name="UID">320-04443</SimpleData>
		<SimpleData name="TREE_NAME">芒果</SimpleData>
		<SimpleData name="ROAD">前鋒路柏油路</SimpleData>
	</SchemaData></ExtendedData>
      <Point><coordinates>120.213684642883,22.9975798428185</coordinates></Point>
  </Placemark>
  <Placemark>
	<ExtendedData><SchemaData schemaUrl="#六區行道樹2021_1">
		<SimpleData name="AREA">東區</SimpleData>
		<SimpleData name="DATE">2019/12/6</SimpleData>
		<SimpleData name="UID">320-04444</SimpleData>
		<SimpleData name="TREE_NAME">長葉垂榕</SimpleData>
		<SimpleData name="ROAD">前鋒路柏油路</SimpleData>
	</SchemaData></ExtendedData>
      <Point><coordinates>120.213657392598,22.9974850716248</coordinates></Point>
  </Placemark>
  <Placemark>
	<ExtendedData><SchemaData schemaUrl="#六區行道樹2021_1">
		<SimpleData name="AREA">東區</SimpleData>
		<SimpleData name="DATE">2019/12/6</SimpleData>
		<SimpleData name="UID">320-04445</SimpleData>
		<SimpleData name="TREE_NAME">長葉垂榕</SimpleData>
		<SimpleData name="ROAD">前鋒路柏油路</SimpleData>
	</SchemaData></ExtendedData>
      <Point><coordinates>120.213646327948,22.9973576916535</coordinates></Point>
  </Placemark>
  <Placemark>
	<ExtendedData><SchemaData schemaUrl="#六區行道樹2021_1">
		<SimpleData name="AREA">東區</SimpleData>
		<SimpleData name="DATE">2019/12/6</SimpleData>
		<SimpleData name="UID">320-04446</SimpleData>
		<SimpleData name="TREE_NAME">長葉垂榕</SimpleData>
		<SimpleData name="ROAD">前鋒路柏油路</SimpleData>
	</SchemaData></ExtendedData>
      <Point><coordinates>120.213517248068,22.9965720602829</coordinates></Point>
  </Placemark>
  <Placemark>
	<ExtendedData><SchemaData schemaUrl="#六區行道樹2021_1">
		<SimpleData name="AREA">東區</SimpleData>
		<SimpleData name="DATE">2019/12/6</SimpleData>
		<SimpleData name="UID">320-04447</SimpleData>
		<SimpleData name="TREE_NAME">長葉垂榕</SimpleData>
		<SimpleData name="ROAD">前鋒路柏油路</SimpleData>
	</SchemaData></ExtendedData>
      <Point><coordinates>120.213476985792,22.9963325615134</coordinates></Point>
  </Placemark>
  <Placemark>
	<ExtendedData><SchemaData schemaUrl="#六區行道樹2021_1">
		<SimpleData name="AREA">東區</SimpleData>
		<SimpleData name="DATE">2019/12/6</SimpleData>
		<SimpleData name="UID">320-04448</SimpleData>
		<SimpleData name="TREE_NAME">長葉垂榕</SimpleData>
		<SimpleData name="ROAD">前鋒路柏油路</SimpleData>
	</SchemaData></ExtendedData>
      <Point><coordinates>120.213394407654,22.9960902338645</coordinates></Point>
  </Placemark>
  <Placemark>
	<ExtendedData><SchemaData schemaUrl="#六區行道樹2021_1">
		<SimpleData name="AREA">東區</SimpleData>
		<SimpleData name="DATE">2019/12/6</SimpleData>
		<SimpleData name="UID">320-04449</SimpleData>
		<SimpleData name="TREE_NAME">小葉欖仁</SimpleData>
		<SimpleData name="ROAD">前鋒路柏油路</SimpleData>
	</SchemaData></ExtendedData>
      <Point><coordinates>120.213843097499,22.9976726465063</coordinates></Point>
  </Placemark>
  <Placemark>
	<ExtendedData><SchemaData schemaUrl="#六區行道樹2021_1">
		<SimpleData name="AREA">東區</SimpleData>
		<SimpleData name="DATE">2019/12/6</SimpleData>
		<SimpleData name="UID">320-04450</SimpleData>
		<SimpleData name="TREE_NAME">長葉垂榕</SimpleData>
		<SimpleData name="ROAD">前鋒路柏油路</SimpleData>
	</SchemaData></ExtendedData>
      <Point><coordinates>120.21385372064,22.9977583953049</coordinates></Point>
  </Placemark>
  <Placemark>
	<ExtendedData><SchemaData schemaUrl="#六區行道樹2021_1">
		<SimpleData name="AREA">東區</SimpleData>
		<SimpleData name="DATE">2019/12/6</SimpleData>
		<SimpleData name="UID">320-04451</SimpleData>
		<SimpleData name="TREE_NAME">長葉垂榕</SimpleData>
		<SimpleData name="ROAD">前鋒路柏油路</SimpleData>
	</SchemaData></ExtendedData>
      <Point><coordinates>120.213970713254,22.9982399214154</coordinates></Point>
  </Placemark>
  <Placemark>
	<ExtendedData><SchemaData schemaUrl="#六區行道樹2021_1">
		<SimpleData name="AREA">東區</SimpleData>
		<SimpleData name="DATE">2019/12/6</SimpleData>
		<SimpleData name="UID">320-04452</SimpleData>
		<SimpleData name="TREE_NAME">長葉垂榕</SimpleData>
		<SimpleData name="ROAD">前鋒路柏油路</SimpleData>
	</SchemaData></ExtendedData>
      <Point><coordinates>120.213989801707,22.9983124378979</coordinates></Point>
  </Placemark>
  <Placemark>
	<ExtendedData><SchemaData schemaUrl="#六區行道樹2021_1">
		<SimpleData name="AREA">東區</SimpleData>
		<SimpleData name="DATE">2019/12/6</SimpleData>
		<SimpleData name="UID">320-04453</SimpleData>
		<SimpleData name="TREE_NAME">長葉垂榕</SimpleData>
		<SimpleData name="ROAD">前鋒路柏油路</SimpleData>
	</SchemaData></ExtendedData>
      <Point><coordinates>120.214008806233,22.998382606124</coordinates></Point>
  </Placemark>
  <Placemark>
	<ExtendedData><SchemaData schemaUrl="#六區行道樹2021_1">
		<SimpleData name="AREA">東區</SimpleData>
		<SimpleData name="DATE">2019/12/6</SimpleData>
		<SimpleData name="UID">320-04454</SimpleData>
		<SimpleData name="TREE_NAME">長葉垂榕</SimpleData>
		<SimpleData name="ROAD">前鋒路柏油路</SimpleData>
	</SchemaData></ExtendedData>
      <Point><coordinates>120.214021370366,22.9984700802665</coordinates></Point>
  </Placemark>
  <Placemark>
	<ExtendedData><SchemaData schemaUrl="#六區行道樹2021_1">
		<SimpleData name="AREA">東區</SimpleData>
		<SimpleData name="DATE">2019/12/6</SimpleData>
		<SimpleData name="UID">320-04455</SimpleData>
		<SimpleData name="TREE_NAME">長葉垂榕</SimpleData>
		<SimpleData name="ROAD">前鋒路柏油路</SimpleData>
	</SchemaData></ExtendedData>
      <Point><coordinates>120.214039493715,22.9985576722942</coordinates></Point>
  </Placemark>
  <Placemark>
	<ExtendedData><SchemaData schemaUrl="#六區行道樹2021_1">
		<SimpleData name="AREA">東區</SimpleData>
		<SimpleData name="DATE">2019/12/6</SimpleData>
		<SimpleData name="UID">320-04456</SimpleData>
		<SimpleData name="TREE_NAME">長葉垂榕</SimpleData>
		<SimpleData name="ROAD">前鋒路柏油路</SimpleData>
	</SchemaData></ExtendedData>
      <Point><coordinates>120.214058484482,22.9986470746523</coordinates></Point>
  </Placemark>
  <Placemark>
	<ExtendedData><SchemaData schemaUrl="#六區行道樹2021_1">
		<SimpleData name="AREA">東區</SimpleData>
		<SimpleData name="DATE">2019/12/6</SimpleData>
		<SimpleData name="UID">320-04457</SimpleData>
		<SimpleData name="TREE_NAME">長葉垂榕</SimpleData>
		<SimpleData name="ROAD">前鋒路柏油路</SimpleData>
	</SchemaData></ExtendedData>
      <Point><coordinates>120.214092899309,22.9987511823722</coordinates></Point>
  </Placemark>
  <Placemark>
	<ExtendedData><SchemaData schemaUrl="#六區行道樹2021_1">
		<SimpleData name="AREA">東區</SimpleData>
		<SimpleData name="DATE">2019/12/6</SimpleData>
		<SimpleData name="UID">320-04458</SimpleData>
		<SimpleData name="TREE_NAME">長葉垂榕</SimpleData>
		<SimpleData name="ROAD">前鋒路柏油路</SimpleData>
	</SchemaData></ExtendedData>
      <Point><coordinates>120.214117549284,22.9988571379655</coordinates></Point>
  </Placemark>
  <Placemark>
	<ExtendedData><SchemaData schemaUrl="#六區行道樹2021_1">
		<SimpleData name="AREA">東區</SimpleData>
		<SimpleData name="DATE">2019/12/6</SimpleData>
		<SimpleData name="UID">320-04459</SimpleData>
		<SimpleData name="TREE_NAME">長葉垂榕</SimpleData>
		<SimpleData name="ROAD">前鋒路柏油路</SimpleData>
	</SchemaData></ExtendedData>
      <Point><coordinates>120.214141309822,22.999015644579</coordinates></Point>
  </Placemark>
  <Placemark>
	<ExtendedData><SchemaData schemaUrl="#六區行道樹2021_1">
		<SimpleData name="AREA">東區</SimpleData>
		<SimpleData name="DATE">2019/12/6</SimpleData>
		<SimpleData name="UID">320-04460</SimpleData>
		<SimpleData name="TREE_NAME">長葉垂榕</SimpleData>
		<SimpleData name="ROAD">前鋒路柏油路</SimpleData>
	</SchemaData></ExtendedData>
      <Point><coordinates>120.214220948342,22.9993618941912</coordinates></Point>
  </Placemark>
  <Placemark>
	<ExtendedData><SchemaData schemaUrl="#六區行道樹2021_1">
		<SimpleData name="AREA">東區</SimpleData>
		<SimpleData name="DATE">2019/12/6</SimpleData>
		<SimpleData name="UID">320-04461</SimpleData>
		<SimpleData name="TREE_NAME">長葉垂榕</SimpleData>
		<SimpleData name="ROAD">前鋒路柏油路</SimpleData>
	</SchemaData></ExtendedData>
      <Point><coordinates>120.214249200568,22.9994353591151</coordinates></Point>
  </Placemark>
  <Placemark>
	<ExtendedData><SchemaData schemaUrl="#六區行道樹2021_1">
		<SimpleData name="AREA">東區</SimpleData>
		<SimpleData name="DATE">2019/12/6</SimpleData>
		<SimpleData name="UID">320-04462</SimpleData>
		<SimpleData name="TREE_NAME">長葉垂榕</SimpleData>
		<SimpleData name="ROAD">前鋒路柏油路</SimpleData>
	</SchemaData></ExtendedData>
      <Point><coordinates>120.214279632797,22.9995366476904</coordinates></Point>
  </Placemark>
  <Placemark>
	<ExtendedData><SchemaData schemaUrl="#六區行道樹2021_1">
		<SimpleData name="AREA">東區</SimpleData>
		<SimpleData name="DATE">2019/12/6</SimpleData>
		<SimpleData name="UID">320-04463</SimpleData>
		<SimpleData name="TREE_NAME">長葉垂榕</SimpleData>
		<SimpleData name="ROAD">前鋒路柏油路</SimpleData>
	</SchemaData></ExtendedData>
      <Point><coordinates>120.214358448712,22.9997554778237</coordinates></Point>
  </Placemark>
  <Placemark>
	<ExtendedData><SchemaData schemaUrl="#六區行道樹2021_1">
		<SimpleData name="AREA">東區</SimpleData>
		<SimpleData name="DATE">2019/12/6</SimpleData>
		<SimpleData name="UID">320-04464</SimpleData>
		<SimpleData name="TREE_NAME">長葉垂榕</SimpleData>
		<SimpleData name="ROAD">前鋒路柏油路</SimpleData>
	</SchemaData></ExtendedData>
      <Point><coordinates>120.214401199395,23.0000373400398</coordinates></Point>
  </Placemark>
  <Placemark>
	<ExtendedData><SchemaData schemaUrl="#六區行道樹2021_1">
		<SimpleData name="AREA">東區</SimpleData>
		<SimpleData name="DATE">2019/12/6</SimpleData>
		<SimpleData name="UID">320-04465</SimpleData>
		<SimpleData name="TREE_NAME">長葉垂榕</SimpleData>
		<SimpleData name="ROAD">前鋒路柏油路</SimpleData>
	</SchemaData></ExtendedData>
      <Point><coordinates>120.214446529818,23.0003454024477</coordinates></Point>
  </Placemark>
  <Placemark>
	<ExtendedData><SchemaData schemaUrl="#六區行道樹2021_1">
		<SimpleData name="AREA">東區</SimpleData>
		<SimpleData name="DATE">2019/12/6</SimpleData>
		<SimpleData name="UID">320-04466</SimpleData>
		<SimpleData name="TREE_NAME">長葉垂榕</SimpleData>
		<SimpleData name="ROAD">前鋒路柏油路</SimpleData>
	</SchemaData></ExtendedData>
      <Point><coordinates>120.214540861508,23.0007823873835</coordinates></Point>
  </Placemark>
  <Placemark>
	<ExtendedData><SchemaData schemaUrl="#六區行道樹2021_1">
		<SimpleData name="AREA">東區</SimpleData>
		<SimpleData name="DATE">2019/12/6</SimpleData>
		<SimpleData name="UID">320-04467</SimpleData>
		<SimpleData name="TREE_NAME">長葉垂榕</SimpleData>
		<SimpleData name="ROAD">前鋒路柏油路</SimpleData>
	</SchemaData></ExtendedData>
      <Point><coordinates>120.214635058124,23.0010573708321</coordinates></Point>
  </Placemark>
  <Placemark>
	<ExtendedData><SchemaData schemaUrl="#六區行道樹2021_1">
		<SimpleData name="AREA">東區</SimpleData>
		<SimpleData name="DATE">2019/12/20</SimpleData>
		<SimpleData name="UID">320-04573</SimpleData>
		<SimpleData name="TREE_NAME">菩提</SimpleData>
		<SimpleData name="ROAD">勝利路鋪磚道路</SimpleData>
	</SchemaData></ExtendedData>
      <Point><coordinates>120.218305726045,22.9969576913289</coordinates></Point>
  </Placemark>
  <Placemark>
	<ExtendedData><SchemaData schemaUrl="#六區行道樹2021_1">
		<SimpleData name="AREA">東區</SimpleData>
		<SimpleData name="DATE">2019/12/20</SimpleData>
		<SimpleData name="UID">320-04574</SimpleData>
		<SimpleData name="TREE_NAME">菩提</SimpleData>
		<SimpleData name="ROAD">勝利路鋪磚道路</SimpleData>
	</SchemaData></ExtendedData>
      <Point><coordinates>120.218301516626,22.9968925631567</coordinates></Point>
  </Placemark>
  <Placemark>
	<ExtendedData><SchemaData schemaUrl="#六區行道樹2021_1">
		<SimpleData name="AREA">東區</SimpleData>
		<SimpleData name="DATE">2019/12/20</SimpleData>
		<SimpleData name="UID">320-04575</SimpleData>
		<SimpleData name="TREE_NAME">羅望子</SimpleData>
		<SimpleData name="ROAD">勝利路鋪磚道路</SimpleData>
	</SchemaData></ExtendedData>
      <Point><coordinates>120.218296765448,22.9968368236692</coordinates></Point>
  </Placemark>
  <Placemark>
	<ExtendedData><SchemaData schemaUrl="#六區行道樹2021_1">
		<SimpleData name="AREA">東區</SimpleData>
		<SimpleData name="DATE">2019/12/20</SimpleData>
		<SimpleData name="UID">320-04576</SimpleData>
		<SimpleData name="TREE_NAME">羅望子</SimpleData>
		<SimpleData name="ROAD">勝利路鋪磚道路</SimpleData>
	</SchemaData></ExtendedData>
      <Point><coordinates>120.218249212865,22.9966930998711</coordinates></Point>
  </Placemark>
  <Placemark>
	<ExtendedData><SchemaData schemaUrl="#六區行道樹2021_1">
		<SimpleData name="AREA">東區</SimpleData>
		<SimpleData name="DATE">2019/12/20</SimpleData>
		<SimpleData name="UID">320-04577</SimpleData>
		<SimpleData name="TREE_NAME">風鈴木</SimpleData>
		<SimpleData name="ROAD">勝利路鋪磚道路</SimpleData>
	</SchemaData></ExtendedData>
      <Point><coordinates>120.218249084771,22.9966475872695</coordinates></Point>
  </Placemark>
  <Placemark>
	<ExtendedData><SchemaData schemaUrl="#六區行道樹2021_1">
		<SimpleData name="AREA">東區</SimpleData>
		<SimpleData name="DATE">2019/12/20</SimpleData>
		<SimpleData name="UID">320-04578</SimpleData>
		<SimpleData name="TREE_NAME">水黃皮</SimpleData>
		<SimpleData name="ROAD">勝利路人行道</SimpleData>
	</SchemaData></ExtendedData>
      <Point><coordinates>120.218244596717,22.9965461565049</coordinates></Point>
  </Placemark>
  <Placemark>
	<ExtendedData><SchemaData schemaUrl="#六區行道樹2021_1">
		<SimpleData name="AREA">東區</SimpleData>
		<SimpleData name="DATE">2019/12/20</SimpleData>
		<SimpleData name="UID">320-04579</SimpleData>
		<SimpleData name="TREE_NAME">樟樹</SimpleData>
		<SimpleData name="ROAD">勝利路人行道</SimpleData>
	</SchemaData></ExtendedData>
      <Point><coordinates>120.218235416249,22.9964634852991</coordinates></Point>
  </Placemark>
  <Placemark>
	<ExtendedData><SchemaData schemaUrl="#六區行道樹2021_1">
		<SimpleData name="AREA">東區</SimpleData>
		<SimpleData name="DATE">2019/12/20</SimpleData>
		<SimpleData name="UID">320-04580</SimpleData>
		<SimpleData name="TREE_NAME">羅望子</SimpleData>
		<SimpleData name="ROAD">勝利路人行道</SimpleData>
	</SchemaData></ExtendedData>
      <Point><coordinates>120.218240490619,22.9963953326876</coordinates></Point>
  </Placemark>
  <Placemark>
	<ExtendedData><SchemaData schemaUrl="#六區行道樹2021_1">
		<SimpleData name="AREA">南區</SimpleData>
		<SimpleData name="DATE">2019/10/12</SimpleData>
		<SimpleData name="UID">330-00135</SimpleData>
		<SimpleData name="TREE_NAME">黃連木</SimpleData>
		<SimpleData name="ROAD">國民路人行道</SimpleData>
	</SchemaData></ExtendedData>
      <Point><coordinates>120.209566989422,22.9694626739843</coordinates></Point>
  </Placemark>
  <Placemark>
	<ExtendedData><SchemaData schemaUrl="#六區行道樹2021_1">
		<SimpleData name="AREA">南區</SimpleData>
		<SimpleData name="DATE">2019/10/12</SimpleData>
		<SimpleData name="UID">330-00136</SimpleData>
		<SimpleData name="TREE_NAME">黃連木</SimpleData>
		<SimpleData name="ROAD">國民路人行道</SimpleData>
	</SchemaData></ExtendedData>
      <Point><coordinates>120.20962085169,22.9694193087192</coordinates></Point>
  </Placemark>
  <Placemark>
	<ExtendedData><SchemaData schemaUrl="#六區行道樹2021_1">
		<SimpleData name="AREA">南區</SimpleData>
		<SimpleData name="DATE">2019/10/12</SimpleData>
		<SimpleData name="UID">330-00137</SimpleData>
		<SimpleData name="TREE_NAME">黃連木</SimpleData>
		<SimpleData name="ROAD">國民路人行道</SimpleData>
	</SchemaData></ExtendedData>
      <Point><coordinates>120.209658697289,22.9693717187472</coordinates></Point>
  </Placemark>
  <Placemark>
	<ExtendedData><SchemaData schemaUrl="#六區行道樹2021_1">
		<SimpleData name="AREA">南區</SimpleData>
		<SimpleData name="DATE">2019/10/12</SimpleData>
		<SimpleData name="UID">330-00138</SimpleData>
		<SimpleData name="TREE_NAME">黃連木</SimpleData>
		<SimpleData name="ROAD">國民路人行道</SimpleData>
	</SchemaData></ExtendedData>
      <Point><coordinates>120.20967721328,22.9693461021504</coordinates></Point>
  </Placemark>
  <Placemark>
	<ExtendedData><SchemaData schemaUrl="#六區行道樹2021_1">
		<SimpleData name="AREA">南區</SimpleData>
		<SimpleData name="DATE">2019/10/14</SimpleData>
		<SimpleData name="UID">330-00376</SimpleData>
		<SimpleData name="TREE_NAME">白千層</SimpleData>
		<SimpleData name="ROAD">中華南路一段中央分隔島</SimpleData>
	</SchemaData></ExtendedData>
      <Point><coordinates>120.210326887067,22.969441952682</coordinates></Point>
  </Placemark>
  <Placemark>
	<ExtendedData><SchemaData schemaUrl="#六區行道樹2021_1">
		<SimpleData name="AREA">南區</SimpleData>
		<SimpleData name="DATE">2019/10/14</SimpleData>
		<SimpleData name="UID">330-00377</SimpleData>
		<SimpleData name="TREE_NAME">白千層</SimpleData>
		<SimpleData name="ROAD">中華南路一段中央分隔島</SimpleData>
	</SchemaData></ExtendedData>
      <Point><coordinates>120.210367785338,22.9694901427048</coordinates></Point>
  </Placemark>
  <Placemark>
	<ExtendedData><SchemaData schemaUrl="#六區行道樹2021_1">
		<SimpleData name="AREA">南區</SimpleData>
		<SimpleData name="DATE">2019/10/14</SimpleData>
		<SimpleData name="UID">330-00378</SimpleData>
		<SimpleData name="TREE_NAME">白千層</SimpleData>
		<SimpleData name="ROAD">中華南路一段中央分隔島</SimpleData>
	</SchemaData></ExtendedData>
      <Point><coordinates>120.210434291059,22.969513753695</coordinates></Point>
  </Placemark>
  <Placemark>
	<ExtendedData><SchemaData schemaUrl="#六區行道樹2021_1">
		<SimpleData name="AREA">南區</SimpleData>
		<SimpleData name="DATE">2019/10/14</SimpleData>
		<SimpleData name="UID">330-00379</SimpleData>
		<SimpleData name="TREE_NAME">白千層</SimpleData>
		<SimpleData name="ROAD">中華南路一段中央分隔島</SimpleData>
	</SchemaData></ExtendedData>
      <Point><coordinates>120.210476137238,22.9695663190141</coordinates></Point>
  </Placemark>
  <Placemark>
	<ExtendedData><SchemaData schemaUrl="#六區行道樹2021_1">
		<SimpleData name="AREA">南區</SimpleData>
		<SimpleData name="DATE">2019/10/14</SimpleData>
		<SimpleData name="UID">330-00380</SimpleData>
		<SimpleData name="TREE_NAME">白千層</SimpleData>
		<SimpleData name="ROAD">中華南路一段中央分隔島</SimpleData>
	</SchemaData></ExtendedData>
      <Point><coordinates>120.210534265446,22.9695952250769</coordinates></Point>
  </Placemark>
  <Placemark>
	<ExtendedData><SchemaData schemaUrl="#六區行道樹2021_1">
		<SimpleData name="AREA">南區</SimpleData>
		<SimpleData name="DATE">2019/10/14</SimpleData>
		<SimpleData name="UID">330-00381</SimpleData>
		<SimpleData name="TREE_NAME">白千層</SimpleData>
		<SimpleData name="ROAD">中華南路一段中央分隔島</SimpleData>
	</SchemaData></ExtendedData>
      <Point><coordinates>120.210556854847,22.9696354224857</coordinates></Point>
  </Placemark>
  <Placemark>
	<ExtendedData><SchemaData schemaUrl="#六區行道樹2021_1">
		<SimpleData name="AREA">南區</SimpleData>
		<SimpleData name="DATE">2019/10/14</SimpleData>
		<SimpleData name="UID">330-00382</SimpleData>
		<SimpleData name="TREE_NAME">白千層</SimpleData>
		<SimpleData name="ROAD">中華南路一段中央分隔島</SimpleData>
	</SchemaData></ExtendedData>
      <Point><coordinates>120.210640463249,22.9696809805929</coordinates></Point>
  </Placemark>
  <Placemark>
	<ExtendedData><SchemaData schemaUrl="#六區行道樹2021_1">
		<SimpleData name="AREA">南區</SimpleData>
		<SimpleData name="DATE">2019/10/14</SimpleData>
		<SimpleData name="UID">330-00383</SimpleData>
		<SimpleData name="TREE_NAME">白千層</SimpleData>
		<SimpleData name="ROAD">中華南路一段中央分隔島</SimpleData>
	</SchemaData></ExtendedData>
      <Point><coordinates>120.210705108122,22.9697414253068</coordinates></Point>
  </Placemark>
  <Placemark>
	<ExtendedData><SchemaData schemaUrl="#六區行道樹2021_1">
		<SimpleData name="AREA">南區</SimpleData>
		<SimpleData name="DATE">2019/10/14</SimpleData>
		<SimpleData name="UID">330-00384</SimpleData>
		<SimpleData name="TREE_NAME">白千層</SimpleData>
		<SimpleData name="ROAD">中華南路一段中央分隔島</SimpleData>
	</SchemaData></ExtendedData>
      <Point><coordinates>120.21075853025,22.969784412989</coordinates></Point>
  </Placemark>
  <Placemark>
	<ExtendedData><SchemaData schemaUrl="#六區行道樹2021_1">
		<SimpleData name="AREA">南區</SimpleData>
		<SimpleData name="DATE">2019/10/14</SimpleData>
		<SimpleData name="UID">330-00385</SimpleData>
		<SimpleData name="TREE_NAME">白千層</SimpleData>
		<SimpleData name="ROAD">中華南路一段中央分隔島</SimpleData>
	</SchemaData></ExtendedData>
      <Point><coordinates>120.210810787017,22.9698290834951</coordinates></Point>
  </Placemark>
  <Placemark>
	<ExtendedData><SchemaData schemaUrl="#六區行道樹2021_1">
		<SimpleData name="AREA">南區</SimpleData>
		<SimpleData name="DATE">2019/10/14</SimpleData>
		<SimpleData name="UID">330-00386</SimpleData>
		<SimpleData name="TREE_NAME">白千層</SimpleData>
		<SimpleData name="ROAD">中華南路一段中央分隔島</SimpleData>
	</SchemaData></ExtendedData>
      <Point><coordinates>120.21084023627,22.9698465860693</coordinates></Point>
  </Placemark>
  <Placemark>
	<ExtendedData><SchemaData schemaUrl="#六區行道樹2021_1">
		<SimpleData name="AREA">南區</SimpleData>
		<SimpleData name="DATE">2019/10/14</SimpleData>
		<SimpleData name="UID">330-00387</SimpleData>
		<SimpleData name="TREE_NAME">白千層</SimpleData>
		<SimpleData name="ROAD">中華南路一段中央分隔島</SimpleData>
	</SchemaData></ExtendedData>
      <Point><coordinates>120.210888203218,22.9698877134314</coordinates></Point>
  </Placemark>
  <Placemark>
	<ExtendedData><SchemaData schemaUrl="#六區行道樹2021_1">
		<SimpleData name="AREA">南區</SimpleData>
		<SimpleData name="DATE">2019/10/14</SimpleData>
		<SimpleData name="UID">330-00388</SimpleData>
		<SimpleData name="TREE_NAME">白千層</SimpleData>
		<SimpleData name="ROAD">中華南路一段中央分隔島</SimpleData>
	</SchemaData></ExtendedData>
      <Point><coordinates>120.211414832774,22.9703255608714</coordinates></Point>
  </Placemark>
  <Placemark>
	<ExtendedData><SchemaData schemaUrl="#六區行道樹2021_1">
		<SimpleData name="AREA">南區</SimpleData>
		<SimpleData name="DATE">2019/10/14</SimpleData>
		<SimpleData name="UID">330-00389</SimpleData>
		<SimpleData name="TREE_NAME">白千層</SimpleData>
		<SimpleData name="ROAD">中華南路一段中央分隔島</SimpleData>
	</SchemaData></ExtendedData>
      <Point><coordinates>120.211447632571,22.9703534014876</coordinates></Point>
  </Placemark>
  <Placemark>
	<ExtendedData><SchemaData schemaUrl="#六區行道樹2021_1">
		<SimpleData name="AREA">南區</SimpleData>
		<SimpleData name="DATE">2019/10/14</SimpleData>
		<SimpleData name="UID">330-00390</SimpleData>
		<SimpleData name="TREE_NAME">白千層</SimpleData>
		<SimpleData name="ROAD">中華南路一段中央分隔島</SimpleData>
	</SchemaData></ExtendedData>
      <Point><coordinates>120.211505752351,22.9703910844889</coordinates></Point>
  </Placemark>
  <Placemark>
	<ExtendedData><SchemaData schemaUrl="#六區行道樹2021_1">
		<SimpleData name="AREA">南區</SimpleData>
		<SimpleData name="DATE">2019/10/14</SimpleData>
		<SimpleData name="UID">330-00391</SimpleData>
		<SimpleData name="TREE_NAME">白千層</SimpleData>
		<SimpleData name="ROAD">中華南路一段中央分隔島</SimpleData>
	</SchemaData></ExtendedData>
      <Point><coordinates>120.211565669887,22.9704155833284</coordinates></Point>
  </Placemark>
  <Placemark>
	<ExtendedData><SchemaData schemaUrl="#六區行道樹2021_1">
		<SimpleData name="AREA">南區</SimpleData>
		<SimpleData name="DATE">2019/10/14</SimpleData>
		<SimpleData name="UID">330-00392</SimpleData>
		<SimpleData name="TREE_NAME">白千層</SimpleData>
		<SimpleData name="ROAD">中華南路一段中央分隔島</SimpleData>
	</SchemaData></ExtendedData>
      <Point><coordinates>120.211604558378,22.970475141065</coordinates></Point>
  </Placemark>
  <Placemark>
	<ExtendedData><SchemaData schemaUrl="#六區行道樹2021_1">
		<SimpleData name="AREA">南區</SimpleData>
		<SimpleData name="DATE">2019/10/14</SimpleData>
		<SimpleData name="UID">330-00393</SimpleData>
		<SimpleData name="TREE_NAME">白千層</SimpleData>
		<SimpleData name="ROAD">中華南路一段中央分隔島</SimpleData>
	</SchemaData></ExtendedData>
      <Point><coordinates>120.211653984643,22.9705364578935</coordinates></Point>
  </Placemark>
  <Placemark>
	<ExtendedData><SchemaData schemaUrl="#六區行道樹2021_1">
		<SimpleData name="AREA">南區</SimpleData>
		<SimpleData name="DATE">2019/10/14</SimpleData>
		<SimpleData name="UID">330-00394</SimpleData>
		<SimpleData name="TREE_NAME">樹頭</SimpleData>
		<SimpleData name="ROAD">中華南路一段中央分隔島</SimpleData>
	</SchemaData></ExtendedData>
      <Point><coordinates>120.211694000437,22.9705499583074</coordinates></Point>
  </Placemark>
  <Placemark>
	<ExtendedData><SchemaData schemaUrl="#六區行道樹2021_1">
		<SimpleData name="AREA">南區</SimpleData>
		<SimpleData name="DATE">2019/10/14</SimpleData>
		<SimpleData name="UID">330-00395</SimpleData>
		<SimpleData name="TREE_NAME">白千層</SimpleData>
		<SimpleData name="ROAD">中華南路一段中央分隔島</SimpleData>
	</SchemaData></ExtendedData>
      <Point><coordinates>120.211711968655,22.9705731919783</coordinates></Point>
  </Placemark>
  <Placemark>
	<ExtendedData><SchemaData schemaUrl="#六區行道樹2021_1">
		<SimpleData name="AREA">南區</SimpleData>
		<SimpleData name="DATE">2019/10/14</SimpleData>
		<SimpleData name="UID">330-00396</SimpleData>
		<SimpleData name="TREE_NAME">白千層</SimpleData>
		<SimpleData name="ROAD">中華南路一段中央分隔島</SimpleData>
	</SchemaData></ExtendedData>
      <Point><coordinates>120.211749999208,22.9706196065146</coordinates></Point>
  </Placemark>
  <Placemark>
	<ExtendedData><SchemaData schemaUrl="#六區行道樹2021_1">
		<SimpleData name="AREA">南區</SimpleData>
		<SimpleData name="DATE">2019/10/14</SimpleData>
		<SimpleData name="UID">330-00397</SimpleData>
		<SimpleData name="TREE_NAME">白千層</SimpleData>
		<SimpleData name="ROAD">中華南路一段中央分隔島</SimpleData>
	</SchemaData></ExtendedData>
      <Point><coordinates>120.212113503849,22.9709178920015</coordinates></Point>
  </Placemark>
  <Placemark>
	<ExtendedData><SchemaData schemaUrl="#六區行道樹2021_1">
		<SimpleData name="AREA">南區</SimpleData>
		<SimpleData name="DATE">2019/10/14</SimpleData>
		<SimpleData name="UID">330-00398</SimpleData>
		<SimpleData name="TREE_NAME">白千層</SimpleData>
		<SimpleData name="ROAD">中華南路一段中央分隔島</SimpleData>
	</SchemaData></ExtendedData>
      <Point><coordinates>120.212218799815,22.9709923452651</coordinates></Point>
  </Placemark>
  <Placemark>
	<ExtendedData><SchemaData schemaUrl="#六區行道樹2021_1">
		<SimpleData name="AREA">南區</SimpleData>
		<SimpleData name="DATE">2019/10/14</SimpleData>
		<SimpleData name="UID">330-00399</SimpleData>
		<SimpleData name="TREE_NAME">白千層</SimpleData>
		<SimpleData name="ROAD">中華南路一段中央分隔島</SimpleData>
	</SchemaData></ExtendedData>
      <Point><coordinates>120.212265207985,22.9710197115255</coordinates></Point>
  </Placemark>
  <Placemark>
	<ExtendedData><SchemaData schemaUrl="#六區行道樹2021_1">
		<SimpleData name="AREA">南區</SimpleData>
		<SimpleData name="DATE">2019/10/14</SimpleData>
		<SimpleData name="UID">330-00400</SimpleData>
		<SimpleData name="TREE_NAME">白千層</SimpleData>
		<SimpleData name="ROAD">中華南路一段中央分隔島</SimpleData>
	</SchemaData></ExtendedData>
      <Point><coordinates>120.212299577317,22.9710642023768</coordinates></Point>
  </Placemark>
  <Placemark>
	<ExtendedData><SchemaData schemaUrl="#六區行道樹2021_1">
		<SimpleData name="AREA">南區</SimpleData>
		<SimpleData name="DATE">2019/10/14</SimpleData>
		<SimpleData name="UID">330-00401</SimpleData>
		<SimpleData name="TREE_NAME">白千層</SimpleData>
		<SimpleData name="ROAD">中華南路一段中央分隔島</SimpleData>
	</SchemaData></ExtendedData>
      <Point><coordinates>120.212343204902,22.9711035649291</coordinates></Point>
  </Placemark>
  <Placemark>
	<ExtendedData><SchemaData schemaUrl="#六區行道樹2021_1">
		<SimpleData name="AREA">南區</SimpleData>
		<SimpleData name="DATE">2019/10/14</SimpleData>
		<SimpleData name="UID">330-00402</SimpleData>
		<SimpleData name="TREE_NAME">白千層</SimpleData>
		<SimpleData name="ROAD">中華南路一段中央分隔島</SimpleData>
	</SchemaData></ExtendedData>
      <Point><coordinates>120.212386887667,22.9711566355454</coordinates></Point>
  </Placemark>
  <Placemark>
	<ExtendedData><SchemaData schemaUrl="#六區行道樹2021_1">
		<SimpleData name="AREA">南區</SimpleData>
		<SimpleData name="DATE">2019/10/14</SimpleData>
		<SimpleData name="UID">330-00403</SimpleData>
		<SimpleData name="TREE_NAME">白千層</SimpleData>
		<SimpleData name="ROAD">中華南路一段中央分隔島</SimpleData>
	</SchemaData></ExtendedData>
      <Point><coordinates>120.212459894385,22.9712070163442</coordinates></Point>
  </Placemark>
  <Placemark>
	<ExtendedData><SchemaData schemaUrl="#六區行道樹2021_1">
		<SimpleData name="AREA">南區</SimpleData>
		<SimpleData name="DATE">2019/10/14</SimpleData>
		<SimpleData name="UID">330-00404</SimpleData>
		<SimpleData name="TREE_NAME">白千層</SimpleData>
		<SimpleData name="ROAD">中華南路一段中央分隔島</SimpleData>
	</SchemaData></ExtendedData>
      <Point><coordinates>120.212501701163,22.9712445547448</coordinates></Point>
  </Placemark>
  <Placemark>
	<ExtendedData><SchemaData schemaUrl="#六區行道樹2021_1">
		<SimpleData name="AREA">南區</SimpleData>
		<SimpleData name="DATE">2019/10/14</SimpleData>
		<SimpleData name="UID">330-00405</SimpleData>
		<SimpleData name="TREE_NAME">白千層</SimpleData>
		<SimpleData name="ROAD">中華南路一段中央分隔島</SimpleData>
	</SchemaData></ExtendedData>
      <Point><coordinates>120.212539806445,22.9712655224435</coordinates></Point>
  </Placemark>
  <Placemark>
	<ExtendedData><SchemaData schemaUrl="#六區行道樹2021_1">
		<SimpleData name="AREA">南區</SimpleData>
		<SimpleData name="DATE">2019/10/14</SimpleData>
		<SimpleData name="UID">330-00406</SimpleData>
		<SimpleData name="TREE_NAME">白千層</SimpleData>
		<SimpleData name="ROAD">中華南路一段中央分隔島</SimpleData>
	</SchemaData></ExtendedData>
      <Point><coordinates>120.212595505283,22.9713185533554</coordinates></Point>
  </Placemark>
  <Placemark>
	<ExtendedData><SchemaData schemaUrl="#六區行道樹2021_1">
		<SimpleData name="AREA">南區</SimpleData>
		<SimpleData name="DATE">2019/10/14</SimpleData>
		<SimpleData name="UID">330-00407</SimpleData>
		<SimpleData name="TREE_NAME">白千層</SimpleData>
		<SimpleData name="ROAD">中華南路一段中央分隔島</SimpleData>
	</SchemaData></ExtendedData>
      <Point><coordinates>120.212694068742,22.9714051545774</coordinates></Point>
  </Placemark>
  <Placemark>
	<ExtendedData><SchemaData schemaUrl="#六區行道樹2021_1">
		<SimpleData name="AREA">南區</SimpleData>
		<SimpleData name="DATE">2019/10/14</SimpleData>
		<SimpleData name="UID">330-00408</SimpleData>
		<SimpleData name="TREE_NAME">樹頭</SimpleData>
		<SimpleData name="ROAD">中華南路一段中央分隔島</SimpleData>
	</SchemaData></ExtendedData>
      <Point><coordinates>120.21279922884,22.9714804556283</coordinates></Point>
  </Placemark>
  <Placemark>
	<ExtendedData><SchemaData schemaUrl="#六區行道樹2021_1">
		<SimpleData name="AREA">南區</SimpleData>
		<SimpleData name="DATE">2019/10/14</SimpleData>
		<SimpleData name="UID">330-00409</SimpleData>
		<SimpleData name="TREE_NAME">白千層</SimpleData>
		<SimpleData name="ROAD">中華南路一段中央分隔島</SimpleData>
	</SchemaData></ExtendedData>
      <Point><coordinates>120.212845618952,22.9715089684659</coordinates></Point>
  </Placemark>
  <Placemark>
	<ExtendedData><SchemaData schemaUrl="#六區行道樹2021_1">
		<SimpleData name="AREA">南區</SimpleData>
		<SimpleData name="DATE">2019/10/14</SimpleData>
		<SimpleData name="UID">330-00410</SimpleData>
		<SimpleData name="TREE_NAME">白千層</SimpleData>
		<SimpleData name="ROAD">中華南路一段中央分隔島</SimpleData>
	</SchemaData></ExtendedData>
      <Point><coordinates>120.212892989267,22.9715745188947</coordinates></Point>
  </Placemark>
  <Placemark>
	<ExtendedData><SchemaData schemaUrl="#六區行道樹2021_1">
		<SimpleData name="AREA">南區</SimpleData>
		<SimpleData name="DATE">2019/10/14</SimpleData>
		<SimpleData name="UID">330-00411</SimpleData>
		<SimpleData name="TREE_NAME">白千層</SimpleData>
		<SimpleData name="ROAD">中華南路一段中央分隔島</SimpleData>
	</SchemaData></ExtendedData>
      <Point><coordinates>120.212941292659,22.9716224289849</coordinates></Point>
  </Placemark>
  <Placemark>
	<ExtendedData><SchemaData schemaUrl="#六區行道樹2021_1">
		<SimpleData name="AREA">南區</SimpleData>
		<SimpleData name="DATE">2019/10/14</SimpleData>
		<SimpleData name="UID">330-00412</SimpleData>
		<SimpleData name="TREE_NAME">白千層</SimpleData>
		<SimpleData name="ROAD">中華南路一段中央分隔島</SimpleData>
	</SchemaData></ExtendedData>
      <Point><coordinates>120.212974628042,22.9716557352082</coordinates></Point>
  </Placemark>
  <Placemark>
	<ExtendedData><SchemaData schemaUrl="#六區行道樹2021_1">
		<SimpleData name="AREA">南區</SimpleData>
		<SimpleData name="DATE">2019/10/14</SimpleData>
		<SimpleData name="UID">330-00413</SimpleData>
		<SimpleData name="TREE_NAME">白千層</SimpleData>
		<SimpleData name="ROAD">中華南路一段中央分隔島</SimpleData>
	</SchemaData></ExtendedData>
      <Point><coordinates>120.213020244549,22.9716814448023</coordinates></Point>
  </Placemark>
  <Placemark>
	<ExtendedData><SchemaData schemaUrl="#六區行道樹2021_1">
		<SimpleData name="AREA">南區</SimpleData>
		<SimpleData name="DATE">2019/10/14</SimpleData>
		<SimpleData name="UID">330-00414</SimpleData>
		<SimpleData name="TREE_NAME">白千層</SimpleData>
		<SimpleData name="ROAD">中華南路一段中央分隔島</SimpleData>
	</SchemaData></ExtendedData>
      <Point><coordinates>120.213265462941,22.9718507856372</coordinates></Point>
  </Placemark>
  <Placemark>
	<ExtendedData><SchemaData schemaUrl="#六區行道樹2021_1">
		<SimpleData name="AREA">南區</SimpleData>
		<SimpleData name="DATE">2019/10/14</SimpleData>
		<SimpleData name="UID">330-00415</SimpleData>
		<SimpleData name="TREE_NAME">白千層</SimpleData>
		<SimpleData name="ROAD">中華南路一段中央分隔島</SimpleData>
	</SchemaData></ExtendedData>
      <Point><coordinates>120.213326788565,22.9718806998898</coordinates></Point>
  </Placemark>
  <Placemark>
	<ExtendedData><SchemaData schemaUrl="#六區行道樹2021_1">
		<SimpleData name="AREA">南區</SimpleData>
		<SimpleData name="DATE">2019/10/14</SimpleData>
		<SimpleData name="UID">330-00416</SimpleData>
		<SimpleData name="TREE_NAME">苦楝</SimpleData>
		<SimpleData name="ROAD">中華南路一段中央分隔島</SimpleData>
	</SchemaData></ExtendedData>
      <Point><coordinates>120.213380703724,22.9719166365963</coordinates></Point>
  </Placemark>
  <Placemark>
	<ExtendedData><SchemaData schemaUrl="#六區行道樹2021_1">
		<SimpleData name="AREA">南區</SimpleData>
		<SimpleData name="DATE">2019/11/22</SimpleData>
		<SimpleData name="UID">330-02727</SimpleData>
		<SimpleData name="TREE_NAME">白千層</SimpleData>
		<SimpleData name="ROAD">中華南路一段中央分隔島</SimpleData>
	</SchemaData></ExtendedData>
      <Point><coordinates>120.213493720083,22.9719855286367</coordinates></Point>
  </Placemark>
  <Placemark>
	<ExtendedData><SchemaData schemaUrl="#六區行道樹2021_1">
		<SimpleData name="AREA">南區</SimpleData>
		<SimpleData name="DATE">2019/11/22</SimpleData>
		<SimpleData name="UID">330-02728</SimpleData>
		<SimpleData name="TREE_NAME">白千層</SimpleData>
		<SimpleData name="ROAD">中華南路一段中央分隔島</SimpleData>
	</SchemaData></ExtendedData>
      <Point><coordinates>120.21354706096,22.9719995462089</coordinates></Point>
  </Placemark>
  <Placemark>
	<ExtendedData><SchemaData schemaUrl="#六區行道樹2021_1">
		<SimpleData name="AREA">南區</SimpleData>
		<SimpleData name="DATE">2019/11/22</SimpleData>
		<SimpleData name="UID">330-02729</SimpleData>
		<SimpleData name="TREE_NAME">白千層</SimpleData>
		<SimpleData name="ROAD">中華南路一段中央分隔島</SimpleData>
	</SchemaData></ExtendedData>
      <Point><coordinates>120.213615253808,22.9720174030166</coordinates></Point>
  </Placemark>
  <Placemark>
	<ExtendedData><SchemaData schemaUrl="#六區行道樹2021_1">
		<SimpleData name="AREA">南區</SimpleData>
		<SimpleData name="DATE">2019/11/22</SimpleData>
		<SimpleData name="UID">330-02730</SimpleData>
		<SimpleData name="TREE_NAME">白千層</SimpleData>
		<SimpleData name="ROAD">中華南路一段中央分隔島</SimpleData>
	</SchemaData></ExtendedData>
      <Point><coordinates>120.213687531563,22.9720629665673</coordinates></Point>
  </Placemark>
  <Placemark>
	<ExtendedData><SchemaData schemaUrl="#六區行道樹2021_1">
		<SimpleData name="AREA">南區</SimpleData>
		<SimpleData name="DATE">2019/11/22</SimpleData>
		<SimpleData name="UID">330-02731</SimpleData>
		<SimpleData name="TREE_NAME">白千層</SimpleData>
		<SimpleData name="ROAD">中華南路一段中央分隔島</SimpleData>
	</SchemaData></ExtendedData>
      <Point><coordinates>120.213758865196,22.9720918647337</coordinates></Point>
  </Placemark>
  <Placemark>
	<ExtendedData><SchemaData schemaUrl="#六區行道樹2021_1">
		<SimpleData name="AREA">南區</SimpleData>
		<SimpleData name="DATE">2019/11/22</SimpleData>
		<SimpleData name="UID">330-02732</SimpleData>
		<SimpleData name="TREE_NAME">白千層</SimpleData>
		<SimpleData name="ROAD">中華南路一段中央分隔島</SimpleData>
	</SchemaData></ExtendedData>
      <Point><coordinates>120.21382160235,22.9721023618962</coordinates></Point>
  </Placemark>
  <Placemark>
	<ExtendedData><SchemaData schemaUrl="#六區行道樹2021_1">
		<SimpleData name="AREA">南區</SimpleData>
		<SimpleData name="DATE">2019/11/22</SimpleData>
		<SimpleData name="UID">330-02733</SimpleData>
		<SimpleData name="TREE_NAME">白千層</SimpleData>
		<SimpleData name="ROAD">中華南路一段中央分隔島</SimpleData>
	</SchemaData></ExtendedData>
      <Point><coordinates>120.213898589535,22.9721400111843</coordinates></Point>
  </Placemark>
  <Placemark>
	<ExtendedData><SchemaData schemaUrl="#六區行道樹2021_1">
		<SimpleData name="AREA">南區</SimpleData>
		<SimpleData name="DATE">2019/11/22</SimpleData>
		<SimpleData name="UID">330-02734</SimpleData>
		<SimpleData name="TREE_NAME">白千層</SimpleData>
		<SimpleData name="ROAD">中華南路一段中央分隔島</SimpleData>
	</SchemaData></ExtendedData>
      <Point><coordinates>120.214006149377,22.9721943282014</coordinates></Point>
  </Placemark>
  <Placemark>
	<ExtendedData><SchemaData schemaUrl="#六區行道樹2021_1">
		<SimpleData name="AREA">南區</SimpleData>
		<SimpleData name="DATE">2019/11/22</SimpleData>
		<SimpleData name="UID">330-02735</SimpleData>
		<SimpleData name="TREE_NAME">白千層</SimpleData>
		<SimpleData name="ROAD">中華南路一段中央分隔島</SimpleData>
	</SchemaData></ExtendedData>
      <Point><coordinates>120.214075510832,22.9722205976997</coordinates></Point>
  </Placemark>
  <Placemark>
	<ExtendedData><SchemaData schemaUrl="#六區行道樹2021_1">
		<SimpleData name="AREA">南區</SimpleData>
		<SimpleData name="DATE">2019/11/22</SimpleData>
		<SimpleData name="UID">330-02736</SimpleData>
		<SimpleData name="TREE_NAME">白千層</SimpleData>
		<SimpleData name="ROAD">中華南路一段中央分隔島</SimpleData>
	</SchemaData></ExtendedData>
      <Point><coordinates>120.214142968873,22.9722416021719</coordinates></Point>
  </Placemark>
  <Placemark>
	<ExtendedData><SchemaData schemaUrl="#六區行道樹2021_1">
		<SimpleData name="AREA">南區</SimpleData>
		<SimpleData name="DATE">2019/11/29</SimpleData>
		<SimpleData name="UID">330-02939</SimpleData>
		<SimpleData name="TREE_NAME">華盛頓椰子</SimpleData>
		<SimpleData name="ROAD">大林路中央分隔島</SimpleData>
	</SchemaData></ExtendedData>
      <Point><coordinates>120.21376284953,22.9763045586012</coordinates></Point>
  </Placemark>
  <Placemark>
	<ExtendedData><SchemaData schemaUrl="#六區行道樹2021_1">
		<SimpleData name="AREA">南區</SimpleData>
		<SimpleData name="DATE">2019/11/29</SimpleData>
		<SimpleData name="UID">330-02940</SimpleData>
		<SimpleData name="TREE_NAME">華盛頓椰子</SimpleData>
		<SimpleData name="ROAD">大林路中央分隔島</SimpleData>
	</SchemaData></ExtendedData>
      <Point><coordinates>120.213715352501,22.9762929269319</coordinates></Point>
  </Placemark>
  <Placemark>
	<ExtendedData><SchemaData schemaUrl="#六區行道樹2021_1">
		<SimpleData name="AREA">南區</SimpleData>
		<SimpleData name="DATE">2019/11/29</SimpleData>
		<SimpleData name="UID">330-02941</SimpleData>
		<SimpleData name="TREE_NAME">華盛頓椰子</SimpleData>
		<SimpleData name="ROAD">大林路中央分隔島</SimpleData>
	</SchemaData></ExtendedData>
      <Point><coordinates>120.213677223018,22.9762859832243</coordinates></Point>
  </Placemark>
  <Placemark>
	<ExtendedData><SchemaData schemaUrl="#六區行道樹2021_1">
		<SimpleData name="AREA">南區</SimpleData>
		<SimpleData name="DATE">2019/11/29</SimpleData>
		<SimpleData name="UID">330-02942</SimpleData>
		<SimpleData name="TREE_NAME">華盛頓椰子</SimpleData>
		<SimpleData name="ROAD">大林路中央分隔島</SimpleData>
	</SchemaData></ExtendedData>
      <Point><coordinates>120.213642351003,22.9762731228467</coordinates></Point>
  </Placemark>
  <Placemark>
	<ExtendedData><SchemaData schemaUrl="#六區行道樹2021_1">
		<SimpleData name="AREA">南區</SimpleData>
		<SimpleData name="DATE">2019/11/29</SimpleData>
		<SimpleData name="UID">330-02943</SimpleData>
		<SimpleData name="TREE_NAME">華盛頓椰子</SimpleData>
		<SimpleData name="ROAD">大林路中央分隔島</SimpleData>
	</SchemaData></ExtendedData>
      <Point><coordinates>120.213611644913,22.9762643737952</coordinates></Point>
  </Placemark>
  <Placemark>
	<ExtendedData><SchemaData schemaUrl="#六區行道樹2021_1">
		<SimpleData name="AREA">南區</SimpleData>
		<SimpleData name="DATE">2019/11/29</SimpleData>
		<SimpleData name="UID">330-02944</SimpleData>
		<SimpleData name="TREE_NAME">華盛頓椰子</SimpleData>
		<SimpleData name="ROAD">大林路中央分隔島</SimpleData>
	</SchemaData></ExtendedData>
      <Point><coordinates>120.213572593057,22.9762521699288</coordinates></Point>
  </Placemark>
  <Placemark>
	<ExtendedData><SchemaData schemaUrl="#六區行道樹2021_1">
		<SimpleData name="AREA">南區</SimpleData>
		<SimpleData name="DATE">2019/11/29</SimpleData>
		<SimpleData name="UID">330-02945</SimpleData>
		<SimpleData name="TREE_NAME">華盛頓椰子</SimpleData>
		<SimpleData name="ROAD">大林路中央分隔島</SimpleData>
	</SchemaData></ExtendedData>
      <Point><coordinates>120.213527322762,22.976237641537</coordinates></Point>
  </Placemark>
  <Placemark>
	<ExtendedData><SchemaData schemaUrl="#六區行道樹2021_1">
		<SimpleData name="AREA">南區</SimpleData>
		<SimpleData name="DATE">2019/11/29</SimpleData>
		<SimpleData name="UID">330-02946</SimpleData>
		<SimpleData name="TREE_NAME">華盛頓椰子</SimpleData>
		<SimpleData name="ROAD">大林路中央分隔島</SimpleData>
	</SchemaData></ExtendedData>
      <Point><coordinates>120.213482174513,22.9762273037362</coordinates></Point>
  </Placemark>
  <Placemark>
	<ExtendedData><SchemaData schemaUrl="#六區行道樹2021_1">
		<SimpleData name="AREA">南區</SimpleData>
		<SimpleData name="DATE">2019/11/29</SimpleData>
		<SimpleData name="UID">330-02947</SimpleData>
		<SimpleData name="TREE_NAME">華盛頓椰子</SimpleData>
		<SimpleData name="ROAD">大林路中央分隔島</SimpleData>
	</SchemaData></ExtendedData>
      <Point><coordinates>120.213434278998,22.9762159499417</coordinates></Point>
  </Placemark>
  <Placemark>
	<ExtendedData><SchemaData schemaUrl="#六區行道樹2021_1">
		<SimpleData name="AREA">南區</SimpleData>
		<SimpleData name="DATE">2019/11/29</SimpleData>
		<SimpleData name="UID">330-02948</SimpleData>
		<SimpleData name="TREE_NAME">華盛頓椰子</SimpleData>
		<SimpleData name="ROAD">大林路中央分隔島</SimpleData>
	</SchemaData></ExtendedData>
      <Point><coordinates>120.213388404718,22.9762008044623</coordinates></Point>
  </Placemark>
  <Placemark>
	<ExtendedData><SchemaData schemaUrl="#六區行道樹2021_1">
		<SimpleData name="AREA">南區</SimpleData>
		<SimpleData name="DATE">2019/11/29</SimpleData>
		<SimpleData name="UID">330-02949</SimpleData>
		<SimpleData name="TREE_NAME">華盛頓椰子</SimpleData>
		<SimpleData name="ROAD">大林路中央分隔島</SimpleData>
	</SchemaData></ExtendedData>
      <Point><coordinates>120.213344987921,22.9761920916152</coordinates></Point>
  </Placemark>
  <Placemark>
	<ExtendedData><SchemaData schemaUrl="#六區行道樹2021_1">
		<SimpleData name="AREA">南區</SimpleData>
		<SimpleData name="DATE">2019/11/29</SimpleData>
		<SimpleData name="UID">330-02950</SimpleData>
		<SimpleData name="TREE_NAME">華盛頓椰子</SimpleData>
		<SimpleData name="ROAD">大林路中央分隔島</SimpleData>
	</SchemaData></ExtendedData>
      <Point><coordinates>120.213303247282,22.9761795582837</coordinates></Point>
  </Placemark>
  <Placemark>
	<ExtendedData><SchemaData schemaUrl="#六區行道樹2021_1">
		<SimpleData name="AREA">南區</SimpleData>
		<SimpleData name="DATE">2019/11/29</SimpleData>
		<SimpleData name="UID">330-02951</SimpleData>
		<SimpleData name="TREE_NAME">華盛頓椰子</SimpleData>
		<SimpleData name="ROAD">大林路中央分隔島</SimpleData>
	</SchemaData></ExtendedData>
      <Point><coordinates>120.213237754216,22.9761655164051</coordinates></Point>
  </Placemark>
  <Placemark>
	<ExtendedData><SchemaData schemaUrl="#六區行道樹2021_1">
		<SimpleData name="AREA">南區</SimpleData>
		<SimpleData name="DATE">2019/11/29</SimpleData>
		<SimpleData name="UID">330-02952</SimpleData>
		<SimpleData name="TREE_NAME">華盛頓椰子</SimpleData>
		<SimpleData name="ROAD">大林路中央分隔島</SimpleData>
	</SchemaData></ExtendedData>
      <Point><coordinates>120.21319514872,22.9761495834098</coordinates></Point>
  </Placemark>
  <Placemark>
	<ExtendedData><SchemaData schemaUrl="#六區行道樹2021_1">
		<SimpleData name="AREA">南區</SimpleData>
		<SimpleData name="DATE">2019/11/29</SimpleData>
		<SimpleData name="UID">330-02953</SimpleData>
		<SimpleData name="TREE_NAME">華盛頓椰子</SimpleData>
		<SimpleData name="ROAD">大林路中央分隔島</SimpleData>
	</SchemaData></ExtendedData>
      <Point><coordinates>120.213151619548,22.9761393980351</coordinates></Point>
  </Placemark>
  <Placemark>
	<ExtendedData><SchemaData schemaUrl="#六區行道樹2021_1">
		<SimpleData name="AREA">南區</SimpleData>
		<SimpleData name="DATE">2019/11/29</SimpleData>
		<SimpleData name="UID">330-02954</SimpleData>
		<SimpleData name="TREE_NAME">華盛頓椰子</SimpleData>
		<SimpleData name="ROAD">大林路中央分隔島</SimpleData>
	</SchemaData></ExtendedData>
      <Point><coordinates>120.213100010534,22.9761264905787</coordinates></Point>
  </Placemark>
  <Placemark>
	<ExtendedData><SchemaData schemaUrl="#六區行道樹2021_1">
		<SimpleData name="AREA">南區</SimpleData>
		<SimpleData name="DATE">2019/11/29</SimpleData>
		<SimpleData name="UID">330-02955</SimpleData>
		<SimpleData name="TREE_NAME">華盛頓椰子</SimpleData>
		<SimpleData name="ROAD">大林路中央分隔島</SimpleData>
	</SchemaData></ExtendedData>
      <Point><coordinates>120.21305064179,22.9761063249426</coordinates></Point>
  </Placemark>
  <Placemark>
	<ExtendedData><SchemaData schemaUrl="#六區行道樹2021_1">
		<SimpleData name="AREA">南區</SimpleData>
		<SimpleData name="DATE">2019/11/29</SimpleData>
		<SimpleData name="UID">330-02956</SimpleData>
		<SimpleData name="TREE_NAME">華盛頓椰子</SimpleData>
		<SimpleData name="ROAD">大林路中央分隔島</SimpleData>
	</SchemaData></ExtendedData>
      <Point><coordinates>120.21301139351,22.9761002695088</coordinates></Point>
  </Placemark>
  <Placemark>
	<ExtendedData><SchemaData schemaUrl="#六區行道樹2021_1">
		<SimpleData name="AREA">南區</SimpleData>
		<SimpleData name="DATE">2019/11/29</SimpleData>
		<SimpleData name="UID">330-02957</SimpleData>
		<SimpleData name="TREE_NAME">華盛頓椰子</SimpleData>
		<SimpleData name="ROAD">大林路中央分隔島</SimpleData>
	</SchemaData></ExtendedData>
      <Point><coordinates>120.212954243357,22.9760856368233</coordinates></Point>
  </Placemark>
  <Placemark>
	<ExtendedData><SchemaData schemaUrl="#六區行道樹2021_1">
		<SimpleData name="AREA">南區</SimpleData>
		<SimpleData name="DATE">2019/11/29</SimpleData>
		<SimpleData name="UID">330-02958</SimpleData>
		<SimpleData name="TREE_NAME">華盛頓椰子</SimpleData>
		<SimpleData name="ROAD">大林路中央分隔島</SimpleData>
	</SchemaData></ExtendedData>
      <Point><coordinates>120.212898101319,22.9760717315366</coordinates></Point>
  </Placemark>
  <Placemark>
	<ExtendedData><SchemaData schemaUrl="#六區行道樹2021_1">
		<SimpleData name="AREA">南區</SimpleData>
		<SimpleData name="DATE">2019/11/29</SimpleData>
		<SimpleData name="UID">330-02959</SimpleData>
		<SimpleData name="TREE_NAME">華盛頓椰子</SimpleData>
		<SimpleData name="ROAD">大林路中央分隔島</SimpleData>
	</SchemaData></ExtendedData>
      <Point><coordinates>120.21284834633,22.976054444544</coordinates></Point>
  </Placemark>
  <Placemark>
	<ExtendedData><SchemaData schemaUrl="#六區行道樹2021_1">
		<SimpleData name="AREA">南區</SimpleData>
		<SimpleData name="DATE">2019/11/29</SimpleData>
		<SimpleData name="UID">330-02960</SimpleData>
		<SimpleData name="TREE_NAME">華盛頓椰子</SimpleData>
		<SimpleData name="ROAD">大林路中央分隔島</SimpleData>
	</SchemaData></ExtendedData>
      <Point><coordinates>120.212800643715,22.9760460082624</coordinates></Point>
  </Placemark>
  <Placemark>
	<ExtendedData><SchemaData schemaUrl="#六區行道樹2021_1">
		<SimpleData name="AREA">南區</SimpleData>
		<SimpleData name="DATE">2019/11/29</SimpleData>
		<SimpleData name="UID">330-02961</SimpleData>
		<SimpleData name="TREE_NAME">華盛頓椰子</SimpleData>
		<SimpleData name="ROAD">大林路中央分隔島</SimpleData>
	</SchemaData></ExtendedData>
      <Point><coordinates>120.212734771807,22.976029706755</coordinates></Point>
  </Placemark>
  <Placemark>
	<ExtendedData><SchemaData schemaUrl="#六區行道樹2021_1">
		<SimpleData name="AREA">南區</SimpleData>
		<SimpleData name="DATE">2019/11/29</SimpleData>
		<SimpleData name="UID">330-02962</SimpleData>
		<SimpleData name="TREE_NAME">華盛頓椰子</SimpleData>
		<SimpleData name="ROAD">大林路中央分隔島</SimpleData>
	</SchemaData></ExtendedData>
      <Point><coordinates>120.212686308147,22.9760167876965</coordinates></Point>
  </Placemark>
  <Placemark>
	<ExtendedData><SchemaData schemaUrl="#六區行道樹2021_1">
		<SimpleData name="AREA">南區</SimpleData>
		<SimpleData name="DATE">2019/11/29</SimpleData>
		<SimpleData name="UID">330-02963</SimpleData>
		<SimpleData name="TREE_NAME">華盛頓椰子</SimpleData>
		<SimpleData name="ROAD">大林路中央分隔島</SimpleData>
	</SchemaData></ExtendedData>
      <Point><coordinates>120.212641707718,22.9760045018639</coordinates></Point>
  </Placemark>
  <Placemark>
	<ExtendedData><SchemaData schemaUrl="#六區行道樹2021_1">
		<SimpleData name="AREA">南區</SimpleData>
		<SimpleData name="DATE">2019/11/29</SimpleData>
		<SimpleData name="UID">330-02964</SimpleData>
		<SimpleData name="TREE_NAME">華盛頓椰子</SimpleData>
		<SimpleData name="ROAD">大林路中央分隔島</SimpleData>
	</SchemaData></ExtendedData>
      <Point><coordinates>120.212190009778,22.9757000449947</coordinates></Point>
  </Placemark>
  <Placemark>
	<ExtendedData><SchemaData schemaUrl="#六區行道樹2021_1">
		<SimpleData name="AREA">南區</SimpleData>
		<SimpleData name="DATE">2019/11/29</SimpleData>
		<SimpleData name="UID">330-02965</SimpleData>
		<SimpleData name="TREE_NAME">華盛頓椰子</SimpleData>
		<SimpleData name="ROAD">大林路中央分隔島</SimpleData>
	</SchemaData></ExtendedData>
      <Point><coordinates>120.212236140269,22.9757052589046</coordinates></Point>
  </Placemark>
  <Placemark>
	<ExtendedData><SchemaData schemaUrl="#六區行道樹2021_1">
		<SimpleData name="AREA">南區</SimpleData>
		<SimpleData name="DATE">2019/11/29</SimpleData>
		<SimpleData name="UID">330-02966</SimpleData>
		<SimpleData name="TREE_NAME">黑板樹</SimpleData>
		<SimpleData name="ROAD">大林路中央分隔島</SimpleData>
	</SchemaData></ExtendedData>
      <Point><coordinates>120.212279884222,22.9757210894482</coordinates></Point>
  </Placemark>
  <Placemark>
	<ExtendedData><SchemaData schemaUrl="#六區行道樹2021_1">
		<SimpleData name="AREA">南區</SimpleData>
		<SimpleData name="DATE">2019/11/29</SimpleData>
		<SimpleData name="UID">330-02967</SimpleData>
		<SimpleData name="TREE_NAME">華盛頓椰子</SimpleData>
		<SimpleData name="ROAD">大林路中央分隔島</SimpleData>
	</SchemaData></ExtendedData>
      <Point><coordinates>120.212308098685,22.9757235504061</coordinates></Point>
  </Placemark>
  <Placemark>
	<ExtendedData><SchemaData schemaUrl="#六區行道樹2021_1">
		<SimpleData name="AREA">南區</SimpleData>
		<SimpleData name="DATE">2019/11/29</SimpleData>
		<SimpleData name="UID">330-02968</SimpleData>
		<SimpleData name="TREE_NAME">華盛頓椰子</SimpleData>
		<SimpleData name="ROAD">大林路中央分隔島</SimpleData>
	</SchemaData></ExtendedData>
      <Point><coordinates>120.212342519637,22.9757440212617</coordinates></Point>
  </Placemark>
  <Placemark>
	<ExtendedData><SchemaData schemaUrl="#六區行道樹2021_1">
		<SimpleData name="AREA">南區</SimpleData>
		<SimpleData name="DATE">2019/11/29</SimpleData>
		<SimpleData name="UID">330-02969</SimpleData>
		<SimpleData name="TREE_NAME">華盛頓椰子</SimpleData>
		<SimpleData name="ROAD">大林路中央分隔島</SimpleData>
	</SchemaData></ExtendedData>
      <Point><coordinates>120.212704653787,22.9758368082456</coordinates></Point>
  </Placemark>
  <Placemark>
	<ExtendedData><SchemaData schemaUrl="#六區行道樹2021_1">
		<SimpleData name="AREA">南區</SimpleData>
		<SimpleData name="DATE">2019/11/29</SimpleData>
		<SimpleData name="UID">330-02970</SimpleData>
		<SimpleData name="TREE_NAME">華盛頓椰子</SimpleData>
		<SimpleData name="ROAD">大林路中央分隔島</SimpleData>
	</SchemaData></ExtendedData>
      <Point><coordinates>120.212741645808,22.9758424281299</coordinates></Point>
  </Placemark>
  <Placemark>
	<ExtendedData><SchemaData schemaUrl="#六區行道樹2021_1">
		<SimpleData name="AREA">南區</SimpleData>
		<SimpleData name="DATE">2019/11/29</SimpleData>
		<SimpleData name="UID">330-02971</SimpleData>
		<SimpleData name="TREE_NAME">華盛頓椰子</SimpleData>
		<SimpleData name="ROAD">大林路中央分隔島</SimpleData>
	</SchemaData></ExtendedData>
      <Point><coordinates>120.212788146928,22.9758574143628</coordinates></Point>
  </Placemark>
  <Placemark>
	<ExtendedData><SchemaData schemaUrl="#六區行道樹2021_1">
		<SimpleData name="AREA">南區</SimpleData>
		<SimpleData name="DATE">2019/11/29</SimpleData>
		<SimpleData name="UID">330-02972</SimpleData>
		<SimpleData name="TREE_NAME">華盛頓椰子</SimpleData>
		<SimpleData name="ROAD">大林路中央分隔島</SimpleData>
	</SchemaData></ExtendedData>
      <Point><coordinates>120.212821926744,22.9758670276707</coordinates></Point>
  </Placemark>
  <Placemark>
	<ExtendedData><SchemaData schemaUrl="#六區行道樹2021_1">
		<SimpleData name="AREA">南區</SimpleData>
		<SimpleData name="DATE">2019/11/29</SimpleData>
		<SimpleData name="UID">330-02973</SimpleData>
		<SimpleData name="TREE_NAME">華盛頓椰子</SimpleData>
		<SimpleData name="ROAD">大林路中央分隔島</SimpleData>
	</SchemaData></ExtendedData>
      <Point><coordinates>120.212866696599,22.9758781764923</coordinates></Point>
  </Placemark>
  <Placemark>
	<ExtendedData><SchemaData schemaUrl="#六區行道樹2021_1">
		<SimpleData name="AREA">南區</SimpleData>
		<SimpleData name="DATE">2019/11/29</SimpleData>
		<SimpleData name="UID">330-02974</SimpleData>
		<SimpleData name="TREE_NAME">華盛頓椰子</SimpleData>
		<SimpleData name="ROAD">大林路中央分隔島</SimpleData>
	</SchemaData></ExtendedData>
      <Point><coordinates>120.212910170392,22.9758968951768</coordinates></Point>
  </Placemark>
  <Placemark>
	<ExtendedData><SchemaData schemaUrl="#六區行道樹2021_1">
		<SimpleData name="AREA">南區</SimpleData>
		<SimpleData name="DATE">2019/11/29</SimpleData>
		<SimpleData name="UID">330-02975</SimpleData>
		<SimpleData name="TREE_NAME">華盛頓椰子</SimpleData>
		<SimpleData name="ROAD">大林路中央分隔島</SimpleData>
	</SchemaData></ExtendedData>
      <Point><coordinates>120.212951174092,22.9759051356207</coordinates></Point>
  </Placemark>
  <Placemark>
	<ExtendedData><SchemaData schemaUrl="#六區行道樹2021_1">
		<SimpleData name="AREA">南區</SimpleData>
		<SimpleData name="DATE">2019/11/29</SimpleData>
		<SimpleData name="UID">330-02976</SimpleData>
		<SimpleData name="TREE_NAME">華盛頓椰子</SimpleData>
		<SimpleData name="ROAD">大林路中央分隔島</SimpleData>
	</SchemaData></ExtendedData>
      <Point><coordinates>120.213117519471,22.9759517985951</coordinates></Point>
  </Placemark>
  <Placemark>
	<ExtendedData><SchemaData schemaUrl="#六區行道樹2021_1">
		<SimpleData name="AREA">南區</SimpleData>
		<SimpleData name="DATE">2019/11/29</SimpleData>
		<SimpleData name="UID">330-02977</SimpleData>
		<SimpleData name="TREE_NAME">華盛頓椰子</SimpleData>
		<SimpleData name="ROAD">大林路中央分隔島</SimpleData>
	</SchemaData></ExtendedData>
      <Point><coordinates>120.213156795808,22.9759610869413</coordinates></Point>
  </Placemark>
  <Placemark>
	<ExtendedData><SchemaData schemaUrl="#六區行道樹2021_1">
		<SimpleData name="AREA">南區</SimpleData>
		<SimpleData name="DATE">2019/11/29</SimpleData>
		<SimpleData name="UID">330-02978</SimpleData>
		<SimpleData name="TREE_NAME">華盛頓椰子</SimpleData>
		<SimpleData name="ROAD">大林路中央分隔島</SimpleData>
	</SchemaData></ExtendedData>
      <Point><coordinates>120.213211388305,22.9759680583059</coordinates></Point>
  </Placemark>
  <Placemark>
	<ExtendedData><SchemaData schemaUrl="#六區行道樹2021_1">
		<SimpleData name="AREA">南區</SimpleData>
		<SimpleData name="DATE">2019/11/29</SimpleData>
		<SimpleData name="UID">330-02979</SimpleData>
		<SimpleData name="TREE_NAME">華盛頓椰子</SimpleData>
		<SimpleData name="ROAD">大林路中央分隔島</SimpleData>
	</SchemaData></ExtendedData>
      <Point><coordinates>120.213258592726,22.9759800047268</coordinates></Point>
  </Placemark>
  <Placemark>
	<ExtendedData><SchemaData schemaUrl="#六區行道樹2021_1">
		<SimpleData name="AREA">南區</SimpleData>
		<SimpleData name="DATE">2019/11/29</SimpleData>
		<SimpleData name="UID">330-02980</SimpleData>
		<SimpleData name="TREE_NAME">華盛頓椰子</SimpleData>
		<SimpleData name="ROAD">大林路中央分隔島</SimpleData>
	</SchemaData></ExtendedData>
      <Point><coordinates>120.213301837249,22.976000943589</coordinates></Point>
  </Placemark>
  <Placemark>
	<ExtendedData><SchemaData schemaUrl="#六區行道樹2021_1">
		<SimpleData name="AREA">南區</SimpleData>
		<SimpleData name="DATE">2019/11/29</SimpleData>
		<SimpleData name="UID">330-02981</SimpleData>
		<SimpleData name="TREE_NAME">華盛頓椰子</SimpleData>
		<SimpleData name="ROAD">大林路中央分隔島</SimpleData>
	</SchemaData></ExtendedData>
      <Point><coordinates>120.213338404609,22.9760149051035</coordinates></Point>
  </Placemark>
  <Placemark>
	<ExtendedData><SchemaData schemaUrl="#六區行道樹2021_1">
		<SimpleData name="AREA">南區</SimpleData>
		<SimpleData name="DATE">2019/11/29</SimpleData>
		<SimpleData name="UID">330-02982</SimpleData>
		<SimpleData name="TREE_NAME">華盛頓椰子</SimpleData>
		<SimpleData name="ROAD">大林路中央分隔島</SimpleData>
	</SchemaData></ExtendedData>
      <Point><coordinates>120.213374824564,22.9760204678216</coordinates></Point>
  </Placemark>
  <Placemark>
	<ExtendedData><SchemaData schemaUrl="#六區行道樹2021_1">
		<SimpleData name="AREA">南區</SimpleData>
		<SimpleData name="DATE">2019/11/29</SimpleData>
		<SimpleData name="UID">330-02983</SimpleData>
		<SimpleData name="TREE_NAME">華盛頓椰子</SimpleData>
		<SimpleData name="ROAD">大林路中央分隔島</SimpleData>
	</SchemaData></ExtendedData>
      <Point><coordinates>120.213411692883,22.9760338257917</coordinates></Point>
  </Placemark>
  <Placemark>
	<ExtendedData><SchemaData schemaUrl="#六區行道樹2021_1">
		<SimpleData name="AREA">南區</SimpleData>
		<SimpleData name="DATE">2019/11/29</SimpleData>
		<SimpleData name="UID">330-02984</SimpleData>
		<SimpleData name="TREE_NAME">華盛頓椰子</SimpleData>
		<SimpleData name="ROAD">大林路中央分隔島</SimpleData>
	</SchemaData></ExtendedData>
      <Point><coordinates>120.21349273859,22.976048495607</coordinates></Point>
  </Placemark>
  <Placemark>
	<ExtendedData><SchemaData schemaUrl="#六區行道樹2021_1">
		<SimpleData name="AREA">南區</SimpleData>
		<SimpleData name="DATE">2019/11/29</SimpleData>
		<SimpleData name="UID">330-02985</SimpleData>
		<SimpleData name="TREE_NAME">華盛頓椰子</SimpleData>
		<SimpleData name="ROAD">大林路中央分隔島</SimpleData>
	</SchemaData></ExtendedData>
      <Point><coordinates>120.213533982533,22.9760637715952</coordinates></Point>
  </Placemark>
  <Placemark>
	<ExtendedData><SchemaData schemaUrl="#六區行道樹2021_1">
		<SimpleData name="AREA">南區</SimpleData>
		<SimpleData name="DATE">2019/11/29</SimpleData>
		<SimpleData name="UID">330-02986</SimpleData>
		<SimpleData name="TREE_NAME">華盛頓椰子</SimpleData>
		<SimpleData name="ROAD">大林路中央分隔島</SimpleData>
	</SchemaData></ExtendedData>
      <Point><coordinates>120.213575654498,22.9760716539881</coordinates></Point>
  </Placemark>
  <Placemark>
	<ExtendedData><SchemaData schemaUrl="#六區行道樹2021_1">
		<SimpleData name="AREA">南區</SimpleData>
		<SimpleData name="DATE">2019/11/29</SimpleData>
		<SimpleData name="UID">330-02987</SimpleData>
		<SimpleData name="TREE_NAME">華盛頓椰子</SimpleData>
		<SimpleData name="ROAD">大林路中央分隔島</SimpleData>
	</SchemaData></ExtendedData>
      <Point><coordinates>120.213618309881,22.976079812154</coordinates></Point>
  </Placemark>
  <Placemark>
	<ExtendedData><SchemaData schemaUrl="#六區行道樹2021_1">
		<SimpleData name="AREA">南區</SimpleData>
		<SimpleData name="DATE">2019/11/29</SimpleData>
		<SimpleData name="UID">330-02988</SimpleData>
		<SimpleData name="TREE_NAME">華盛頓椰子</SimpleData>
		<SimpleData name="ROAD">大林路中央分隔島</SimpleData>
	</SchemaData></ExtendedData>
      <Point><coordinates>120.213650643953,22.9760890117577</coordinates></Point>
  </Placemark>
  <Placemark>
	<ExtendedData><SchemaData schemaUrl="#六區行道樹2021_1">
		<SimpleData name="AREA">南區</SimpleData>
		<SimpleData name="DATE">2019/11/29</SimpleData>
		<SimpleData name="UID">330-02989</SimpleData>
		<SimpleData name="TREE_NAME">華盛頓椰子</SimpleData>
		<SimpleData name="ROAD">大林路中央分隔島</SimpleData>
	</SchemaData></ExtendedData>
      <Point><coordinates>120.213680073361,22.9761014748974</coordinates></Point>
  </Placemark>
  <Placemark>
	<ExtendedData><SchemaData schemaUrl="#六區行道樹2021_1">
		<SimpleData name="AREA">南區</SimpleData>
		<SimpleData name="DATE">2019/11/29</SimpleData>
		<SimpleData name="UID">330-02990</SimpleData>
		<SimpleData name="TREE_NAME">華盛頓椰子</SimpleData>
		<SimpleData name="ROAD">大林路中央分隔島</SimpleData>
	</SchemaData></ExtendedData>
      <Point><coordinates>120.213728051229,22.9761068510541</coordinates></Point>
  </Placemark>
  <Placemark>
	<ExtendedData><SchemaData schemaUrl="#六區行道樹2021_1">
		<SimpleData name="AREA">南區</SimpleData>
		<SimpleData name="DATE">2019/11/29</SimpleData>
		<SimpleData name="UID">330-02991</SimpleData>
		<SimpleData name="TREE_NAME">華盛頓椰子</SimpleData>
		<SimpleData name="ROAD">大林路中央分隔島</SimpleData>
	</SchemaData></ExtendedData>
      <Point><coordinates>120.213763229347,22.9761230992439</coordinates></Point>
  </Placemark>
  <Placemark>
	<ExtendedData><SchemaData schemaUrl="#六區行道樹2021_1">
		<SimpleData name="AREA">北區</SimpleData>
		<SimpleData name="DATE">2019/9/30</SimpleData>
		<SimpleData name="UID">340-00134</SimpleData>
		<SimpleData name="TREE_NAME">鳳凰木</SimpleData>
		<SimpleData name="ROAD">小東路人行道</SimpleData>
	</SchemaData></ExtendedData>
      <Point><coordinates>120.218094335708,23.0011439284551</coordinates></Point>
  </Placemark>
  <Placemark>
	<ExtendedData><SchemaData schemaUrl="#六區行道樹2021_1">
		<SimpleData name="AREA">北區</SimpleData>
		<SimpleData name="DATE">2019/9/30</SimpleData>
		<SimpleData name="UID">340-00135</SimpleData>
		<SimpleData name="TREE_NAME">鳳凰木</SimpleData>
		<SimpleData name="ROAD">小東路人行道</SimpleData>
	</SchemaData></ExtendedData>
      <Point><coordinates>120.218054278097,23.0011382223004</coordinates></Point>
  </Placemark>
  <Placemark>
	<ExtendedData><SchemaData schemaUrl="#六區行道樹2021_1">
		<SimpleData name="AREA">北區</SimpleData>
		<SimpleData name="DATE">2019/9/30</SimpleData>
		<SimpleData name="UID">340-00136</SimpleData>
		<SimpleData name="TREE_NAME">鳳凰木</SimpleData>
		<SimpleData name="ROAD">小東路人行道</SimpleData>
	</SchemaData></ExtendedData>
      <Point><coordinates>120.217986174208,23.001141407805</coordinates></Point>
  </Placemark>
  <Placemark>
	<ExtendedData><SchemaData schemaUrl="#六區行道樹2021_1">
		<SimpleData name="AREA">北區</SimpleData>
		<SimpleData name="DATE">2019/9/30</SimpleData>
		<SimpleData name="UID">340-00137</SimpleData>
		<SimpleData name="TREE_NAME">鳳凰木</SimpleData>
		<SimpleData name="ROAD">小東路人行道</SimpleData>
	</SchemaData></ExtendedData>
      <Point><coordinates>120.217937414646,23.001139270713</coordinates></Point>
  </Placemark>
  <Placemark>
	<ExtendedData><SchemaData schemaUrl="#六區行道樹2021_1">
		<SimpleData name="AREA">北區</SimpleData>
		<SimpleData name="DATE">2019/9/30</SimpleData>
		<SimpleData name="UID">340-00138</SimpleData>
		<SimpleData name="TREE_NAME">鳳凰木</SimpleData>
		<SimpleData name="ROAD">小東路人行道</SimpleData>
	</SchemaData></ExtendedData>
      <Point><coordinates>120.217877219899,23.0011410504014</coordinates></Point>
  </Placemark>
  <Placemark>
	<ExtendedData><SchemaData schemaUrl="#六區行道樹2021_1">
		<SimpleData name="AREA">北區</SimpleData>
		<SimpleData name="DATE">2019/9/30</SimpleData>
		<SimpleData name="UID">340-00139</SimpleData>
		<SimpleData name="TREE_NAME">鳳凰木</SimpleData>
		<SimpleData name="ROAD">小東路人行道</SimpleData>
	</SchemaData></ExtendedData>
      <Point><coordinates>120.217551915246,23.0011573233205</coordinates></Point>
  </Placemark>
  <Placemark>
	<ExtendedData><SchemaData schemaUrl="#六區行道樹2021_1">
		<SimpleData name="AREA">北區</SimpleData>
		<SimpleData name="DATE">2019/9/30</SimpleData>
		<SimpleData name="UID">340-00140</SimpleData>
		<SimpleData name="TREE_NAME">鳳凰木</SimpleData>
		<SimpleData name="ROAD">小東路人行道</SimpleData>
	</SchemaData></ExtendedData>
      <Point><coordinates>120.217205149075,23.0011908273777</coordinates></Point>
  </Placemark>
  <Placemark>
	<ExtendedData><SchemaData schemaUrl="#六區行道樹2021_1">
		<SimpleData name="AREA">北區</SimpleData>
		<SimpleData name="DATE">2019/9/30</SimpleData>
		<SimpleData name="UID">340-00141</SimpleData>
		<SimpleData name="TREE_NAME">鳳凰木</SimpleData>
		<SimpleData name="ROAD">小東路人行道</SimpleData>
	</SchemaData></ExtendedData>
      <Point><coordinates>120.216855049691,23.0012272038363</coordinates></Point>
  </Placemark>
  <Placemark>
	<ExtendedData><SchemaData schemaUrl="#六區行道樹2021_1">
		<SimpleData name="AREA">北區</SimpleData>
		<SimpleData name="DATE">2019/9/30</SimpleData>
		<SimpleData name="UID">340-00142</SimpleData>
		<SimpleData name="TREE_NAME">鳳凰木</SimpleData>
		<SimpleData name="ROAD">小東路人行道</SimpleData>
	</SchemaData></ExtendedData>
      <Point><coordinates>120.216775752497,23.0012261796036</coordinates></Point>
  </Placemark>
  <Placemark>
	<ExtendedData><SchemaData schemaUrl="#六區行道樹2021_1">
		<SimpleData name="AREA">北區</SimpleData>
		<SimpleData name="DATE">2019/9/30</SimpleData>
		<SimpleData name="UID">340-00143</SimpleData>
		<SimpleData name="TREE_NAME">鳳凰木</SimpleData>
		<SimpleData name="ROAD">小東路人行道</SimpleData>
	</SchemaData></ExtendedData>
      <Point><coordinates>120.216699690834,23.0012222816867</coordinates></Point>
  </Placemark>
  <Placemark>
	<ExtendedData><SchemaData schemaUrl="#六區行道樹2021_1">
		<SimpleData name="AREA">北區</SimpleData>
		<SimpleData name="DATE">2019/9/30</SimpleData>
		<SimpleData name="UID">340-00144</SimpleData>
		<SimpleData name="TREE_NAME">鳳凰木</SimpleData>
		<SimpleData name="ROAD">小東路人行道</SimpleData>
	</SchemaData></ExtendedData>
      <Point><coordinates>120.216626922119,23.0012224635862</coordinates></Point>
  </Placemark>
  <Placemark>
	<ExtendedData><SchemaData schemaUrl="#六區行道樹2021_1">
		<SimpleData name="AREA">北區</SimpleData>
		<SimpleData name="DATE">2019/9/30</SimpleData>
		<SimpleData name="UID">340-00145</SimpleData>
		<SimpleData name="TREE_NAME">鳳凰木</SimpleData>
		<SimpleData name="ROAD">小東路人行道</SimpleData>
	</SchemaData></ExtendedData>
      <Point><coordinates>120.216556386425,23.0012244625272</coordinates></Point>
  </Placemark>
  <Placemark>
	<ExtendedData><SchemaData schemaUrl="#六區行道樹2021_1">
		<SimpleData name="AREA">北區</SimpleData>
		<SimpleData name="DATE">2019/9/30</SimpleData>
		<SimpleData name="UID">340-00146</SimpleData>
		<SimpleData name="TREE_NAME">鳳凰木</SimpleData>
		<SimpleData name="ROAD">小東路人行道</SimpleData>
	</SchemaData></ExtendedData>
      <Point><coordinates>120.216520165876,23.0012299723455</coordinates></Point>
  </Placemark>
  <Placemark>
	<ExtendedData><SchemaData schemaUrl="#六區行道樹2021_1">
		<SimpleData name="AREA">北區</SimpleData>
		<SimpleData name="DATE">2019/9/30</SimpleData>
		<SimpleData name="UID">340-00147</SimpleData>
		<SimpleData name="TREE_NAME">鳳凰木</SimpleData>
		<SimpleData name="ROAD">小東路人行道</SimpleData>
	</SchemaData></ExtendedData>
      <Point><coordinates>120.21643977176,23.0012330963848</coordinates></Point>
  </Placemark>
  <Placemark>
	<ExtendedData><SchemaData schemaUrl="#六區行道樹2021_1">
		<SimpleData name="AREA">北區</SimpleData>
		<SimpleData name="DATE">2019/9/30</SimpleData>
		<SimpleData name="UID">340-00148</SimpleData>
		<SimpleData name="TREE_NAME">鳳凰木</SimpleData>
		<SimpleData name="ROAD">小東路人行道</SimpleData>
	</SchemaData></ExtendedData>
      <Point><coordinates>120.216410118773,23.0012330399799</coordinates></Point>
  </Placemark>
  <Placemark>
	<ExtendedData><SchemaData schemaUrl="#六區行道樹2021_1">
		<SimpleData name="AREA">北區</SimpleData>
		<SimpleData name="DATE">2019/9/30</SimpleData>
		<SimpleData name="UID">340-00149</SimpleData>
		<SimpleData name="TREE_NAME">鳳凰木</SimpleData>
		<SimpleData name="ROAD">小東路人行道</SimpleData>
	</SchemaData></ExtendedData>
      <Point><coordinates>120.216335671005,23.0012368254961</coordinates></Point>
  </Placemark>
  <Placemark>
	<ExtendedData><SchemaData schemaUrl="#六區行道樹2021_1">
		<SimpleData name="AREA">北區</SimpleData>
		<SimpleData name="DATE">2019/9/30</SimpleData>
		<SimpleData name="UID">340-00150</SimpleData>
		<SimpleData name="TREE_NAME">鳳凰木</SimpleData>
		<SimpleData name="ROAD">小東路人行道</SimpleData>
	</SchemaData></ExtendedData>
      <Point><coordinates>120.216258121736,23.0012371641745</coordinates></Point>
  </Placemark>
  <Placemark>
	<ExtendedData><SchemaData schemaUrl="#六區行道樹2021_1">
		<SimpleData name="AREA">北區</SimpleData>
		<SimpleData name="DATE">2019/9/30</SimpleData>
		<SimpleData name="UID">340-00151</SimpleData>
		<SimpleData name="TREE_NAME">鳳凰木</SimpleData>
		<SimpleData name="ROAD">小東路人行道</SimpleData>
	</SchemaData></ExtendedData>
      <Point><coordinates>120.216219743279,23.0012447401786</coordinates></Point>
  </Placemark>
  <Placemark>
	<ExtendedData><SchemaData schemaUrl="#六區行道樹2021_1">
		<SimpleData name="AREA">北區</SimpleData>
		<SimpleData name="DATE">2019/9/30</SimpleData>
		<SimpleData name="UID">340-00152</SimpleData>
		<SimpleData name="TREE_NAME">鳳凰木</SimpleData>
		<SimpleData name="ROAD">小東路人行道</SimpleData>
	</SchemaData></ExtendedData>
      <Point><coordinates>120.215803855507,23.001305531314</coordinates></Point>
  </Placemark>
  <Placemark>
	<ExtendedData><SchemaData schemaUrl="#六區行道樹2021_1">
		<SimpleData name="AREA">北區</SimpleData>
		<SimpleData name="DATE">2019/9/30</SimpleData>
		<SimpleData name="UID">340-00153</SimpleData>
		<SimpleData name="TREE_NAME">鳳凰木</SimpleData>
		<SimpleData name="ROAD">小東路人行道</SimpleData>
	</SchemaData></ExtendedData>
      <Point><coordinates>120.215633039713,23.0013252741762</coordinates></Point>
  </Placemark>
  <Placemark>
	<ExtendedData><SchemaData schemaUrl="#六區行道樹2021_1">
		<SimpleData name="AREA">北區</SimpleData>
		<SimpleData name="DATE">2019/9/30</SimpleData>
		<SimpleData name="UID">340-00154</SimpleData>
		<SimpleData name="TREE_NAME">鳳凰木</SimpleData>
		<SimpleData name="ROAD">小東路人行道</SimpleData>
	</SchemaData></ExtendedData>
      <Point><coordinates>120.215308705497,23.0013929287898</coordinates></Point>
  </Placemark>
  <Placemark>
	<ExtendedData><SchemaData schemaUrl="#六區行道樹2021_1">
		<SimpleData name="AREA">北區</SimpleData>
		<SimpleData name="DATE">2019/9/30</SimpleData>
		<SimpleData name="UID">340-00155</SimpleData>
		<SimpleData name="TREE_NAME">鳳凰木</SimpleData>
		<SimpleData name="ROAD">小東路人行道</SimpleData>
	</SchemaData></ExtendedData>
      <Point><coordinates>120.215270730689,23.0013981587242</coordinates></Point>
  </Placemark>
  <Placemark>
	<ExtendedData><SchemaData schemaUrl="#六區行道樹2021_1">
		<SimpleData name="AREA">北區</SimpleData>
		<SimpleData name="DATE">2019/9/30</SimpleData>
		<SimpleData name="UID">340-00156</SimpleData>
		<SimpleData name="TREE_NAME">鳳凰木</SimpleData>
		<SimpleData name="ROAD">小東路人行道</SimpleData>
	</SchemaData></ExtendedData>
      <Point><coordinates>120.215226298326,23.0014067881064</coordinates></Point>
  </Placemark>
  <Placemark>
	<ExtendedData><SchemaData schemaUrl="#六區行道樹2021_1">
		<SimpleData name="AREA">北區</SimpleData>
		<SimpleData name="DATE">2019/9/30</SimpleData>
		<SimpleData name="UID">340-00157</SimpleData>
		<SimpleData name="TREE_NAME">鳳凰木</SimpleData>
		<SimpleData name="ROAD">小東路人行道</SimpleData>
	</SchemaData></ExtendedData>
      <Point><coordinates>120.215167211818,23.0014193181221</coordinates></Point>
  </Placemark>
  <Placemark>
	<ExtendedData><SchemaData schemaUrl="#六區行道樹2021_1">
		<SimpleData name="AREA">北區</SimpleData>
		<SimpleData name="DATE">2019/9/30</SimpleData>
		<SimpleData name="UID">340-00158</SimpleData>
		<SimpleData name="TREE_NAME">鳳凰木</SimpleData>
		<SimpleData name="ROAD">小東路人行道</SimpleData>
	</SchemaData></ExtendedData>
      <Point><coordinates>120.215090065573,23.0014342870542</coordinates></Point>
  </Placemark>
  <Placemark>
	<ExtendedData><SchemaData schemaUrl="#六區行道樹2021_1">
		<SimpleData name="AREA">北區</SimpleData>
		<SimpleData name="DATE">2019/9/30</SimpleData>
		<SimpleData name="UID">340-00159</SimpleData>
		<SimpleData name="TREE_NAME">鳳凰木</SimpleData>
		<SimpleData name="ROAD">小東路人行道</SimpleData>
	</SchemaData></ExtendedData>
      <Point><coordinates>120.215010300324,23.0014467145275</coordinates></Point>
  </Placemark>
  <Placemark>
	<ExtendedData><SchemaData schemaUrl="#六區行道樹2021_1">
		<SimpleData name="AREA">北區</SimpleData>
		<SimpleData name="DATE">2019/9/30</SimpleData>
		<SimpleData name="UID">340-00160</SimpleData>
		<SimpleData name="TREE_NAME">鳳凰木</SimpleData>
		<SimpleData name="ROAD">小東路人行道</SimpleData>
	</SchemaData></ExtendedData>
      <Point><coordinates>120.214902276208,23.0014710119702</coordinates></Point>
  </Placemark>
  <Placemark>
	<ExtendedData><SchemaData schemaUrl="#六區行道樹2021_1">
		<SimpleData name="AREA">北區</SimpleData>
		<SimpleData name="DATE">2019/9/30</SimpleData>
		<SimpleData name="UID">340-00161</SimpleData>
		<SimpleData name="TREE_NAME">黑板樹</SimpleData>
		<SimpleData name="ROAD">小東路中央分隔島</SimpleData>
	</SchemaData></ExtendedData>
      <Point><coordinates>120.215215099045,23.0012686617287</coordinates></Point>
  </Placemark>
  <Placemark>
	<ExtendedData><SchemaData schemaUrl="#六區行道樹2021_1">
		<SimpleData name="AREA">北區</SimpleData>
		<SimpleData name="DATE">2019/9/30</SimpleData>
		<SimpleData name="UID">340-00162</SimpleData>
		<SimpleData name="TREE_NAME">黑板樹</SimpleData>
		<SimpleData name="ROAD">小東路中央分隔島</SimpleData>
	</SchemaData></ExtendedData>
      <Point><coordinates>120.215248259939,23.0012524814814</coordinates></Point>
  </Placemark>
  <Placemark>
	<ExtendedData><SchemaData schemaUrl="#六區行道樹2021_1">
		<SimpleData name="AREA">北區</SimpleData>
		<SimpleData name="DATE">2019/9/30</SimpleData>
		<SimpleData name="UID">340-00163</SimpleData>
		<SimpleData name="TREE_NAME">黑板樹</SimpleData>
		<SimpleData name="ROAD">小東路中央分隔島</SimpleData>
	</SchemaData></ExtendedData>
      <Point><coordinates>120.215302245968,23.0012616888079</coordinates></Point>
  </Placemark>
  <Placemark>
	<ExtendedData><SchemaData schemaUrl="#六區行道樹2021_1">
		<SimpleData name="AREA">北區</SimpleData>
		<SimpleData name="DATE">2019/9/30</SimpleData>
		<SimpleData name="UID">340-00164</SimpleData>
		<SimpleData name="TREE_NAME">黑板樹</SimpleData>
		<SimpleData name="ROAD">小東路中央分隔島</SimpleData>
	</SchemaData></ExtendedData>
      <Point><coordinates>120.215356327007,23.0012544617262</coordinates></Point>
  </Placemark>
  <Placemark>
	<ExtendedData><SchemaData schemaUrl="#六區行道樹2021_1">
		<SimpleData name="AREA">北區</SimpleData>
		<SimpleData name="DATE">2019/9/30</SimpleData>
		<SimpleData name="UID">340-00165</SimpleData>
		<SimpleData name="TREE_NAME">黑板樹</SimpleData>
		<SimpleData name="ROAD">小東路中央分隔島</SimpleData>
	</SchemaData></ExtendedData>
      <Point><coordinates>120.215410826913,23.0012422701221</coordinates></Point>
  </Placemark>
  <Placemark>
	<ExtendedData><SchemaData schemaUrl="#六區行道樹2021_1">
		<SimpleData name="AREA">北區</SimpleData>
		<SimpleData name="DATE">2019/9/30</SimpleData>
		<SimpleData name="UID">340-00166</SimpleData>
		<SimpleData name="TREE_NAME">黑板樹</SimpleData>
		<SimpleData name="ROAD">小東路中央分隔島</SimpleData>
	</SchemaData></ExtendedData>
      <Point><coordinates>120.215471358693,23.0012328174208</coordinates></Point>
  </Placemark>
  <Placemark>
	<ExtendedData><SchemaData schemaUrl="#六區行道樹2021_1">
		<SimpleData name="AREA">北區</SimpleData>
		<SimpleData name="DATE">2019/9/30</SimpleData>
		<SimpleData name="UID">340-00167</SimpleData>
		<SimpleData name="TREE_NAME">龍眼</SimpleData>
		<SimpleData name="ROAD">小東路中央分隔島</SimpleData>
	</SchemaData></ExtendedData>
      <Point><coordinates>120.215572122227,23.0012157980386</coordinates></Point>
  </Placemark>
  <Placemark>
	<ExtendedData><SchemaData schemaUrl="#六區行道樹2021_1">
		<SimpleData name="AREA">北區</SimpleData>
		<SimpleData name="DATE">2019/10/1</SimpleData>
		<SimpleData name="UID">340-00168</SimpleData>
		<SimpleData name="TREE_NAME">黑板樹</SimpleData>
		<SimpleData name="ROAD">小東路中央分隔島</SimpleData>
	</SchemaData></ExtendedData>
      <Point><coordinates>120.215680237834,23.0011924938997</coordinates></Point>
  </Placemark>
  <Placemark>
	<ExtendedData><SchemaData schemaUrl="#六區行道樹2021_1">
		<SimpleData name="AREA">北區</SimpleData>
		<SimpleData name="DATE">2019/10/1</SimpleData>
		<SimpleData name="UID">340-00169</SimpleData>
		<SimpleData name="TREE_NAME">黑板樹</SimpleData>
		<SimpleData name="ROAD">小東路中央分隔島</SimpleData>
	</SchemaData></ExtendedData>
      <Point><coordinates>120.21577365707,23.0011635182278</coordinates></Point>
  </Placemark>
  <Placemark>
	<ExtendedData><SchemaData schemaUrl="#六區行道樹2021_1">
		<SimpleData name="AREA">北區</SimpleData>
		<SimpleData name="DATE">2019/10/1</SimpleData>
		<SimpleData name="UID">340-00170</SimpleData>
		<SimpleData name="TREE_NAME">黑板樹</SimpleData>
		<SimpleData name="ROAD">小東路中央分隔島</SimpleData>
	</SchemaData></ExtendedData>
      <Point><coordinates>120.21585629094,23.0011610377252</coordinates></Point>
  </Placemark>
  <Placemark>
	<ExtendedData><SchemaData schemaUrl="#六區行道樹2021_1">
		<SimpleData name="AREA">北區</SimpleData>
		<SimpleData name="DATE">2019/10/1</SimpleData>
		<SimpleData name="UID">340-00171</SimpleData>
		<SimpleData name="TREE_NAME">榕樹</SimpleData>
		<SimpleData name="ROAD">小東路中央分隔島</SimpleData>
	</SchemaData></ExtendedData>
      <Point><coordinates>120.215953422937,23.00114788308</coordinates></Point>
  </Placemark>
  <Placemark>
	<ExtendedData><SchemaData schemaUrl="#六區行道樹2021_1">
		<SimpleData name="AREA">北區</SimpleData>
		<SimpleData name="DATE">2019/10/1</SimpleData>
		<SimpleData name="UID">340-00172</SimpleData>
		<SimpleData name="TREE_NAME">黑板樹</SimpleData>
		<SimpleData name="ROAD">小東路中央分隔島</SimpleData>
	</SchemaData></ExtendedData>
      <Point><coordinates>120.216026782064,23.0011468013973</coordinates></Point>
  </Placemark>
  <Placemark>
	<ExtendedData><SchemaData schemaUrl="#六區行道樹2021_1">
		<SimpleData name="AREA">北區</SimpleData>
		<SimpleData name="DATE">2019/10/1</SimpleData>
		<SimpleData name="UID">340-00173</SimpleData>
		<SimpleData name="TREE_NAME">黑板樹</SimpleData>
		<SimpleData name="ROAD">小東路中央分隔島</SimpleData>
	</SchemaData></ExtendedData>
      <Point><coordinates>120.216117286493,23.0011495972005</coordinates></Point>
  </Placemark>
  <Placemark>
	<ExtendedData><SchemaData schemaUrl="#六區行道樹2021_1">
		<SimpleData name="AREA">北區</SimpleData>
		<SimpleData name="DATE">2019/10/1</SimpleData>
		<SimpleData name="UID">340-00174</SimpleData>
		<SimpleData name="TREE_NAME">黑板樹</SimpleData>
		<SimpleData name="ROAD">小東路中央分隔島</SimpleData>
	</SchemaData></ExtendedData>
      <Point><coordinates>120.217505246727,23.001012429808</coordinates></Point>
  </Placemark>
  <Placemark>
	<ExtendedData><SchemaData schemaUrl="#六區行道樹2021_1">
		<SimpleData name="AREA">北區</SimpleData>
		<SimpleData name="DATE">2019/10/1</SimpleData>
		<SimpleData name="UID">340-00175</SimpleData>
		<SimpleData name="TREE_NAME">黑板樹</SimpleData>
		<SimpleData name="ROAD">小東路中央分隔島</SimpleData>
	</SchemaData></ExtendedData>
      <Point><coordinates>120.217578139949,23.001007552441</coordinates></Point>
  </Placemark>
  <Placemark>
	<ExtendedData><SchemaData schemaUrl="#六區行道樹2021_1">
		<SimpleData name="AREA">北區</SimpleData>
		<SimpleData name="DATE">2019/10/1</SimpleData>
		<SimpleData name="UID">340-00176</SimpleData>
		<SimpleData name="TREE_NAME">黑板樹</SimpleData>
		<SimpleData name="ROAD">小東路中央分隔島</SimpleData>
	</SchemaData></ExtendedData>
      <Point><coordinates>120.217646125415,23.0010079785842</coordinates></Point>
  </Placemark>
  <Placemark>
	<ExtendedData><SchemaData schemaUrl="#六區行道樹2021_1">
		<SimpleData name="AREA">北區</SimpleData>
		<SimpleData name="DATE">2019/10/1</SimpleData>
		<SimpleData name="UID">340-00177</SimpleData>
		<SimpleData name="TREE_NAME">黑板樹</SimpleData>
		<SimpleData name="ROAD">小東路中央分隔島</SimpleData>
	</SchemaData></ExtendedData>
      <Point><coordinates>120.217708046175,23.0010113546916</coordinates></Point>
  </Placemark>
  <Placemark>
	<ExtendedData><SchemaData schemaUrl="#六區行道樹2021_1">
		<SimpleData name="AREA">北區</SimpleData>
		<SimpleData name="DATE">2019/10/1</SimpleData>
		<SimpleData name="UID">340-00178</SimpleData>
		<SimpleData name="TREE_NAME">黑板樹</SimpleData>
		<SimpleData name="ROAD">小東路中央分隔島</SimpleData>
	</SchemaData></ExtendedData>
      <Point><coordinates>120.217815269616,23.0010073691905</coordinates></Point>
  </Placemark>
  <Placemark>
	<ExtendedData><SchemaData schemaUrl="#六區行道樹2021_1">
		<SimpleData name="AREA">北區</SimpleData>
		<SimpleData name="DATE">2019/10/1</SimpleData>
		<SimpleData name="UID">340-00179</SimpleData>
		<SimpleData name="TREE_NAME">黑板樹</SimpleData>
		<SimpleData name="ROAD">小東路中央分隔島</SimpleData>
	</SchemaData></ExtendedData>
      <Point><coordinates>120.217904782484,23.0010129584195</coordinates></Point>
  </Placemark>
  <Placemark>
	<ExtendedData><SchemaData schemaUrl="#六區行道樹2021_1">
		<SimpleData name="AREA">北區</SimpleData>
		<SimpleData name="DATE">2019/10/1</SimpleData>
		<SimpleData name="UID">340-00180</SimpleData>
		<SimpleData name="TREE_NAME">黑板樹</SimpleData>
		<SimpleData name="ROAD">小東路中央分隔島</SimpleData>
	</SchemaData></ExtendedData>
      <Point><coordinates>120.217979866858,23.001000235459</coordinates></Point>
  </Placemark>
  <Placemark>
	<ExtendedData><SchemaData schemaUrl="#六區行道樹2021_1">
		<SimpleData name="AREA">北區</SimpleData>
		<SimpleData name="DATE">2019/10/1</SimpleData>
		<SimpleData name="UID">340-00181</SimpleData>
		<SimpleData name="TREE_NAME">黑板樹</SimpleData>
		<SimpleData name="ROAD">小東路中央分隔島</SimpleData>
	</SchemaData></ExtendedData>
      <Point><coordinates>120.218113792809,23.0009835587894</coordinates></Point>
  </Placemark>
  <Placemark>
	<ExtendedData><SchemaData schemaUrl="#六區行道樹2021_1">
		<SimpleData name="AREA">北區</SimpleData>
		<SimpleData name="DATE">2019/10/2</SimpleData>
		<SimpleData name="UID">340-00378</SimpleData>
		<SimpleData name="TREE_NAME">櫸木</SimpleData>
		<SimpleData name="ROAD">東豐路人行道</SimpleData>
	</SchemaData></ExtendedData>
      <Point><coordinates>120.218220118885,23.0036078829744</coordinates></Point>
  </Placemark>
  <Placemark>
	<ExtendedData><SchemaData schemaUrl="#六區行道樹2021_1">
		<SimpleData name="AREA">北區</SimpleData>
		<SimpleData name="DATE">2019/10/2</SimpleData>
		<SimpleData name="UID">340-00379</SimpleData>
		<SimpleData name="TREE_NAME">黃花風鈴木</SimpleData>
		<SimpleData name="ROAD">東豐路人行道</SimpleData>
	</SchemaData></ExtendedData>
      <Point><coordinates>120.217967239931,23.0036319188405</coordinates></Point>
  </Placemark>
  <Placemark>
	<ExtendedData><SchemaData schemaUrl="#六區行道樹2021_1">
		<SimpleData name="AREA">北區</SimpleData>
		<SimpleData name="DATE">2019/10/2</SimpleData>
		<SimpleData name="UID">340-00380</SimpleData>
		<SimpleData name="TREE_NAME">黃花風鈴木</SimpleData>
		<SimpleData name="ROAD">東豐路人行道</SimpleData>
	</SchemaData></ExtendedData>
      <Point><coordinates>120.217907850673,23.0036460737902</coordinates></Point>
  </Placemark>
  <Placemark>
	<ExtendedData><SchemaData schemaUrl="#六區行道樹2021_1">
		<SimpleData name="AREA">北區</SimpleData>
		<SimpleData name="DATE">2019/10/2</SimpleData>
		<SimpleData name="UID">340-00381</SimpleData>
		<SimpleData name="TREE_NAME">黃花風鈴木</SimpleData>
		<SimpleData name="ROAD">東豐路人行道</SimpleData>
	</SchemaData></ExtendedData>
      <Point><coordinates>120.217834096368,23.0036477864723</coordinates></Point>
  </Placemark>
  <Placemark>
	<ExtendedData><SchemaData schemaUrl="#六區行道樹2021_1">
		<SimpleData name="AREA">北區</SimpleData>
		<SimpleData name="DATE">2019/10/2</SimpleData>
		<SimpleData name="UID">340-00382</SimpleData>
		<SimpleData name="TREE_NAME">斑葉小葉欖仁</SimpleData>
		<SimpleData name="ROAD">東豐路人行道</SimpleData>
	</SchemaData></ExtendedData>
      <Point><coordinates>120.217747642765,23.0036526872443</coordinates></Point>
  </Placemark>
  <Placemark>
	<ExtendedData><SchemaData schemaUrl="#六區行道樹2021_1">
		<SimpleData name="AREA">北區</SimpleData>
		<SimpleData name="DATE">2019/10/2</SimpleData>
		<SimpleData name="UID">340-00383</SimpleData>
		<SimpleData name="TREE_NAME">龍眼</SimpleData>
		<SimpleData name="ROAD">東豐路人行道</SimpleData>
	</SchemaData></ExtendedData>
      <Point><coordinates>120.217669069193,23.0036951019939</coordinates></Point>
  </Placemark>
  <Placemark>
	<ExtendedData><SchemaData schemaUrl="#六區行道樹2021_1">
		<SimpleData name="AREA">北區</SimpleData>
		<SimpleData name="DATE">2019/10/2</SimpleData>
		<SimpleData name="UID">340-00384</SimpleData>
		<SimpleData name="TREE_NAME">黃花風鈴木</SimpleData>
		<SimpleData name="ROAD">東豐路人行道</SimpleData>
	</SchemaData></ExtendedData>
      <Point><coordinates>120.217310520936,23.0037238522468</coordinates></Point>
  </Placemark>
  <Placemark>
	<ExtendedData><SchemaData schemaUrl="#六區行道樹2021_1">
		<SimpleData name="AREA">北區</SimpleData>
		<SimpleData name="DATE">2019/10/2</SimpleData>
		<SimpleData name="UID">340-00385</SimpleData>
		<SimpleData name="TREE_NAME">黃花風鈴木</SimpleData>
		<SimpleData name="ROAD">東豐路人行道</SimpleData>
	</SchemaData></ExtendedData>
      <Point><coordinates>120.217092062422,23.0037670201177</coordinates></Point>
  </Placemark>
  <Placemark>
	<ExtendedData><SchemaData schemaUrl="#六區行道樹2021_1">
		<SimpleData name="AREA">北區</SimpleData>
		<SimpleData name="DATE">2019/10/2</SimpleData>
		<SimpleData name="UID">340-00386</SimpleData>
		<SimpleData name="TREE_NAME">黃花風鈴木</SimpleData>
		<SimpleData name="ROAD">東豐路人行道</SimpleData>
	</SchemaData></ExtendedData>
      <Point><coordinates>120.216819063768,23.0038122658085</coordinates></Point>
  </Placemark>
  <Placemark>
	<ExtendedData><SchemaData schemaUrl="#六區行道樹2021_1">
		<SimpleData name="AREA">北區</SimpleData>
		<SimpleData name="DATE">2019/10/2</SimpleData>
		<SimpleData name="UID">340-00387</SimpleData>
		<SimpleData name="TREE_NAME">樹頭</SimpleData>
		<SimpleData name="ROAD">東豐路人行道</SimpleData>
	</SchemaData></ExtendedData>
      <Point><coordinates>120.216723811901,23.0038204636598</coordinates></Point>
  </Placemark>
  <Placemark>
	<ExtendedData><SchemaData schemaUrl="#六區行道樹2021_1">
		<SimpleData name="AREA">北區</SimpleData>
		<SimpleData name="DATE">2019/10/2</SimpleData>
		<SimpleData name="UID">340-00388</SimpleData>
		<SimpleData name="TREE_NAME">芒果</SimpleData>
		<SimpleData name="ROAD">東豐路人行道</SimpleData>
	</SchemaData></ExtendedData>
      <Point><coordinates>120.216615924796,23.0038207427281</coordinates></Point>
  </Placemark>
  <Placemark>
	<ExtendedData><SchemaData schemaUrl="#六區行道樹2021_1">
		<SimpleData name="AREA">北區</SimpleData>
		<SimpleData name="DATE">2019/10/2</SimpleData>
		<SimpleData name="UID">340-00389</SimpleData>
		<SimpleData name="TREE_NAME">芒果</SimpleData>
		<SimpleData name="ROAD">東豐路人行道</SimpleData>
	</SchemaData></ExtendedData>
      <Point><coordinates>120.216514204266,23.0038173498726</coordinates></Point>
  </Placemark>
  <Placemark>
	<ExtendedData><SchemaData schemaUrl="#六區行道樹2021_1">
		<SimpleData name="AREA">北區</SimpleData>
		<SimpleData name="DATE">2019/10/2</SimpleData>
		<SimpleData name="UID">340-00390</SimpleData>
		<SimpleData name="TREE_NAME">黃花風鈴木</SimpleData>
		<SimpleData name="ROAD">東豐路人行道</SimpleData>
	</SchemaData></ExtendedData>
      <Point><coordinates>120.214981408866,23.004131412818</coordinates></Point>
  </Placemark>
  <Placemark>
	<ExtendedData><SchemaData schemaUrl="#六區行道樹2021_1">
		<SimpleData name="AREA">北區</SimpleData>
		<SimpleData name="DATE">2019/10/2</SimpleData>
		<SimpleData name="UID">340-00391</SimpleData>
		<SimpleData name="TREE_NAME">黃花風鈴木</SimpleData>
		<SimpleData name="ROAD">東豐路人行道</SimpleData>
	</SchemaData></ExtendedData>
      <Point><coordinates>120.214845563261,23.0041252309829</coordinates></Point>
  </Placemark>
  <Placemark>
	<ExtendedData><SchemaData schemaUrl="#六區行道樹2021_1">
		<SimpleData name="AREA">北區</SimpleData>
		<SimpleData name="DATE">2019/10/2</SimpleData>
		<SimpleData name="UID">340-00392</SimpleData>
		<SimpleData name="TREE_NAME">黃花風鈴木</SimpleData>
		<SimpleData name="ROAD">東豐路人行道</SimpleData>
	</SchemaData></ExtendedData>
      <Point><coordinates>120.214646223604,23.0041513329688</coordinates></Point>
  </Placemark>
  <Placemark>
	<ExtendedData><SchemaData schemaUrl="#六區行道樹2021_1">
		<SimpleData name="AREA">北區</SimpleData>
		<SimpleData name="DATE">2019/10/2</SimpleData>
		<SimpleData name="UID">340-00393</SimpleData>
		<SimpleData name="TREE_NAME">空樹穴</SimpleData>
		<SimpleData name="ROAD">東豐路人行道</SimpleData>
	</SchemaData></ExtendedData>
      <Point><coordinates>120.21440631235,23.0037716899155</coordinates></Point>
  </Placemark>
  <Placemark>
	<ExtendedData><SchemaData schemaUrl="#六區行道樹2021_1">
		<SimpleData name="AREA">北區</SimpleData>
		<SimpleData name="DATE">2019/10/2</SimpleData>
		<SimpleData name="UID">340-00394</SimpleData>
		<SimpleData name="TREE_NAME">黑板樹</SimpleData>
		<SimpleData name="ROAD">東豐路人行道</SimpleData>
	</SchemaData></ExtendedData>
      <Point><coordinates>120.214486772793,23.0037573699013</coordinates></Point>
  </Placemark>
  <Placemark>
	<ExtendedData><SchemaData schemaUrl="#六區行道樹2021_1">
		<SimpleData name="AREA">北區</SimpleData>
		<SimpleData name="DATE">2019/10/2</SimpleData>
		<SimpleData name="UID">340-00395</SimpleData>
		<SimpleData name="TREE_NAME">空樹穴</SimpleData>
		<SimpleData name="ROAD">東豐路人行道</SimpleData>
	</SchemaData></ExtendedData>
      <Point><coordinates>120.214560346877,23.0037362430878</coordinates></Point>
  </Placemark>
  <Placemark>
	<ExtendedData><SchemaData schemaUrl="#六區行道樹2021_1">
		<SimpleData name="AREA">北區</SimpleData>
		<SimpleData name="DATE">2019/10/2</SimpleData>
		<SimpleData name="UID">340-00396</SimpleData>
		<SimpleData name="TREE_NAME">空樹穴</SimpleData>
		<SimpleData name="ROAD">東豐路人行道</SimpleData>
	</SchemaData></ExtendedData>
      <Point><coordinates>120.21463068165,23.0037186219295</coordinates></Point>
  </Placemark>
  <Placemark>
	<ExtendedData><SchemaData schemaUrl="#六區行道樹2021_1">
		<SimpleData name="AREA">北區</SimpleData>
		<SimpleData name="DATE">2019/10/2</SimpleData>
		<SimpleData name="UID">340-00397</SimpleData>
		<SimpleData name="TREE_NAME">空樹穴</SimpleData>
		<SimpleData name="ROAD">東豐路人行道</SimpleData>
	</SchemaData></ExtendedData>
      <Point><coordinates>120.214690661724,23.0037035681334</coordinates></Point>
  </Placemark>
  <Placemark>
	<ExtendedData><SchemaData schemaUrl="#六區行道樹2021_1">
		<SimpleData name="AREA">北區</SimpleData>
		<SimpleData name="DATE">2019/10/2</SimpleData>
		<SimpleData name="UID">340-00398</SimpleData>
		<SimpleData name="TREE_NAME">空樹穴</SimpleData>
		<SimpleData name="ROAD">東豐路人行道</SimpleData>
	</SchemaData></ExtendedData>
      <Point><coordinates>120.214775833408,23.0036842144545</coordinates></Point>
  </Placemark>
  <Placemark>
	<ExtendedData><SchemaData schemaUrl="#六區行道樹2021_1">
		<SimpleData name="AREA">北區</SimpleData>
		<SimpleData name="DATE">2019/10/2</SimpleData>
		<SimpleData name="UID">340-00399</SimpleData>
		<SimpleData name="TREE_NAME">黃花風鈴木</SimpleData>
		<SimpleData name="ROAD">東豐路人行道</SimpleData>
	</SchemaData></ExtendedData>
      <Point><coordinates>120.215265177146,23.0035902883954</coordinates></Point>
  </Placemark>
  <Placemark>
	<ExtendedData><SchemaData schemaUrl="#六區行道樹2021_1">
		<SimpleData name="AREA">北區</SimpleData>
		<SimpleData name="DATE">2019/10/2</SimpleData>
		<SimpleData name="UID">340-00400</SimpleData>
		<SimpleData name="TREE_NAME">黃花風鈴木</SimpleData>
		<SimpleData name="ROAD">東豐路人行道</SimpleData>
	</SchemaData></ExtendedData>
      <Point><coordinates>120.215411892886,23.003572142333</coordinates></Point>
  </Placemark>
  <Placemark>
	<ExtendedData><SchemaData schemaUrl="#六區行道樹2021_1">
		<SimpleData name="AREA">北區</SimpleData>
		<SimpleData name="DATE">2019/10/2</SimpleData>
		<SimpleData name="UID">340-00401</SimpleData>
		<SimpleData name="TREE_NAME">光蠟樹</SimpleData>
		<SimpleData name="ROAD">東豐路人行道</SimpleData>
	</SchemaData></ExtendedData>
      <Point><coordinates>120.215608059585,23.0035547828796</coordinates></Point>
  </Placemark>
  <Placemark>
	<ExtendedData><SchemaData schemaUrl="#六區行道樹2021_1">
		<SimpleData name="AREA">北區</SimpleData>
		<SimpleData name="DATE">2019/10/2</SimpleData>
		<SimpleData name="UID">340-00402</SimpleData>
		<SimpleData name="TREE_NAME">光蠟樹</SimpleData>
		<SimpleData name="ROAD">東豐路人行道</SimpleData>
	</SchemaData></ExtendedData>
      <Point><coordinates>120.215705136481,23.0035345846471</coordinates></Point>
  </Placemark>
  <Placemark>
	<ExtendedData><SchemaData schemaUrl="#六區行道樹2021_1">
		<SimpleData name="AREA">北區</SimpleData>
		<SimpleData name="DATE">2019/10/2</SimpleData>
		<SimpleData name="UID">340-00403</SimpleData>
		<SimpleData name="TREE_NAME">黃花風鈴木</SimpleData>
		<SimpleData name="ROAD">東豐路人行道</SimpleData>
	</SchemaData></ExtendedData>
      <Point><coordinates>120.215770683079,23.0035183840859</coordinates></Point>
  </Placemark>
  <Placemark>
	<ExtendedData><SchemaData schemaUrl="#六區行道樹2021_1">
		<SimpleData name="AREA">北區</SimpleData>
		<SimpleData name="DATE">2019/10/2</SimpleData>
		<SimpleData name="UID">340-00404</SimpleData>
		<SimpleData name="TREE_NAME">黃花風鈴木</SimpleData>
		<SimpleData name="ROAD">東豐路人行道</SimpleData>
	</SchemaData></ExtendedData>
      <Point><coordinates>120.215902662983,23.0034844521472</coordinates></Point>
  </Placemark>
  <Placemark>
	<ExtendedData><SchemaData schemaUrl="#六區行道樹2021_1">
		<SimpleData name="AREA">北區</SimpleData>
		<SimpleData name="DATE">2019/10/2</SimpleData>
		<SimpleData name="UID">340-00405</SimpleData>
		<SimpleData name="TREE_NAME">黃花風鈴木</SimpleData>
		<SimpleData name="ROAD">東豐路人行道</SimpleData>
	</SchemaData></ExtendedData>
      <Point><coordinates>120.216201750444,23.0034145945589</coordinates></Point>
  </Placemark>
  <Placemark>
	<ExtendedData><SchemaData schemaUrl="#六區行道樹2021_1">
		<SimpleData name="AREA">北區</SimpleData>
		<SimpleData name="DATE">2019/10/2</SimpleData>
		<SimpleData name="UID">340-00406</SimpleData>
		<SimpleData name="TREE_NAME">黃花風鈴木</SimpleData>
		<SimpleData name="ROAD">東豐路人行道</SimpleData>
	</SchemaData></ExtendedData>
      <Point><coordinates>120.21631102311,23.0033939145006</coordinates></Point>
  </Placemark>
  <Placemark>
	<ExtendedData><SchemaData schemaUrl="#六區行道樹2021_1">
		<SimpleData name="AREA">北區</SimpleData>
		<SimpleData name="DATE">2019/10/2</SimpleData>
		<SimpleData name="UID">340-00407</SimpleData>
		<SimpleData name="TREE_NAME">黃花風鈴木</SimpleData>
		<SimpleData name="ROAD">東豐路人行道</SimpleData>
	</SchemaData></ExtendedData>
      <Point><coordinates>120.21656217459,23.0033311334181</coordinates></Point>
  </Placemark>
  <Placemark>
	<ExtendedData><SchemaData schemaUrl="#六區行道樹2021_1">
		<SimpleData name="AREA">北區</SimpleData>
		<SimpleData name="DATE">2019/10/2</SimpleData>
		<SimpleData name="UID">340-00408</SimpleData>
		<SimpleData name="TREE_NAME">黃花風鈴木</SimpleData>
		<SimpleData name="ROAD">東豐路人行道</SimpleData>
	</SchemaData></ExtendedData>
      <Point><coordinates>120.216934086564,23.0032684072767</coordinates></Point>
  </Placemark>
  <Placemark>
	<ExtendedData><SchemaData schemaUrl="#六區行道樹2021_1">
		<SimpleData name="AREA">北區</SimpleData>
		<SimpleData name="DATE">2019/10/2</SimpleData>
		<SimpleData name="UID">340-00409</SimpleData>
		<SimpleData name="TREE_NAME">空樹穴</SimpleData>
		<SimpleData name="ROAD">東豐路人行道</SimpleData>
	</SchemaData></ExtendedData>
      <Point><coordinates>120.217198880403,23.00325869957</coordinates></Point>
  </Placemark>
  <Placemark>
	<ExtendedData><SchemaData schemaUrl="#六區行道樹2021_1">
		<SimpleData name="AREA">北區</SimpleData>
		<SimpleData name="DATE">2019/10/2</SimpleData>
		<SimpleData name="UID">340-00410</SimpleData>
		<SimpleData name="TREE_NAME">光蠟樹</SimpleData>
		<SimpleData name="ROAD">東豐路人行道</SimpleData>
	</SchemaData></ExtendedData>
      <Point><coordinates>120.217441132013,23.0032505957593</coordinates></Point>
  </Placemark>
  <Placemark>
	<ExtendedData><SchemaData schemaUrl="#六區行道樹2021_1">
		<SimpleData name="AREA">北區</SimpleData>
		<SimpleData name="DATE">2019/10/2</SimpleData>
		<SimpleData name="UID">340-00411</SimpleData>
		<SimpleData name="TREE_NAME">鳳凰木</SimpleData>
		<SimpleData name="ROAD">東豐路人行道</SimpleData>
	</SchemaData></ExtendedData>
      <Point><coordinates>120.217674694309,23.0032269168048</coordinates></Point>
  </Placemark>
  <Placemark>
	<ExtendedData><SchemaData schemaUrl="#六區行道樹2021_1">
		<SimpleData name="AREA">北區</SimpleData>
		<SimpleData name="DATE">2019/10/2</SimpleData>
		<SimpleData name="UID">340-00412</SimpleData>
		<SimpleData name="TREE_NAME">黃花風鈴木</SimpleData>
		<SimpleData name="ROAD">東豐路人行道</SimpleData>
	</SchemaData></ExtendedData>
      <Point><coordinates>120.217893618971,23.003170385791</coordinates></Point>
  </Placemark>
  <Placemark>
	<ExtendedData><SchemaData schemaUrl="#六區行道樹2021_1">
		<SimpleData name="AREA">北區</SimpleData>
		<SimpleData name="DATE">2019/10/2</SimpleData>
		<SimpleData name="UID">340-00413</SimpleData>
		<SimpleData name="TREE_NAME">黃花風鈴木</SimpleData>
		<SimpleData name="ROAD">東豐路人行道</SimpleData>
	</SchemaData></ExtendedData>
      <Point><coordinates>120.217987766669,23.0031675095566</coordinates></Point>
  </Placemark>
  <Placemark>
	<ExtendedData><SchemaData schemaUrl="#六區行道樹2021_1">
		<SimpleData name="AREA">北區</SimpleData>
		<SimpleData name="DATE">2019/10/2</SimpleData>
		<SimpleData name="UID">340-00414</SimpleData>
		<SimpleData name="TREE_NAME">空樹穴</SimpleData>
		<SimpleData name="ROAD">東豐路人行道</SimpleData>
	</SchemaData></ExtendedData>
      <Point><coordinates>120.218195587163,23.0031251006164</coordinates></Point>
  </Placemark>
  <Placemark>
	<ExtendedData><SchemaData schemaUrl="#六區行道樹2021_1">
		<SimpleData name="AREA">北區</SimpleData>
		<SimpleData name="DATE">2019/10/2</SimpleData>
		<SimpleData name="UID">340-00415</SimpleData>
		<SimpleData name="TREE_NAME">黃花風鈴木</SimpleData>
		<SimpleData name="ROAD">東豐路人行道</SimpleData>
	</SchemaData></ExtendedData>
      <Point><coordinates>120.218255300041,23.0031393921076</coordinates></Point>
  </Placemark>
  <Placemark>
	<ExtendedData><SchemaData schemaUrl="#六區行道樹2021_1">
		<SimpleData name="AREA">北區</SimpleData>
		<SimpleData name="DATE">2019/10/3</SimpleData>
		<SimpleData name="UID">340-00662</SimpleData>
		<SimpleData name="TREE_NAME">木棉</SimpleData>
		<SimpleData name="ROAD">東豐路中央分隔島</SimpleData>
	</SchemaData></ExtendedData>
      <Point><coordinates>120.21828124089,23.0035299836356</coordinates></Point>
  </Placemark>
  <Placemark>
	<ExtendedData><SchemaData schemaUrl="#六區行道樹2021_1">
		<SimpleData name="AREA">北區</SimpleData>
		<SimpleData name="DATE">2019/10/3</SimpleData>
		<SimpleData name="UID">340-00663</SimpleData>
		<SimpleData name="TREE_NAME">木棉</SimpleData>
		<SimpleData name="ROAD">東豐路中央分隔島</SimpleData>
	</SchemaData></ExtendedData>
      <Point><coordinates>120.218197071177,23.003544829088</coordinates></Point>
  </Placemark>
  <Placemark>
	<ExtendedData><SchemaData schemaUrl="#六區行道樹2021_1">
		<SimpleData name="AREA">北區</SimpleData>
		<SimpleData name="DATE">2019/10/3</SimpleData>
		<SimpleData name="UID">340-00664</SimpleData>
		<SimpleData name="TREE_NAME">木棉</SimpleData>
		<SimpleData name="ROAD">東豐路中央分隔島</SimpleData>
	</SchemaData></ExtendedData>
      <Point><coordinates>120.218159862149,23.0035525016223</coordinates></Point>
  </Placemark>
  <Placemark>
	<ExtendedData><SchemaData schemaUrl="#六區行道樹2021_1">
		<SimpleData name="AREA">北區</SimpleData>
		<SimpleData name="DATE">2019/10/3</SimpleData>
		<SimpleData name="UID">340-00665</SimpleData>
		<SimpleData name="TREE_NAME">木棉</SimpleData>
		<SimpleData name="ROAD">東豐路中央分隔島</SimpleData>
	</SchemaData></ExtendedData>
      <Point><coordinates>120.218119625652,23.003560791311</coordinates></Point>
  </Placemark>
  <Placemark>
	<ExtendedData><SchemaData schemaUrl="#六區行道樹2021_1">
		<SimpleData name="AREA">北區</SimpleData>
		<SimpleData name="DATE">2019/10/3</SimpleData>
		<SimpleData name="UID">340-00666</SimpleData>
		<SimpleData name="TREE_NAME">木棉</SimpleData>
		<SimpleData name="ROAD">東豐路中央分隔島</SimpleData>
	</SchemaData></ExtendedData>
      <Point><coordinates>120.218076847837,23.0035699714563</coordinates></Point>
  </Placemark>
  <Placemark>
	<ExtendedData><SchemaData schemaUrl="#六區行道樹2021_1">
		<SimpleData name="AREA">北區</SimpleData>
		<SimpleData name="DATE">2019/10/3</SimpleData>
		<SimpleData name="UID">340-00667</SimpleData>
		<SimpleData name="TREE_NAME">木棉</SimpleData>
		<SimpleData name="ROAD">東豐路中央分隔島</SimpleData>
	</SchemaData></ExtendedData>
      <Point><coordinates>120.218025606171,23.0035752268357</coordinates></Point>
  </Placemark>
  <Placemark>
	<ExtendedData><SchemaData schemaUrl="#六區行道樹2021_1">
		<SimpleData name="AREA">北區</SimpleData>
		<SimpleData name="DATE">2019/10/3</SimpleData>
		<SimpleData name="UID">340-00668</SimpleData>
		<SimpleData name="TREE_NAME">木棉</SimpleData>
		<SimpleData name="ROAD">東豐路中央分隔島</SimpleData>
	</SchemaData></ExtendedData>
      <Point><coordinates>120.217951726264,23.0035818152314</coordinates></Point>
  </Placemark>
  <Placemark>
	<ExtendedData><SchemaData schemaUrl="#六區行道樹2021_1">
		<SimpleData name="AREA">北區</SimpleData>
		<SimpleData name="DATE">2019/10/3</SimpleData>
		<SimpleData name="UID">340-00669</SimpleData>
		<SimpleData name="TREE_NAME">木棉</SimpleData>
		<SimpleData name="ROAD">東豐路中央分隔島</SimpleData>
	</SchemaData></ExtendedData>
      <Point><coordinates>120.217931433734,23.0035823471318</coordinates></Point>
  </Placemark>
  <Placemark>
	<ExtendedData><SchemaData schemaUrl="#六區行道樹2021_1">
		<SimpleData name="AREA">北區</SimpleData>
		<SimpleData name="DATE">2019/10/3</SimpleData>
		<SimpleData name="UID">340-00670</SimpleData>
		<SimpleData name="TREE_NAME">木棉</SimpleData>
		<SimpleData name="ROAD">東豐路中央分隔島</SimpleData>
	</SchemaData></ExtendedData>
      <Point><coordinates>120.217912492232,23.0035854141421</coordinates></Point>
  </Placemark>
  <Placemark>
	<ExtendedData><SchemaData schemaUrl="#六區行道樹2021_1">
		<SimpleData name="AREA">北區</SimpleData>
		<SimpleData name="DATE">2019/10/3</SimpleData>
		<SimpleData name="UID">340-00671</SimpleData>
		<SimpleData name="TREE_NAME">木棉</SimpleData>
		<SimpleData name="ROAD">東豐路中央分隔島</SimpleData>
	</SchemaData></ExtendedData>
      <Point><coordinates>120.217864750125,23.0035927636848</coordinates></Point>
  </Placemark>
  <Placemark>
	<ExtendedData><SchemaData schemaUrl="#六區行道樹2021_1">
		<SimpleData name="AREA">北區</SimpleData>
		<SimpleData name="DATE">2019/10/3</SimpleData>
		<SimpleData name="UID">340-00672</SimpleData>
		<SimpleData name="TREE_NAME">木棉</SimpleData>
		<SimpleData name="ROAD">東豐路中央分隔島</SimpleData>
	</SchemaData></ExtendedData>
      <Point><coordinates>120.217821334241,23.003594174685</coordinates></Point>
  </Placemark>
  <Placemark>
	<ExtendedData><SchemaData schemaUrl="#六區行道樹2021_1">
		<SimpleData name="AREA">北區</SimpleData>
		<SimpleData name="DATE">2019/10/3</SimpleData>
		<SimpleData name="UID">340-00673</SimpleData>
		<SimpleData name="TREE_NAME">木棉</SimpleData>
		<SimpleData name="ROAD">東豐路中央分隔島</SimpleData>
	</SchemaData></ExtendedData>
      <Point><coordinates>120.217762497237,23.0035971349292</coordinates></Point>
  </Placemark>
  <Placemark>
	<ExtendedData><SchemaData schemaUrl="#六區行道樹2021_1">
		<SimpleData name="AREA">北區</SimpleData>
		<SimpleData name="DATE">2019/10/3</SimpleData>
		<SimpleData name="UID">340-00674</SimpleData>
		<SimpleData name="TREE_NAME">木棉</SimpleData>
		<SimpleData name="ROAD">東豐路中央分隔島</SimpleData>
	</SchemaData></ExtendedData>
      <Point><coordinates>120.217717889499,23.0036022423731</coordinates></Point>
  </Placemark>
  <Placemark>
	<ExtendedData><SchemaData schemaUrl="#六區行道樹2021_1">
		<SimpleData name="AREA">北區</SimpleData>
		<SimpleData name="DATE">2019/10/3</SimpleData>
		<SimpleData name="UID">340-00675</SimpleData>
		<SimpleData name="TREE_NAME">榕樹</SimpleData>
		<SimpleData name="ROAD">東豐路中央分隔島</SimpleData>
	</SchemaData></ExtendedData>
      <Point><coordinates>120.217466090933,23.0036419049223</coordinates></Point>
  </Placemark>
  <Placemark>
	<ExtendedData><SchemaData schemaUrl="#六區行道樹2021_1">
		<SimpleData name="AREA">北區</SimpleData>
		<SimpleData name="DATE">2019/10/3</SimpleData>
		<SimpleData name="UID">340-00676</SimpleData>
		<SimpleData name="TREE_NAME">木棉</SimpleData>
		<SimpleData name="ROAD">東豐路中央分隔島</SimpleData>
	</SchemaData></ExtendedData>
      <Point><coordinates>120.217404151801,23.0036415085511</coordinates></Point>
  </Placemark>
  <Placemark>
	<ExtendedData><SchemaData schemaUrl="#六區行道樹2021_1">
		<SimpleData name="AREA">北區</SimpleData>
		<SimpleData name="DATE">2019/10/3</SimpleData>
		<SimpleData name="UID">340-00677</SimpleData>
		<SimpleData name="TREE_NAME">空樹穴</SimpleData>
		<SimpleData name="ROAD">東豐路中央分隔島</SimpleData>
	</SchemaData></ExtendedData>
      <Point><coordinates>120.21737173428,23.0036471276433</coordinates></Point>
  </Placemark>
  <Placemark>
	<ExtendedData><SchemaData schemaUrl="#六區行道樹2021_1">
		<SimpleData name="AREA">北區</SimpleData>
		<SimpleData name="DATE">2019/10/3</SimpleData>
		<SimpleData name="UID">340-00678</SimpleData>
		<SimpleData name="TREE_NAME">木棉</SimpleData>
		<SimpleData name="ROAD">東豐路中央分隔島</SimpleData>
	</SchemaData></ExtendedData>
      <Point><coordinates>120.217284128541,23.0036657482862</coordinates></Point>
  </Placemark>
  <Placemark>
	<ExtendedData><SchemaData schemaUrl="#六區行道樹2021_1">
		<SimpleData name="AREA">北區</SimpleData>
		<SimpleData name="DATE">2019/10/3</SimpleData>
		<SimpleData name="UID">340-00679</SimpleData>
		<SimpleData name="TREE_NAME">木棉</SimpleData>
		<SimpleData name="ROAD">東豐路中央分隔島</SimpleData>
	</SchemaData></ExtendedData>
      <Point><coordinates>120.217258841006,23.0036697771685</coordinates></Point>
  </Placemark>
  <Placemark>
	<ExtendedData><SchemaData schemaUrl="#六區行道樹2021_1">
		<SimpleData name="AREA">北區</SimpleData>
		<SimpleData name="DATE">2019/10/3</SimpleData>
		<SimpleData name="UID">340-00680</SimpleData>
		<SimpleData name="TREE_NAME">木棉</SimpleData>
		<SimpleData name="ROAD">東豐路中央分隔島</SimpleData>
	</SchemaData></ExtendedData>
      <Point><coordinates>120.21722598695,23.0036834309005</coordinates></Point>
  </Placemark>
  <Placemark>
	<ExtendedData><SchemaData schemaUrl="#六區行道樹2021_1">
		<SimpleData name="AREA">北區</SimpleData>
		<SimpleData name="DATE">2019/10/3</SimpleData>
		<SimpleData name="UID">340-00681</SimpleData>
		<SimpleData name="TREE_NAME">木棉</SimpleData>
		<SimpleData name="ROAD">東豐路中央分隔島</SimpleData>
	</SchemaData></ExtendedData>
      <Point><coordinates>120.21719404098,23.0036918516312</coordinates></Point>
  </Placemark>
  <Placemark>
	<ExtendedData><SchemaData schemaUrl="#六區行道樹2021_1">
		<SimpleData name="AREA">北區</SimpleData>
		<SimpleData name="DATE">2019/10/3</SimpleData>
		<SimpleData name="UID">340-00682</SimpleData>
		<SimpleData name="TREE_NAME">木棉</SimpleData>
		<SimpleData name="ROAD">東豐路中央分隔島</SimpleData>
	</SchemaData></ExtendedData>
      <Point><coordinates>120.217165698882,23.0037011931842</coordinates></Point>
  </Placemark>
  <Placemark>
	<ExtendedData><SchemaData schemaUrl="#六區行道樹2021_1">
		<SimpleData name="AREA">北區</SimpleData>
		<SimpleData name="DATE">2019/10/3</SimpleData>
		<SimpleData name="UID">340-00683</SimpleData>
		<SimpleData name="TREE_NAME">木棉</SimpleData>
		<SimpleData name="ROAD">東豐路中央分隔島</SimpleData>
	</SchemaData></ExtendedData>
      <Point><coordinates>120.217119449533,23.0037034026976</coordinates></Point>
  </Placemark>
  <Placemark>
	<ExtendedData><SchemaData schemaUrl="#六區行道樹2021_1">
		<SimpleData name="AREA">北區</SimpleData>
		<SimpleData name="DATE">2019/10/3</SimpleData>
		<SimpleData name="UID">340-00684</SimpleData>
		<SimpleData name="TREE_NAME">木棉</SimpleData>
		<SimpleData name="ROAD">東豐路中央分隔島</SimpleData>
	</SchemaData></ExtendedData>
      <Point><coordinates>120.217060310469,23.0037079866119</coordinates></Point>
  </Placemark>
  <Placemark>
	<ExtendedData><SchemaData schemaUrl="#六區行道樹2021_1">
		<SimpleData name="AREA">北區</SimpleData>
		<SimpleData name="DATE">2019/10/3</SimpleData>
		<SimpleData name="UID">340-00685</SimpleData>
		<SimpleData name="TREE_NAME">木棉</SimpleData>
		<SimpleData name="ROAD">東豐路中央分隔島</SimpleData>
	</SchemaData></ExtendedData>
      <Point><coordinates>120.217022279323,23.0037228789261</coordinates></Point>
  </Placemark>
  <Placemark>
	<ExtendedData><SchemaData schemaUrl="#六區行道樹2021_1">
		<SimpleData name="AREA">北區</SimpleData>
		<SimpleData name="DATE">2019/10/3</SimpleData>
		<SimpleData name="UID">340-00686</SimpleData>
		<SimpleData name="TREE_NAME">木棉</SimpleData>
		<SimpleData name="ROAD">東豐路中央分隔島</SimpleData>
	</SchemaData></ExtendedData>
      <Point><coordinates>120.216994894401,23.0037353857305</coordinates></Point>
  </Placemark>
  <Placemark>
	<ExtendedData><SchemaData schemaUrl="#六區行道樹2021_1">
		<SimpleData name="AREA">北區</SimpleData>
		<SimpleData name="DATE">2019/10/3</SimpleData>
		<SimpleData name="UID">340-00687</SimpleData>
		<SimpleData name="TREE_NAME">木棉</SimpleData>
		<SimpleData name="ROAD">東豐路中央分隔島</SimpleData>
	</SchemaData></ExtendedData>
      <Point><coordinates>120.216964537225,23.0037389379924</coordinates></Point>
  </Placemark>
  <Placemark>
	<ExtendedData><SchemaData schemaUrl="#六區行道樹2021_1">
		<SimpleData name="AREA">北區</SimpleData>
		<SimpleData name="DATE">2019/10/3</SimpleData>
		<SimpleData name="UID">340-00688</SimpleData>
		<SimpleData name="TREE_NAME">木棉</SimpleData>
		<SimpleData name="ROAD">東豐路中央分隔島</SimpleData>
	</SchemaData></ExtendedData>
      <Point><coordinates>120.216924976636,23.0037484046349</coordinates></Point>
  </Placemark>
  <Placemark>
	<ExtendedData><SchemaData schemaUrl="#六區行道樹2021_1">
		<SimpleData name="AREA">北區</SimpleData>
		<SimpleData name="DATE">2019/10/3</SimpleData>
		<SimpleData name="UID">340-00689</SimpleData>
		<SimpleData name="TREE_NAME">木棉</SimpleData>
		<SimpleData name="ROAD">東豐路中央分隔島</SimpleData>
	</SchemaData></ExtendedData>
      <Point><coordinates>120.216851281782,23.0037567091557</coordinates></Point>
  </Placemark>
  <Placemark>
	<ExtendedData><SchemaData schemaUrl="#六區行道樹2021_1">
		<SimpleData name="AREA">北區</SimpleData>
		<SimpleData name="DATE">2019/10/3</SimpleData>
		<SimpleData name="UID">340-00690</SimpleData>
		<SimpleData name="TREE_NAME">木棉</SimpleData>
		<SimpleData name="ROAD">東豐路中央分隔島</SimpleData>
	</SchemaData></ExtendedData>
      <Point><coordinates>120.216798045382,23.0037695395905</coordinates></Point>
  </Placemark>
  <Placemark>
	<ExtendedData><SchemaData schemaUrl="#六區行道樹2021_1">
		<SimpleData name="AREA">北區</SimpleData>
		<SimpleData name="DATE">2019/10/3</SimpleData>
		<SimpleData name="UID">340-00691</SimpleData>
		<SimpleData name="TREE_NAME">木棉</SimpleData>
		<SimpleData name="ROAD">東豐路中央分隔島</SimpleData>
	</SchemaData></ExtendedData>
      <Point><coordinates>120.216767495714,23.0037726393553</coordinates></Point>
  </Placemark>
  <Placemark>
	<ExtendedData><SchemaData schemaUrl="#六區行道樹2021_1">
		<SimpleData name="AREA">北區</SimpleData>
		<SimpleData name="DATE">2019/10/3</SimpleData>
		<SimpleData name="UID">340-00692</SimpleData>
		<SimpleData name="TREE_NAME">空樹穴</SimpleData>
		<SimpleData name="ROAD">東豐路中央分隔島</SimpleData>
	</SchemaData></ExtendedData>
      <Point><coordinates>120.216741639566,23.0037737756964</coordinates></Point>
  </Placemark>
  <Placemark>
	<ExtendedData><SchemaData schemaUrl="#六區行道樹2021_1">
		<SimpleData name="AREA">北區</SimpleData>
		<SimpleData name="DATE">2019/10/3</SimpleData>
		<SimpleData name="UID">340-00693</SimpleData>
		<SimpleData name="TREE_NAME">木棉</SimpleData>
		<SimpleData name="ROAD">東豐路中央分隔島</SimpleData>
	</SchemaData></ExtendedData>
      <Point><coordinates>120.216708846411,23.0037768643538</coordinates></Point>
  </Placemark>
  <Placemark>
	<ExtendedData><SchemaData schemaUrl="#六區行道樹2021_1">
		<SimpleData name="AREA">北區</SimpleData>
		<SimpleData name="DATE">2019/10/3</SimpleData>
		<SimpleData name="UID">340-00694</SimpleData>
		<SimpleData name="TREE_NAME">木棉</SimpleData>
		<SimpleData name="ROAD">東豐路中央分隔島</SimpleData>
	</SchemaData></ExtendedData>
      <Point><coordinates>120.216605050928,23.0037780666671</coordinates></Point>
  </Placemark>
  <Placemark>
	<ExtendedData><SchemaData schemaUrl="#六區行道樹2021_1">
		<SimpleData name="AREA">北區</SimpleData>
		<SimpleData name="DATE">2019/10/3</SimpleData>
		<SimpleData name="UID">340-00695</SimpleData>
		<SimpleData name="TREE_NAME">木棉</SimpleData>
		<SimpleData name="ROAD">東豐路中央分隔島</SimpleData>
	</SchemaData></ExtendedData>
      <Point><coordinates>120.216570293881,23.0037834031164</coordinates></Point>
  </Placemark>
  <Placemark>
	<ExtendedData><SchemaData schemaUrl="#六區行道樹2021_1">
		<SimpleData name="AREA">北區</SimpleData>
		<SimpleData name="DATE">2019/10/3</SimpleData>
		<SimpleData name="UID">340-00696</SimpleData>
		<SimpleData name="TREE_NAME">木棉</SimpleData>
		<SimpleData name="ROAD">東豐路中央分隔島</SimpleData>
	</SchemaData></ExtendedData>
      <Point><coordinates>120.216509987384,23.0037874392401</coordinates></Point>
  </Placemark>
  <Placemark>
	<ExtendedData><SchemaData schemaUrl="#六區行道樹2021_1">
		<SimpleData name="AREA">北區</SimpleData>
		<SimpleData name="DATE">2019/10/3</SimpleData>
		<SimpleData name="UID">340-00697</SimpleData>
		<SimpleData name="TREE_NAME">木棉</SimpleData>
		<SimpleData name="ROAD">東豐路中央分隔島</SimpleData>
	</SchemaData></ExtendedData>
      <Point><coordinates>120.216465325852,23.0038018471086</coordinates></Point>
  </Placemark>
  <Placemark>
	<ExtendedData><SchemaData schemaUrl="#六區行道樹2021_1">
		<SimpleData name="AREA">北區</SimpleData>
		<SimpleData name="DATE">2019/10/3</SimpleData>
		<SimpleData name="UID">340-00698</SimpleData>
		<SimpleData name="TREE_NAME">木棉</SimpleData>
		<SimpleData name="ROAD">東豐路中央分隔島</SimpleData>
	</SchemaData></ExtendedData>
      <Point><coordinates>120.216410926186,23.0038134074367</coordinates></Point>
  </Placemark>
  <Placemark>
	<ExtendedData><SchemaData schemaUrl="#六區行道樹2021_1">
		<SimpleData name="AREA">北區</SimpleData>
		<SimpleData name="DATE">2019/10/3</SimpleData>
		<SimpleData name="UID">340-00699</SimpleData>
		<SimpleData name="TREE_NAME">木棉</SimpleData>
		<SimpleData name="ROAD">東豐路中央分隔島</SimpleData>
	</SchemaData></ExtendedData>
      <Point><coordinates>120.216372171431,23.0038184531573</coordinates></Point>
  </Placemark>
  <Placemark>
	<ExtendedData><SchemaData schemaUrl="#六區行道樹2021_1">
		<SimpleData name="AREA">北區</SimpleData>
		<SimpleData name="DATE">2019/10/3</SimpleData>
		<SimpleData name="UID">340-00700</SimpleData>
		<SimpleData name="TREE_NAME">木棉</SimpleData>
		<SimpleData name="ROAD">東豐路中央分隔島</SimpleData>
	</SchemaData></ExtendedData>
      <Point><coordinates>120.216325705052,23.0038244540232</coordinates></Point>
  </Placemark>
  <Placemark>
	<ExtendedData><SchemaData schemaUrl="#六區行道樹2021_1">
		<SimpleData name="AREA">北區</SimpleData>
		<SimpleData name="DATE">2019/10/3</SimpleData>
		<SimpleData name="UID">340-00701</SimpleData>
		<SimpleData name="TREE_NAME">木棉</SimpleData>
		<SimpleData name="ROAD">東豐路中央分隔島</SimpleData>
	</SchemaData></ExtendedData>
      <Point><coordinates>120.216284310898,23.0038304799767</coordinates></Point>
  </Placemark>
  <Placemark>
	<ExtendedData><SchemaData schemaUrl="#六區行道樹2021_1">
		<SimpleData name="AREA">北區</SimpleData>
		<SimpleData name="DATE">2019/10/3</SimpleData>
		<SimpleData name="UID">340-00702</SimpleData>
		<SimpleData name="TREE_NAME">酒瓶椰子</SimpleData>
		<SimpleData name="ROAD">東豐路中央分隔島</SimpleData>
	</SchemaData></ExtendedData>
      <Point><coordinates>120.215938967437,23.0038191083271</coordinates></Point>
  </Placemark>
  <Placemark>
	<ExtendedData><SchemaData schemaUrl="#六區行道樹2021_1">
		<SimpleData name="AREA">北區</SimpleData>
		<SimpleData name="DATE">2019/10/3</SimpleData>
		<SimpleData name="UID">340-00703</SimpleData>
		<SimpleData name="TREE_NAME">空樹穴</SimpleData>
		<SimpleData name="ROAD">東豐路中央分隔島</SimpleData>
	</SchemaData></ExtendedData>
      <Point><coordinates>120.21589982093,23.0038244228963</coordinates></Point>
  </Placemark>
  <Placemark>
	<ExtendedData><SchemaData schemaUrl="#六區行道樹2021_1">
		<SimpleData name="AREA">北區</SimpleData>
		<SimpleData name="DATE">2019/10/3</SimpleData>
		<SimpleData name="UID">340-00704</SimpleData>
		<SimpleData name="TREE_NAME">樹頭</SimpleData>
		<SimpleData name="ROAD">東豐路中央分隔島</SimpleData>
	</SchemaData></ExtendedData>
      <Point><coordinates>120.215827639716,23.0038408615594</coordinates></Point>
  </Placemark>
  <Placemark>
	<ExtendedData><SchemaData schemaUrl="#六區行道樹2021_1">
		<SimpleData name="AREA">北區</SimpleData>
		<SimpleData name="DATE">2019/10/3</SimpleData>
		<SimpleData name="UID">340-00705</SimpleData>
		<SimpleData name="TREE_NAME">空樹穴</SimpleData>
		<SimpleData name="ROAD">東豐路中央分隔島</SimpleData>
	</SchemaData></ExtendedData>
      <Point><coordinates>120.215746181999,23.0038589699775</coordinates></Point>
  </Placemark>
  <Placemark>
	<ExtendedData><SchemaData schemaUrl="#六區行道樹2021_1">
		<SimpleData name="AREA">北區</SimpleData>
		<SimpleData name="DATE">2019/10/3</SimpleData>
		<SimpleData name="UID">340-00706</SimpleData>
		<SimpleData name="TREE_NAME">風鈴木</SimpleData>
		<SimpleData name="ROAD">東豐路中央分隔島</SimpleData>
	</SchemaData></ExtendedData>
      <Point><coordinates>120.215708038038,23.0038595937904</coordinates></Point>
  </Placemark>
  <Placemark>
	<ExtendedData><SchemaData schemaUrl="#六區行道樹2021_1">
		<SimpleData name="AREA">北區</SimpleData>
		<SimpleData name="DATE">2019/10/3</SimpleData>
		<SimpleData name="UID">340-00707</SimpleData>
		<SimpleData name="TREE_NAME">空樹穴</SimpleData>
		<SimpleData name="ROAD">東豐路中央分隔島</SimpleData>
	</SchemaData></ExtendedData>
      <Point><coordinates>120.215651971714,23.0038725904242</coordinates></Point>
  </Placemark>
  <Placemark>
	<ExtendedData><SchemaData schemaUrl="#六區行道樹2021_1">
		<SimpleData name="AREA">北區</SimpleData>
		<SimpleData name="DATE">2019/10/3</SimpleData>
		<SimpleData name="UID">340-00708</SimpleData>
		<SimpleData name="TREE_NAME">無葉樹</SimpleData>
		<SimpleData name="ROAD">東豐路中央分隔島</SimpleData>
	</SchemaData></ExtendedData>
      <Point><coordinates>120.215517930321,23.0039424518894</coordinates></Point>
  </Placemark>
  <Placemark>
	<ExtendedData><SchemaData schemaUrl="#六區行道樹2021_1">
		<SimpleData name="AREA">北區</SimpleData>
		<SimpleData name="DATE">2019/10/3</SimpleData>
		<SimpleData name="UID">340-00709</SimpleData>
		<SimpleData name="TREE_NAME">空樹穴</SimpleData>
		<SimpleData name="ROAD">東豐路中央分隔島</SimpleData>
	</SchemaData></ExtendedData>
      <Point><coordinates>120.215431100336,23.0039617977502</coordinates></Point>
  </Placemark>
  <Placemark>
	<ExtendedData><SchemaData schemaUrl="#六區行道樹2021_1">
		<SimpleData name="AREA">北區</SimpleData>
		<SimpleData name="DATE">2019/10/3</SimpleData>
		<SimpleData name="UID">340-00710</SimpleData>
		<SimpleData name="TREE_NAME">洋紅風鈴木</SimpleData>
		<SimpleData name="ROAD">東豐路中央分隔島</SimpleData>
	</SchemaData></ExtendedData>
      <Point><coordinates>120.215396010456,23.0039571991363</coordinates></Point>
  </Placemark>
  <Placemark>
	<ExtendedData><SchemaData schemaUrl="#六區行道樹2021_1">
		<SimpleData name="AREA">北區</SimpleData>
		<SimpleData name="DATE">2019/10/3</SimpleData>
		<SimpleData name="UID">340-00711</SimpleData>
		<SimpleData name="TREE_NAME">洋紅風鈴木</SimpleData>
		<SimpleData name="ROAD">東豐路中央分隔島</SimpleData>
	</SchemaData></ExtendedData>
      <Point><coordinates>120.21534176919,23.0039750809762</coordinates></Point>
  </Placemark>
  <Placemark>
	<ExtendedData><SchemaData schemaUrl="#六區行道樹2021_1">
		<SimpleData name="AREA">北區</SimpleData>
		<SimpleData name="DATE">2019/10/3</SimpleData>
		<SimpleData name="UID">340-00712</SimpleData>
		<SimpleData name="TREE_NAME">掌葉蘋婆</SimpleData>
		<SimpleData name="ROAD">東豐路中央分隔島</SimpleData>
	</SchemaData></ExtendedData>
      <Point><coordinates>120.214907986143,23.0040588980285</coordinates></Point>
  </Placemark>
  <Placemark>
	<ExtendedData><SchemaData schemaUrl="#六區行道樹2021_1">
		<SimpleData name="AREA">北區</SimpleData>
		<SimpleData name="DATE">2019/10/3</SimpleData>
		<SimpleData name="UID">340-00713</SimpleData>
		<SimpleData name="TREE_NAME">肯式南洋杉</SimpleData>
		<SimpleData name="ROAD">東豐路中央分隔島</SimpleData>
	</SchemaData></ExtendedData>
      <Point><coordinates>120.214770145504,23.004043495498</coordinates></Point>
  </Placemark>
  <Placemark>
	<ExtendedData><SchemaData schemaUrl="#六區行道樹2021_1">
		<SimpleData name="AREA">北區</SimpleData>
		<SimpleData name="DATE">2019/10/3</SimpleData>
		<SimpleData name="UID">340-00714</SimpleData>
		<SimpleData name="TREE_NAME">黑板樹</SimpleData>
		<SimpleData name="ROAD">東豐路中央分隔島</SimpleData>
	</SchemaData></ExtendedData>
      <Point><coordinates>120.214783164328,23.004018817468</coordinates></Point>
  </Placemark>
  <Placemark>
	<ExtendedData><SchemaData schemaUrl="#六區行道樹2021_1">
		<SimpleData name="AREA">北區</SimpleData>
		<SimpleData name="DATE">2019/10/3</SimpleData>
		<SimpleData name="UID">340-00715</SimpleData>
		<SimpleData name="TREE_NAME">榕樹</SimpleData>
		<SimpleData name="ROAD">東豐路中央分隔島</SimpleData>
	</SchemaData></ExtendedData>
      <Point><coordinates>120.214749798363,23.0040197356437</coordinates></Point>
  </Placemark>
  <Placemark>
	<ExtendedData><SchemaData schemaUrl="#六區行道樹2021_1">
		<SimpleData name="AREA">北區</SimpleData>
		<SimpleData name="DATE">2019/10/3</SimpleData>
		<SimpleData name="UID">340-00716</SimpleData>
		<SimpleData name="TREE_NAME">肯式南洋杉</SimpleData>
		<SimpleData name="ROAD">東豐路中央分隔島</SimpleData>
	</SchemaData></ExtendedData>
      <Point><coordinates>120.214639057311,23.0040243336766</coordinates></Point>
  </Placemark>
  <Placemark>
	<ExtendedData><SchemaData schemaUrl="#六區行道樹2021_1">
		<SimpleData name="AREA">北區</SimpleData>
		<SimpleData name="DATE">2019/10/3</SimpleData>
		<SimpleData name="UID">340-00717</SimpleData>
		<SimpleData name="TREE_NAME">肯式南洋杉</SimpleData>
		<SimpleData name="ROAD">東豐路中央分隔島</SimpleData>
	</SchemaData></ExtendedData>
      <Point><coordinates>120.214581656925,23.0040487012864</coordinates></Point>
  </Placemark>
  <Placemark>
	<ExtendedData><SchemaData schemaUrl="#六區行道樹2021_1">
		<SimpleData name="AREA">北區</SimpleData>
		<SimpleData name="DATE">2019/10/3</SimpleData>
		<SimpleData name="UID">340-00718</SimpleData>
		<SimpleData name="TREE_NAME">肯式南洋杉</SimpleData>
		<SimpleData name="ROAD">東豐路中央分隔島</SimpleData>
	</SchemaData></ExtendedData>
      <Point><coordinates>120.214566811076,23.0040014000306</coordinates></Point>
  </Placemark>
  <Placemark>
	<ExtendedData><SchemaData schemaUrl="#六區行道樹2021_1">
		<SimpleData name="AREA">北區</SimpleData>
		<SimpleData name="DATE">2019/10/3</SimpleData>
		<SimpleData name="UID">340-00719</SimpleData>
		<SimpleData name="TREE_NAME">榕樹</SimpleData>
		<SimpleData name="ROAD">東豐路中央分隔島</SimpleData>
	</SchemaData></ExtendedData>
      <Point><coordinates>120.214609772126,23.0040111850432</coordinates></Point>
  </Placemark>
  <Placemark>
	<ExtendedData><SchemaData schemaUrl="#六區行道樹2021_1">
		<SimpleData name="AREA">北區</SimpleData>
		<SimpleData name="DATE">2019/10/3</SimpleData>
		<SimpleData name="UID">340-00720</SimpleData>
		<SimpleData name="TREE_NAME">空樹穴</SimpleData>
		<SimpleData name="ROAD">東豐路中央分隔島</SimpleData>
	</SchemaData></ExtendedData>
      <Point><coordinates>120.215336204276,23.0039252973313</coordinates></Point>
  </Placemark>
  <Placemark>
	<ExtendedData><SchemaData schemaUrl="#六區行道樹2021_1">
		<SimpleData name="AREA">北區</SimpleData>
		<SimpleData name="DATE">2019/10/3</SimpleData>
		<SimpleData name="UID">340-00721</SimpleData>
		<SimpleData name="TREE_NAME">洋紅風鈴木</SimpleData>
		<SimpleData name="ROAD">東豐路中央分隔島</SimpleData>
	</SchemaData></ExtendedData>
      <Point><coordinates>120.215425443067,23.003911110636</coordinates></Point>
  </Placemark>
  <Placemark>
	<ExtendedData><SchemaData schemaUrl="#六區行道樹2021_1">
		<SimpleData name="AREA">北區</SimpleData>
		<SimpleData name="DATE">2019/10/3</SimpleData>
		<SimpleData name="UID">340-00722</SimpleData>
		<SimpleData name="TREE_NAME">洋紅風鈴木</SimpleData>
		<SimpleData name="ROAD">東豐路中央分隔島</SimpleData>
	</SchemaData></ExtendedData>
      <Point><coordinates>120.215525430872,23.0038936359843</coordinates></Point>
  </Placemark>
  <Placemark>
	<ExtendedData><SchemaData schemaUrl="#六區行道樹2021_1">
		<SimpleData name="AREA">北區</SimpleData>
		<SimpleData name="DATE">2019/10/3</SimpleData>
		<SimpleData name="UID">340-00723</SimpleData>
		<SimpleData name="TREE_NAME">洋紅風鈴木</SimpleData>
		<SimpleData name="ROAD">東豐路中央分隔島</SimpleData>
	</SchemaData></ExtendedData>
      <Point><coordinates>120.215648716314,23.0038620090363</coordinates></Point>
  </Placemark>
  <Placemark>
	<ExtendedData><SchemaData schemaUrl="#六區行道樹2021_1">
		<SimpleData name="AREA">北區</SimpleData>
		<SimpleData name="DATE">2019/10/3</SimpleData>
		<SimpleData name="UID">340-00724</SimpleData>
		<SimpleData name="TREE_NAME">大葉桃花心木</SimpleData>
		<SimpleData name="ROAD">東豐路中央分隔島</SimpleData>
	</SchemaData></ExtendedData>
      <Point><coordinates>120.215725859199,23.0038478525625</coordinates></Point>
  </Placemark>
  <Placemark>
	<ExtendedData><SchemaData schemaUrl="#六區行道樹2021_1">
		<SimpleData name="AREA">北區</SimpleData>
		<SimpleData name="DATE">2019/10/3</SimpleData>
		<SimpleData name="UID">340-00725</SimpleData>
		<SimpleData name="TREE_NAME">風鈴木</SimpleData>
		<SimpleData name="ROAD">東豐路中央分隔島</SimpleData>
	</SchemaData></ExtendedData>
      <Point><coordinates>120.215858096066,23.0038201527397</coordinates></Point>
  </Placemark>
  <Placemark>
	<ExtendedData><SchemaData schemaUrl="#六區行道樹2021_1">
		<SimpleData name="AREA">北區</SimpleData>
		<SimpleData name="DATE">2019/10/3</SimpleData>
		<SimpleData name="UID">340-00726</SimpleData>
		<SimpleData name="TREE_NAME">洋紅風鈴木</SimpleData>
		<SimpleData name="ROAD">東豐路中央分隔島</SimpleData>
	</SchemaData></ExtendedData>
      <Point><coordinates>120.215884377351,23.0038129684537</coordinates></Point>
  </Placemark>
  <Placemark>
	<ExtendedData><SchemaData schemaUrl="#六區行道樹2021_1">
		<SimpleData name="AREA">北區</SimpleData>
		<SimpleData name="DATE">2019/10/3</SimpleData>
		<SimpleData name="UID">340-00727</SimpleData>
		<SimpleData name="TREE_NAME">風鈴木</SimpleData>
		<SimpleData name="ROAD">東豐路中央分隔島</SimpleData>
	</SchemaData></ExtendedData>
      <Point><coordinates>120.215914454979,23.0038071574806</coordinates></Point>
  </Placemark>
  <Placemark>
	<ExtendedData><SchemaData schemaUrl="#六區行道樹2021_1">
		<SimpleData name="AREA">北區</SimpleData>
		<SimpleData name="DATE">2019/10/3</SimpleData>
		<SimpleData name="UID">340-00728</SimpleData>
		<SimpleData name="TREE_NAME">酒瓶椰子</SimpleData>
		<SimpleData name="ROAD">東豐路中央分隔島</SimpleData>
	</SchemaData></ExtendedData>
      <Point><coordinates>120.215947060372,23.0038028038389</coordinates></Point>
  </Placemark>
  <Placemark>
	<ExtendedData><SchemaData schemaUrl="#六區行道樹2021_1">
		<SimpleData name="AREA">北區</SimpleData>
		<SimpleData name="DATE">2019/10/4</SimpleData>
		<SimpleData name="UID">340-00729</SimpleData>
		<SimpleData name="TREE_NAME">空樹穴</SimpleData>
		<SimpleData name="ROAD">東豐路中央分隔島</SimpleData>
	</SchemaData></ExtendedData>
      <Point><coordinates>120.216286213715,23.0038050243937</coordinates></Point>
  </Placemark>
  <Placemark>
	<ExtendedData><SchemaData schemaUrl="#六區行道樹2021_1">
		<SimpleData name="AREA">北區</SimpleData>
		<SimpleData name="DATE">2019/10/4</SimpleData>
		<SimpleData name="UID">340-00730</SimpleData>
		<SimpleData name="TREE_NAME">木棉</SimpleData>
		<SimpleData name="ROAD">東豐路中央分隔島</SimpleData>
	</SchemaData></ExtendedData>
      <Point><coordinates>120.216326322598,23.0038019720261</coordinates></Point>
  </Placemark>
  <Placemark>
	<ExtendedData><SchemaData schemaUrl="#六區行道樹2021_1">
		<SimpleData name="AREA">北區</SimpleData>
		<SimpleData name="DATE">2019/10/4</SimpleData>
		<SimpleData name="UID">340-00731</SimpleData>
		<SimpleData name="TREE_NAME">木棉</SimpleData>
		<SimpleData name="ROAD">東豐路中央分隔島</SimpleData>
	</SchemaData></ExtendedData>
      <Point><coordinates>120.216369179363,23.0037960436002</coordinates></Point>
  </Placemark>
  <Placemark>
	<ExtendedData><SchemaData schemaUrl="#六區行道樹2021_1">
		<SimpleData name="AREA">北區</SimpleData>
		<SimpleData name="DATE">2019/10/4</SimpleData>
		<SimpleData name="UID">340-00732</SimpleData>
		<SimpleData name="TREE_NAME">木棉</SimpleData>
		<SimpleData name="ROAD">東豐路中央分隔島</SimpleData>
	</SchemaData></ExtendedData>
      <Point><coordinates>120.216407636791,23.0037918091217</coordinates></Point>
  </Placemark>
  <Placemark>
	<ExtendedData><SchemaData schemaUrl="#六區行道樹2021_1">
		<SimpleData name="AREA">北區</SimpleData>
		<SimpleData name="DATE">2019/10/4</SimpleData>
		<SimpleData name="UID">340-00733</SimpleData>
		<SimpleData name="TREE_NAME">木棉</SimpleData>
		<SimpleData name="ROAD">東豐路中央分隔島</SimpleData>
	</SchemaData></ExtendedData>
      <Point><coordinates>120.216466313736,23.0037827983966</coordinates></Point>
  </Placemark>
  <Placemark>
	<ExtendedData><SchemaData schemaUrl="#六區行道樹2021_1">
		<SimpleData name="AREA">北區</SimpleData>
		<SimpleData name="DATE">2019/10/4</SimpleData>
		<SimpleData name="UID">340-00734</SimpleData>
		<SimpleData name="TREE_NAME">木棉</SimpleData>
		<SimpleData name="ROAD">東豐路中央分隔島</SimpleData>
	</SchemaData></ExtendedData>
      <Point><coordinates>120.216511048825,23.0037725447569</coordinates></Point>
  </Placemark>
  <Placemark>
	<ExtendedData><SchemaData schemaUrl="#六區行道樹2021_1">
		<SimpleData name="AREA">北區</SimpleData>
		<SimpleData name="DATE">2019/10/4</SimpleData>
		<SimpleData name="UID">340-00735</SimpleData>
		<SimpleData name="TREE_NAME">木棉</SimpleData>
		<SimpleData name="ROAD">東豐路中央分隔島</SimpleData>
	</SchemaData></ExtendedData>
      <Point><coordinates>120.216568828064,23.0037669610063</coordinates></Point>
  </Placemark>
  <Placemark>
	<ExtendedData><SchemaData schemaUrl="#六區行道樹2021_1">
		<SimpleData name="AREA">北區</SimpleData>
		<SimpleData name="DATE">2019/10/4</SimpleData>
		<SimpleData name="UID">340-00736</SimpleData>
		<SimpleData name="TREE_NAME">木棉</SimpleData>
		<SimpleData name="ROAD">東豐路中央分隔島</SimpleData>
	</SchemaData></ExtendedData>
      <Point><coordinates>120.216603418688,23.0037566571557</coordinates></Point>
  </Placemark>
  <Placemark>
	<ExtendedData><SchemaData schemaUrl="#六區行道樹2021_1">
		<SimpleData name="AREA">北區</SimpleData>
		<SimpleData name="DATE">2019/10/4</SimpleData>
		<SimpleData name="UID">340-00737</SimpleData>
		<SimpleData name="TREE_NAME">木棉</SimpleData>
		<SimpleData name="ROAD">東豐路中央分隔島</SimpleData>
	</SchemaData></ExtendedData>
      <Point><coordinates>120.216708114971,23.0037514860359</coordinates></Point>
  </Placemark>
  <Placemark>
	<ExtendedData><SchemaData schemaUrl="#六區行道樹2021_1">
		<SimpleData name="AREA">北區</SimpleData>
		<SimpleData name="DATE">2019/10/4</SimpleData>
		<SimpleData name="UID">340-00738</SimpleData>
		<SimpleData name="TREE_NAME">木棉</SimpleData>
		<SimpleData name="ROAD">東豐路中央分隔島</SimpleData>
	</SchemaData></ExtendedData>
      <Point><coordinates>120.216740224278,23.0037485745991</coordinates></Point>
  </Placemark>
  <Placemark>
	<ExtendedData><SchemaData schemaUrl="#六區行道樹2021_1">
		<SimpleData name="AREA">北區</SimpleData>
		<SimpleData name="DATE">2019/10/4</SimpleData>
		<SimpleData name="UID">340-00739</SimpleData>
		<SimpleData name="TREE_NAME">木棉</SimpleData>
		<SimpleData name="ROAD">東豐路中央分隔島</SimpleData>
	</SchemaData></ExtendedData>
      <Point><coordinates>120.216770878779,23.003744211138</coordinates></Point>
  </Placemark>
  <Placemark>
	<ExtendedData><SchemaData schemaUrl="#六區行道樹2021_1">
		<SimpleData name="AREA">北區</SimpleData>
		<SimpleData name="DATE">2019/10/4</SimpleData>
		<SimpleData name="UID">340-00740</SimpleData>
		<SimpleData name="TREE_NAME">木棉</SimpleData>
		<SimpleData name="ROAD">東豐路中央分隔島</SimpleData>
	</SchemaData></ExtendedData>
      <Point><coordinates>120.216796919585,23.0037448817337</coordinates></Point>
  </Placemark>
  <Placemark>
	<ExtendedData><SchemaData schemaUrl="#六區行道樹2021_1">
		<SimpleData name="AREA">北區</SimpleData>
		<SimpleData name="DATE">2019/10/4</SimpleData>
		<SimpleData name="UID">340-00741</SimpleData>
		<SimpleData name="TREE_NAME">木棉</SimpleData>
		<SimpleData name="ROAD">東豐路中央分隔島</SimpleData>
	</SchemaData></ExtendedData>
      <Point><coordinates>120.216850931628,23.0037328678476</coordinates></Point>
  </Placemark>
  <Placemark>
	<ExtendedData><SchemaData schemaUrl="#六區行道樹2021_1">
		<SimpleData name="AREA">北區</SimpleData>
		<SimpleData name="DATE">2019/10/4</SimpleData>
		<SimpleData name="UID">340-00742</SimpleData>
		<SimpleData name="TREE_NAME">木棉</SimpleData>
		<SimpleData name="ROAD">東豐路中央分隔島</SimpleData>
	</SchemaData></ExtendedData>
      <Point><coordinates>120.216925134502,23.0037210440829</coordinates></Point>
  </Placemark>
  <Placemark>
	<ExtendedData><SchemaData schemaUrl="#六區行道樹2021_1">
		<SimpleData name="AREA">北區</SimpleData>
		<SimpleData name="DATE">2019/10/4</SimpleData>
		<SimpleData name="UID">340-00743</SimpleData>
		<SimpleData name="TREE_NAME">木棉</SimpleData>
		<SimpleData name="ROAD">東豐路中央分隔島</SimpleData>
	</SchemaData></ExtendedData>
      <Point><coordinates>120.216961622284,23.0037200505811</coordinates></Point>
  </Placemark>
  <Placemark>
	<ExtendedData><SchemaData schemaUrl="#六區行道樹2021_1">
		<SimpleData name="AREA">北區</SimpleData>
		<SimpleData name="DATE">2019/10/4</SimpleData>
		<SimpleData name="UID">340-00744</SimpleData>
		<SimpleData name="TREE_NAME">木棉</SimpleData>
		<SimpleData name="ROAD">東豐路中央分隔島</SimpleData>
	</SchemaData></ExtendedData>
      <Point><coordinates>120.216992767613,23.003715147695</coordinates></Point>
  </Placemark>
  <Placemark>
	<ExtendedData><SchemaData schemaUrl="#六區行道樹2021_1">
		<SimpleData name="AREA">北區</SimpleData>
		<SimpleData name="DATE">2019/10/4</SimpleData>
		<SimpleData name="UID">340-00745</SimpleData>
		<SimpleData name="TREE_NAME">木棉</SimpleData>
		<SimpleData name="ROAD">東豐路中央分隔島</SimpleData>
	</SchemaData></ExtendedData>
      <Point><coordinates>120.217019636685,23.0037075146177</coordinates></Point>
  </Placemark>
  <Placemark>
	<ExtendedData><SchemaData schemaUrl="#六區行道樹2021_1">
		<SimpleData name="AREA">北區</SimpleData>
		<SimpleData name="DATE">2019/10/4</SimpleData>
		<SimpleData name="UID">340-00746</SimpleData>
		<SimpleData name="TREE_NAME">木棉</SimpleData>
		<SimpleData name="ROAD">東豐路中央分隔島</SimpleData>
	</SchemaData></ExtendedData>
      <Point><coordinates>120.217060270228,23.0036980532556</coordinates></Point>
  </Placemark>
  <Placemark>
	<ExtendedData><SchemaData schemaUrl="#六區行道樹2021_1">
		<SimpleData name="AREA">北區</SimpleData>
		<SimpleData name="DATE">2019/10/4</SimpleData>
		<SimpleData name="UID">340-00747</SimpleData>
		<SimpleData name="TREE_NAME">木棉</SimpleData>
		<SimpleData name="ROAD">東豐路中央分隔島</SimpleData>
	</SchemaData></ExtendedData>
      <Point><coordinates>120.217118175609,23.0036875033481</coordinates></Point>
  </Placemark>
  <Placemark>
	<ExtendedData><SchemaData schemaUrl="#六區行道樹2021_1">
		<SimpleData name="AREA">北區</SimpleData>
		<SimpleData name="DATE">2019/10/4</SimpleData>
		<SimpleData name="UID">340-00748</SimpleData>
		<SimpleData name="TREE_NAME">木棉</SimpleData>
		<SimpleData name="ROAD">東豐路中央分隔島</SimpleData>
	</SchemaData></ExtendedData>
      <Point><coordinates>120.217165323151,23.0036817765191</coordinates></Point>
  </Placemark>
  <Placemark>
	<ExtendedData><SchemaData schemaUrl="#六區行道樹2021_1">
		<SimpleData name="AREA">北區</SimpleData>
		<SimpleData name="DATE">2019/10/4</SimpleData>
		<SimpleData name="UID">340-00749</SimpleData>
		<SimpleData name="TREE_NAME">木棉</SimpleData>
		<SimpleData name="ROAD">東豐路中央分隔島</SimpleData>
	</SchemaData></ExtendedData>
      <Point><coordinates>120.21719499699,23.0036783111419</coordinates></Point>
  </Placemark>
  <Placemark>
	<ExtendedData><SchemaData schemaUrl="#六區行道樹2021_1">
		<SimpleData name="AREA">北區</SimpleData>
		<SimpleData name="DATE">2019/10/4</SimpleData>
		<SimpleData name="UID">340-00750</SimpleData>
		<SimpleData name="TREE_NAME">木棉</SimpleData>
		<SimpleData name="ROAD">東豐路中央分隔島</SimpleData>
	</SchemaData></ExtendedData>
      <Point><coordinates>120.21722449345,23.0036717746336</coordinates></Point>
  </Placemark>
  <Placemark>
	<ExtendedData><SchemaData schemaUrl="#六區行道樹2021_1">
		<SimpleData name="AREA">北區</SimpleData>
		<SimpleData name="DATE">2019/10/4</SimpleData>
		<SimpleData name="UID">340-00751</SimpleData>
		<SimpleData name="TREE_NAME">木棉</SimpleData>
		<SimpleData name="ROAD">東豐路中央分隔島</SimpleData>
	</SchemaData></ExtendedData>
      <Point><coordinates>120.217257735592,23.0036584840257</coordinates></Point>
  </Placemark>
  <Placemark>
	<ExtendedData><SchemaData schemaUrl="#六區行道樹2021_1">
		<SimpleData name="AREA">北區</SimpleData>
		<SimpleData name="DATE">2019/10/4</SimpleData>
		<SimpleData name="UID">340-00752</SimpleData>
		<SimpleData name="TREE_NAME">木棉</SimpleData>
		<SimpleData name="ROAD">東豐路中央分隔島</SimpleData>
	</SchemaData></ExtendedData>
      <Point><coordinates>120.217283608381,23.0036544580361</coordinates></Point>
  </Placemark>
  <Placemark>
	<ExtendedData><SchemaData schemaUrl="#六區行道樹2021_1">
		<SimpleData name="AREA">北區</SimpleData>
		<SimpleData name="DATE">2019/10/4</SimpleData>
		<SimpleData name="UID">340-00753</SimpleData>
		<SimpleData name="TREE_NAME">木棉</SimpleData>
		<SimpleData name="ROAD">東豐路中央分隔島</SimpleData>
	</SchemaData></ExtendedData>
      <Point><coordinates>120.217367823548,23.003631757073</coordinates></Point>
  </Placemark>
  <Placemark>
	<ExtendedData><SchemaData schemaUrl="#六區行道樹2021_1">
		<SimpleData name="AREA">北區</SimpleData>
		<SimpleData name="DATE">2019/10/4</SimpleData>
		<SimpleData name="UID">340-00754</SimpleData>
		<SimpleData name="TREE_NAME">木棉</SimpleData>
		<SimpleData name="ROAD">東豐路中央分隔島</SimpleData>
	</SchemaData></ExtendedData>
      <Point><coordinates>120.217408063231,23.0036229257841</coordinates></Point>
  </Placemark>
  <Placemark>
	<ExtendedData><SchemaData schemaUrl="#六區行道樹2021_1">
		<SimpleData name="AREA">北區</SimpleData>
		<SimpleData name="DATE">2019/10/4</SimpleData>
		<SimpleData name="UID">340-00755</SimpleData>
		<SimpleData name="TREE_NAME">木棉</SimpleData>
		<SimpleData name="ROAD">東豐路中央分隔島</SimpleData>
	</SchemaData></ExtendedData>
      <Point><coordinates>120.217467907958,23.0036143719624</coordinates></Point>
  </Placemark>
  <Placemark>
	<ExtendedData><SchemaData schemaUrl="#六區行道樹2021_1">
		<SimpleData name="AREA">北區</SimpleData>
		<SimpleData name="DATE">2019/10/4</SimpleData>
		<SimpleData name="UID">340-00756</SimpleData>
		<SimpleData name="TREE_NAME">木棉</SimpleData>
		<SimpleData name="ROAD">東豐路中央分隔島</SimpleData>
	</SchemaData></ExtendedData>
      <Point><coordinates>120.217720720107,23.00358500878</coordinates></Point>
  </Placemark>
  <Placemark>
	<ExtendedData><SchemaData schemaUrl="#六區行道樹2021_1">
		<SimpleData name="AREA">北區</SimpleData>
		<SimpleData name="DATE">2019/10/4</SimpleData>
		<SimpleData name="UID">340-00757</SimpleData>
		<SimpleData name="TREE_NAME">木棉</SimpleData>
		<SimpleData name="ROAD">東豐路中央分隔島</SimpleData>
	</SchemaData></ExtendedData>
      <Point><coordinates>120.217761705227,23.0035822312792</coordinates></Point>
  </Placemark>
  <Placemark>
	<ExtendedData><SchemaData schemaUrl="#六區行道樹2021_1">
		<SimpleData name="AREA">北區</SimpleData>
		<SimpleData name="DATE">2019/10/4</SimpleData>
		<SimpleData name="UID">340-00758</SimpleData>
		<SimpleData name="TREE_NAME">木棉</SimpleData>
		<SimpleData name="ROAD">東豐路中央分隔島</SimpleData>
	</SchemaData></ExtendedData>
      <Point><coordinates>120.217819966336,23.0035776427649</coordinates></Point>
  </Placemark>
  <Placemark>
	<ExtendedData><SchemaData schemaUrl="#六區行道樹2021_1">
		<SimpleData name="AREA">北區</SimpleData>
		<SimpleData name="DATE">2019/10/4</SimpleData>
		<SimpleData name="UID">340-00759</SimpleData>
		<SimpleData name="TREE_NAME">木棉</SimpleData>
		<SimpleData name="ROAD">東豐路中央分隔島</SimpleData>
	</SchemaData></ExtendedData>
      <Point><coordinates>120.217864268946,23.0035747010196</coordinates></Point>
  </Placemark>
  <Placemark>
	<ExtendedData><SchemaData schemaUrl="#六區行道樹2021_1">
		<SimpleData name="AREA">北區</SimpleData>
		<SimpleData name="DATE">2019/10/4</SimpleData>
		<SimpleData name="UID">340-00760</SimpleData>
		<SimpleData name="TREE_NAME">木棉</SimpleData>
		<SimpleData name="ROAD">東豐路中央分隔島</SimpleData>
	</SchemaData></ExtendedData>
      <Point><coordinates>120.217911811798,23.0035680729045</coordinates></Point>
  </Placemark>
  <Placemark>
	<ExtendedData><SchemaData schemaUrl="#六區行道樹2021_1">
		<SimpleData name="AREA">北區</SimpleData>
		<SimpleData name="DATE">2019/10/4</SimpleData>
		<SimpleData name="UID">340-00761</SimpleData>
		<SimpleData name="TREE_NAME">木棉</SimpleData>
		<SimpleData name="ROAD">東豐路中央分隔島</SimpleData>
	</SchemaData></ExtendedData>
      <Point><coordinates>120.217932605568,23.0035651956442</coordinates></Point>
  </Placemark>
  <Placemark>
	<ExtendedData><SchemaData schemaUrl="#六區行道樹2021_1">
		<SimpleData name="AREA">北區</SimpleData>
		<SimpleData name="DATE">2019/10/4</SimpleData>
		<SimpleData name="UID">340-00762</SimpleData>
		<SimpleData name="TREE_NAME">木棉</SimpleData>
		<SimpleData name="ROAD">東豐路中央分隔島</SimpleData>
	</SchemaData></ExtendedData>
      <Point><coordinates>120.217956222873,23.0035632353387</coordinates></Point>
  </Placemark>
  <Placemark>
	<ExtendedData><SchemaData schemaUrl="#六區行道樹2021_1">
		<SimpleData name="AREA">北區</SimpleData>
		<SimpleData name="DATE">2019/10/4</SimpleData>
		<SimpleData name="UID">340-00763</SimpleData>
		<SimpleData name="TREE_NAME">木棉</SimpleData>
		<SimpleData name="ROAD">東豐路中央分隔島</SimpleData>
	</SchemaData></ExtendedData>
      <Point><coordinates>120.218025218351,23.0035578870431</coordinates></Point>
  </Placemark>
  <Placemark>
	<ExtendedData><SchemaData schemaUrl="#六區行道樹2021_1">
		<SimpleData name="AREA">北區</SimpleData>
		<SimpleData name="DATE">2019/10/4</SimpleData>
		<SimpleData name="UID">340-00764</SimpleData>
		<SimpleData name="TREE_NAME">木棉</SimpleData>
		<SimpleData name="ROAD">東豐路中央分隔島</SimpleData>
	</SchemaData></ExtendedData>
      <Point><coordinates>120.218076569518,23.003550555271</coordinates></Point>
  </Placemark>
  <Placemark>
	<ExtendedData><SchemaData schemaUrl="#六區行道樹2021_1">
		<SimpleData name="AREA">北區</SimpleData>
		<SimpleData name="DATE">2019/10/4</SimpleData>
		<SimpleData name="UID">340-00765</SimpleData>
		<SimpleData name="TREE_NAME">木棉</SimpleData>
		<SimpleData name="ROAD">東豐路中央分隔島</SimpleData>
	</SchemaData></ExtendedData>
      <Point><coordinates>120.218118649962,23.0035439001232</coordinates></Point>
  </Placemark>
  <Placemark>
	<ExtendedData><SchemaData schemaUrl="#六區行道樹2021_1">
		<SimpleData name="AREA">北區</SimpleData>
		<SimpleData name="DATE">2019/10/4</SimpleData>
		<SimpleData name="UID">340-00766</SimpleData>
		<SimpleData name="TREE_NAME">木棉</SimpleData>
		<SimpleData name="ROAD">東豐路中央分隔島</SimpleData>
	</SchemaData></ExtendedData>
      <Point><coordinates>120.21815741343,23.00353731889</coordinates></Point>
  </Placemark>
  <Placemark>
	<ExtendedData><SchemaData schemaUrl="#六區行道樹2021_1">
		<SimpleData name="AREA">北區</SimpleData>
		<SimpleData name="DATE">2019/10/4</SimpleData>
		<SimpleData name="UID">340-00767</SimpleData>
		<SimpleData name="TREE_NAME">木棉</SimpleData>
		<SimpleData name="ROAD">東豐路中央分隔島</SimpleData>
	</SchemaData></ExtendedData>
      <Point><coordinates>120.21819598389,23.0035303754887</coordinates></Point>
  </Placemark>
  <Placemark>
	<ExtendedData><SchemaData schemaUrl="#六區行道樹2021_1">
		<SimpleData name="AREA">北區</SimpleData>
		<SimpleData name="DATE">2019/10/4</SimpleData>
		<SimpleData name="UID">340-00768</SimpleData>
		<SimpleData name="TREE_NAME">木棉</SimpleData>
		<SimpleData name="ROAD">東豐路中央分隔島</SimpleData>
	</SchemaData></ExtendedData>
      <Point><coordinates>120.218279759783,23.0035161602028</coordinates></Point>
  </Placemark>
  <Placemark>
	<ExtendedData><SchemaData schemaUrl="#六區行道樹2021_1">
		<SimpleData name="AREA">北區</SimpleData>
		<SimpleData name="DATE">2019/10/4</SimpleData>
		<SimpleData name="UID">340-00961</SimpleData>
		<SimpleData name="TREE_NAME">小葉欖仁</SimpleData>
		<SimpleData name="ROAD">東豐路中央分隔島</SimpleData>
	</SchemaData></ExtendedData>
      <Point><coordinates>120.218218115801,23.0033798619253</coordinates></Point>
  </Placemark>
  <Placemark>
	<ExtendedData><SchemaData schemaUrl="#六區行道樹2021_1">
		<SimpleData name="AREA">北區</SimpleData>
		<SimpleData name="DATE">2019/10/4</SimpleData>
		<SimpleData name="UID">340-00962</SimpleData>
		<SimpleData name="TREE_NAME">小葉欖仁</SimpleData>
		<SimpleData name="ROAD">東豐路中央分隔島</SimpleData>
	</SchemaData></ExtendedData>
      <Point><coordinates>120.218162172651,23.0033715489245</coordinates></Point>
  </Placemark>
  <Placemark>
	<ExtendedData><SchemaData schemaUrl="#六區行道樹2021_1">
		<SimpleData name="AREA">北區</SimpleData>
		<SimpleData name="DATE">2019/10/4</SimpleData>
		<SimpleData name="UID">340-00963</SimpleData>
		<SimpleData name="TREE_NAME">小葉欖仁</SimpleData>
		<SimpleData name="ROAD">東豐路中央分隔島</SimpleData>
	</SchemaData></ExtendedData>
      <Point><coordinates>120.218112438162,23.0033861128239</coordinates></Point>
  </Placemark>
  <Placemark>
	<ExtendedData><SchemaData schemaUrl="#六區行道樹2021_1">
		<SimpleData name="AREA">北區</SimpleData>
		<SimpleData name="DATE">2019/10/4</SimpleData>
		<SimpleData name="UID">340-00964</SimpleData>
		<SimpleData name="TREE_NAME">小葉欖仁</SimpleData>
		<SimpleData name="ROAD">東豐路中央分隔島</SimpleData>
	</SchemaData></ExtendedData>
      <Point><coordinates>120.218081626669,23.0033838837669</coordinates></Point>
  </Placemark>
  <Placemark>
	<ExtendedData><SchemaData schemaUrl="#六區行道樹2021_1">
		<SimpleData name="AREA">北區</SimpleData>
		<SimpleData name="DATE">2019/10/4</SimpleData>
		<SimpleData name="UID">340-00965</SimpleData>
		<SimpleData name="TREE_NAME">小葉欖仁</SimpleData>
		<SimpleData name="ROAD">東豐路中央分隔島</SimpleData>
	</SchemaData></ExtendedData>
      <Point><coordinates>120.21803443868,23.0033966541855</coordinates></Point>
  </Placemark>
  <Placemark>
	<ExtendedData><SchemaData schemaUrl="#六區行道樹2021_1">
		<SimpleData name="AREA">北區</SimpleData>
		<SimpleData name="DATE">2019/10/4</SimpleData>
		<SimpleData name="UID">340-00966</SimpleData>
		<SimpleData name="TREE_NAME">小葉欖仁</SimpleData>
		<SimpleData name="ROAD">東豐路中央分隔島</SimpleData>
	</SchemaData></ExtendedData>
      <Point><coordinates>120.218001967401,23.0033946878218</coordinates></Point>
  </Placemark>
  <Placemark>
	<ExtendedData><SchemaData schemaUrl="#六區行道樹2021_1">
		<SimpleData name="AREA">北區</SimpleData>
		<SimpleData name="DATE">2019/10/4</SimpleData>
		<SimpleData name="UID">340-00967</SimpleData>
		<SimpleData name="TREE_NAME">小葉欖仁</SimpleData>
		<SimpleData name="ROAD">東豐路中央分隔島</SimpleData>
	</SchemaData></ExtendedData>
      <Point><coordinates>120.217975919886,23.0033951913113</coordinates></Point>
  </Placemark>
  <Placemark>
	<ExtendedData><SchemaData schemaUrl="#六區行道樹2021_1">
		<SimpleData name="AREA">北區</SimpleData>
		<SimpleData name="DATE">2019/10/4</SimpleData>
		<SimpleData name="UID">340-00968</SimpleData>
		<SimpleData name="TREE_NAME">小葉欖仁</SimpleData>
		<SimpleData name="ROAD">東豐路中央分隔島</SimpleData>
	</SchemaData></ExtendedData>
      <Point><coordinates>120.217943322448,23.0033981908923</coordinates></Point>
  </Placemark>
  <Placemark>
	<ExtendedData><SchemaData schemaUrl="#六區行道樹2021_1">
		<SimpleData name="AREA">北區</SimpleData>
		<SimpleData name="DATE">2019/10/4</SimpleData>
		<SimpleData name="UID">340-00969</SimpleData>
		<SimpleData name="TREE_NAME">小葉欖仁</SimpleData>
		<SimpleData name="ROAD">東豐路中央分隔島</SimpleData>
	</SchemaData></ExtendedData>
      <Point><coordinates>120.2179038861,23.0034030530233</coordinates></Point>
  </Placemark>
  <Placemark>
	<ExtendedData><SchemaData schemaUrl="#六區行道樹2021_1">
		<SimpleData name="AREA">北區</SimpleData>
		<SimpleData name="DATE">2019/10/4</SimpleData>
		<SimpleData name="UID">340-00970</SimpleData>
		<SimpleData name="TREE_NAME">小葉欖仁</SimpleData>
		<SimpleData name="ROAD">東豐路中央分隔島</SimpleData>
	</SchemaData></ExtendedData>
      <Point><coordinates>120.217838184249,23.0034123907983</coordinates></Point>
  </Placemark>
  <Placemark>
	<ExtendedData><SchemaData schemaUrl="#六區行道樹2021_1">
		<SimpleData name="AREA">北區</SimpleData>
		<SimpleData name="DATE">2019/10/4</SimpleData>
		<SimpleData name="UID">340-00971</SimpleData>
		<SimpleData name="TREE_NAME">小葉欖仁</SimpleData>
		<SimpleData name="ROAD">東豐路中央分隔島</SimpleData>
	</SchemaData></ExtendedData>
      <Point><coordinates>120.217779679205,23.0034254664519</coordinates></Point>
  </Placemark>
  <Placemark>
	<ExtendedData><SchemaData schemaUrl="#六區行道樹2021_1">
		<SimpleData name="AREA">北區</SimpleData>
		<SimpleData name="DATE">2019/10/4</SimpleData>
		<SimpleData name="UID">340-00972</SimpleData>
		<SimpleData name="TREE_NAME">小葉欖仁</SimpleData>
		<SimpleData name="ROAD">東豐路中央分隔島</SimpleData>
	</SchemaData></ExtendedData>
      <Point><coordinates>120.217486395384,23.0035377973915</coordinates></Point>
  </Placemark>
  <Placemark>
	<ExtendedData><SchemaData schemaUrl="#六區行道樹2021_1">
		<SimpleData name="AREA">北區</SimpleData>
		<SimpleData name="DATE">2019/10/4</SimpleData>
		<SimpleData name="UID">340-00973</SimpleData>
		<SimpleData name="TREE_NAME">小葉欖仁</SimpleData>
		<SimpleData name="ROAD">東豐路中央分隔島</SimpleData>
	</SchemaData></ExtendedData>
      <Point><coordinates>120.217443775999,23.0035364128796</coordinates></Point>
  </Placemark>
  <Placemark>
	<ExtendedData><SchemaData schemaUrl="#六區行道樹2021_1">
		<SimpleData name="AREA">北區</SimpleData>
		<SimpleData name="DATE">2019/10/4</SimpleData>
		<SimpleData name="UID">340-00974</SimpleData>
		<SimpleData name="TREE_NAME">小葉欖仁</SimpleData>
		<SimpleData name="ROAD">東豐路中央分隔島</SimpleData>
	</SchemaData></ExtendedData>
      <Point><coordinates>120.217400185875,23.0035342108462</coordinates></Point>
  </Placemark>
  <Placemark>
	<ExtendedData><SchemaData schemaUrl="#六區行道樹2021_1">
		<SimpleData name="AREA">北區</SimpleData>
		<SimpleData name="DATE">2019/10/4</SimpleData>
		<SimpleData name="UID">340-00975</SimpleData>
		<SimpleData name="TREE_NAME">小葉欖仁</SimpleData>
		<SimpleData name="ROAD">東豐路中央分隔島</SimpleData>
	</SchemaData></ExtendedData>
      <Point><coordinates>120.217370026961,23.0035372223584</coordinates></Point>
  </Placemark>
  <Placemark>
	<ExtendedData><SchemaData schemaUrl="#六區行道樹2021_1">
		<SimpleData name="AREA">北區</SimpleData>
		<SimpleData name="DATE">2019/10/4</SimpleData>
		<SimpleData name="UID">340-00976</SimpleData>
		<SimpleData name="TREE_NAME">小葉欖仁</SimpleData>
		<SimpleData name="ROAD">東豐路中央分隔島</SimpleData>
	</SchemaData></ExtendedData>
      <Point><coordinates>120.217337255744,23.0035365185958</coordinates></Point>
  </Placemark>
  <Placemark>
	<ExtendedData><SchemaData schemaUrl="#六區行道樹2021_1">
		<SimpleData name="AREA">北區</SimpleData>
		<SimpleData name="DATE">2019/10/4</SimpleData>
		<SimpleData name="UID">340-00977</SimpleData>
		<SimpleData name="TREE_NAME">小葉欖仁</SimpleData>
		<SimpleData name="ROAD">東豐路中央分隔島</SimpleData>
	</SchemaData></ExtendedData>
      <Point><coordinates>120.217309365828,23.0035351165395</coordinates></Point>
  </Placemark>
  <Placemark>
	<ExtendedData><SchemaData schemaUrl="#六區行道樹2021_1">
		<SimpleData name="AREA">北區</SimpleData>
		<SimpleData name="DATE">2019/10/4</SimpleData>
		<SimpleData name="UID">340-00978</SimpleData>
		<SimpleData name="TREE_NAME">小葉欖仁</SimpleData>
		<SimpleData name="ROAD">東豐路中央分隔島</SimpleData>
	</SchemaData></ExtendedData>
      <Point><coordinates>120.217272493133,23.0035352052059</coordinates></Point>
  </Placemark>
  <Placemark>
	<ExtendedData><SchemaData schemaUrl="#六區行道樹2021_1">
		<SimpleData name="AREA">北區</SimpleData>
		<SimpleData name="DATE">2019/10/4</SimpleData>
		<SimpleData name="UID">340-00979</SimpleData>
		<SimpleData name="TREE_NAME">小葉欖仁</SimpleData>
		<SimpleData name="ROAD">東豐路中央分隔島</SimpleData>
	</SchemaData></ExtendedData>
      <Point><coordinates>120.217231898713,23.0035378942099</coordinates></Point>
  </Placemark>
  <Placemark>
	<ExtendedData><SchemaData schemaUrl="#六區行道樹2021_1">
		<SimpleData name="AREA">北區</SimpleData>
		<SimpleData name="DATE">2019/10/4</SimpleData>
		<SimpleData name="UID">340-00980</SimpleData>
		<SimpleData name="TREE_NAME">小葉欖仁</SimpleData>
		<SimpleData name="ROAD">東豐路中央分隔島</SimpleData>
	</SchemaData></ExtendedData>
      <Point><coordinates>120.217200300093,23.003536835009</coordinates></Point>
  </Placemark>
  <Placemark>
	<ExtendedData><SchemaData schemaUrl="#六區行道樹2021_1">
		<SimpleData name="AREA">北區</SimpleData>
		<SimpleData name="DATE">2019/10/4</SimpleData>
		<SimpleData name="UID">340-00981</SimpleData>
		<SimpleData name="TREE_NAME">小葉欖仁</SimpleData>
		<SimpleData name="ROAD">東豐路中央分隔島</SimpleData>
	</SchemaData></ExtendedData>
      <Point><coordinates>120.217168629597,23.0035482370444</coordinates></Point>
  </Placemark>
  <Placemark>
	<ExtendedData><SchemaData schemaUrl="#六區行道樹2021_1">
		<SimpleData name="AREA">北區</SimpleData>
		<SimpleData name="DATE">2019/10/4</SimpleData>
		<SimpleData name="UID">340-00982</SimpleData>
		<SimpleData name="TREE_NAME">樹頭</SimpleData>
		<SimpleData name="ROAD">東豐路中央分隔島</SimpleData>
	</SchemaData></ExtendedData>
      <Point><coordinates>120.217131282729,23.0035459754967</coordinates></Point>
  </Placemark>
  <Placemark>
	<ExtendedData><SchemaData schemaUrl="#六區行道樹2021_1">
		<SimpleData name="AREA">北區</SimpleData>
		<SimpleData name="DATE">2019/10/4</SimpleData>
		<SimpleData name="UID">340-00983</SimpleData>
		<SimpleData name="TREE_NAME">小葉欖仁</SimpleData>
		<SimpleData name="ROAD">東豐路中央分隔島</SimpleData>
	</SchemaData></ExtendedData>
      <Point><coordinates>120.21709024448,23.0035579633177</coordinates></Point>
  </Placemark>
  <Placemark>
	<ExtendedData><SchemaData schemaUrl="#六區行道樹2021_1">
		<SimpleData name="AREA">北區</SimpleData>
		<SimpleData name="DATE">2019/10/4</SimpleData>
		<SimpleData name="UID">340-00984</SimpleData>
		<SimpleData name="TREE_NAME">小葉欖仁</SimpleData>
		<SimpleData name="ROAD">東豐路中央分隔島</SimpleData>
	</SchemaData></ExtendedData>
      <Point><coordinates>120.217019864106,23.0035666455109</coordinates></Point>
  </Placemark>
  <Placemark>
	<ExtendedData><SchemaData schemaUrl="#六區行道樹2021_1">
		<SimpleData name="AREA">北區</SimpleData>
		<SimpleData name="DATE">2019/10/4</SimpleData>
		<SimpleData name="UID">340-00985</SimpleData>
		<SimpleData name="TREE_NAME">小葉欖仁</SimpleData>
		<SimpleData name="ROAD">東豐路中央分隔島</SimpleData>
	</SchemaData></ExtendedData>
      <Point><coordinates>120.21697603722,23.0035716663046</coordinates></Point>
  </Placemark>
  <Placemark>
	<ExtendedData><SchemaData schemaUrl="#六區行道樹2021_1">
		<SimpleData name="AREA">北區</SimpleData>
		<SimpleData name="DATE">2019/10/4</SimpleData>
		<SimpleData name="UID">340-00986</SimpleData>
		<SimpleData name="TREE_NAME">小葉欖仁</SimpleData>
		<SimpleData name="ROAD">東豐路中央分隔島</SimpleData>
	</SchemaData></ExtendedData>
      <Point><coordinates>120.216931635494,23.0035748782151</coordinates></Point>
  </Placemark>
  <Placemark>
	<ExtendedData><SchemaData schemaUrl="#六區行道樹2021_1">
		<SimpleData name="AREA">北區</SimpleData>
		<SimpleData name="DATE">2019/10/4</SimpleData>
		<SimpleData name="UID">340-00987</SimpleData>
		<SimpleData name="TREE_NAME">小葉欖仁</SimpleData>
		<SimpleData name="ROAD">東豐路中央分隔島</SimpleData>
	</SchemaData></ExtendedData>
      <Point><coordinates>120.216895790431,23.003582828099</coordinates></Point>
  </Placemark>
  <Placemark>
	<ExtendedData><SchemaData schemaUrl="#六區行道樹2021_1">
		<SimpleData name="AREA">北區</SimpleData>
		<SimpleData name="DATE">2019/10/4</SimpleData>
		<SimpleData name="UID">340-00988</SimpleData>
		<SimpleData name="TREE_NAME">小葉欖仁</SimpleData>
		<SimpleData name="ROAD">東豐路中央分隔島</SimpleData>
	</SchemaData></ExtendedData>
      <Point><coordinates>120.216820564163,23.0035860681551</coordinates></Point>
  </Placemark>
  <Placemark>
	<ExtendedData><SchemaData schemaUrl="#六區行道樹2021_1">
		<SimpleData name="AREA">北區</SimpleData>
		<SimpleData name="DATE">2019/10/4</SimpleData>
		<SimpleData name="UID">340-00989</SimpleData>
		<SimpleData name="TREE_NAME">小葉欖仁</SimpleData>
		<SimpleData name="ROAD">東豐路中央分隔島</SimpleData>
	</SchemaData></ExtendedData>
      <Point><coordinates>120.216727331668,23.0035993328787</coordinates></Point>
  </Placemark>
  <Placemark>
	<ExtendedData><SchemaData schemaUrl="#六區行道樹2021_1">
		<SimpleData name="AREA">北區</SimpleData>
		<SimpleData name="DATE">2019/10/4</SimpleData>
		<SimpleData name="UID">340-00990</SimpleData>
		<SimpleData name="TREE_NAME">小葉欖仁</SimpleData>
		<SimpleData name="ROAD">東豐路中央分隔島</SimpleData>
	</SchemaData></ExtendedData>
      <Point><coordinates>120.216648838009,23.0036109547251</coordinates></Point>
  </Placemark>
  <Placemark>
	<ExtendedData><SchemaData schemaUrl="#六區行道樹2021_1">
		<SimpleData name="AREA">北區</SimpleData>
		<SimpleData name="DATE">2019/10/4</SimpleData>
		<SimpleData name="UID">340-00991</SimpleData>
		<SimpleData name="TREE_NAME">小葉欖仁</SimpleData>
		<SimpleData name="ROAD">東豐路中央分隔島</SimpleData>
	</SchemaData></ExtendedData>
      <Point><coordinates>120.216576386183,23.00360671337</coordinates></Point>
  </Placemark>
  <Placemark>
	<ExtendedData><SchemaData schemaUrl="#六區行道樹2021_1">
		<SimpleData name="AREA">北區</SimpleData>
		<SimpleData name="DATE">2019/10/4</SimpleData>
		<SimpleData name="UID">340-00992</SimpleData>
		<SimpleData name="TREE_NAME">小葉欖仁</SimpleData>
		<SimpleData name="ROAD">東豐路中央分隔島</SimpleData>
	</SchemaData></ExtendedData>
      <Point><coordinates>120.216540932828,23.0036143942064</coordinates></Point>
  </Placemark>
  <Placemark>
	<ExtendedData><SchemaData schemaUrl="#六區行道樹2021_1">
		<SimpleData name="AREA">北區</SimpleData>
		<SimpleData name="DATE">2019/10/4</SimpleData>
		<SimpleData name="UID">340-00993</SimpleData>
		<SimpleData name="TREE_NAME">小葉欖仁</SimpleData>
		<SimpleData name="ROAD">東豐路中央分隔島</SimpleData>
	</SchemaData></ExtendedData>
      <Point><coordinates>120.216502888561,23.0036146575</coordinates></Point>
  </Placemark>
  <Placemark>
	<ExtendedData><SchemaData schemaUrl="#六區行道樹2021_1">
		<SimpleData name="AREA">北區</SimpleData>
		<SimpleData name="DATE">2019/10/4</SimpleData>
		<SimpleData name="UID">340-00994</SimpleData>
		<SimpleData name="TREE_NAME">小葉欖仁</SimpleData>
		<SimpleData name="ROAD">東豐路中央分隔島</SimpleData>
	</SchemaData></ExtendedData>
      <Point><coordinates>120.216468459631,23.0036138550546</coordinates></Point>
  </Placemark>
  <Placemark>
	<ExtendedData><SchemaData schemaUrl="#六區行道樹2021_1">
		<SimpleData name="AREA">北區</SimpleData>
		<SimpleData name="DATE">2019/10/4</SimpleData>
		<SimpleData name="UID">340-00995</SimpleData>
		<SimpleData name="TREE_NAME">小葉欖仁</SimpleData>
		<SimpleData name="ROAD">東豐路中央分隔島</SimpleData>
	</SchemaData></ExtendedData>
      <Point><coordinates>120.216430151463,23.0036260368127</coordinates></Point>
  </Placemark>
  <Placemark>
	<ExtendedData><SchemaData schemaUrl="#六區行道樹2021_1">
		<SimpleData name="AREA">北區</SimpleData>
		<SimpleData name="DATE">2019/10/4</SimpleData>
		<SimpleData name="UID">340-00996</SimpleData>
		<SimpleData name="TREE_NAME">小葉欖仁</SimpleData>
		<SimpleData name="ROAD">東豐路中央分隔島</SimpleData>
	</SchemaData></ExtendedData>
      <Point><coordinates>120.216380425053,23.0036391553785</coordinates></Point>
  </Placemark>
  <Placemark>
	<ExtendedData><SchemaData schemaUrl="#六區行道樹2021_1">
		<SimpleData name="AREA">北區</SimpleData>
		<SimpleData name="DATE">2019/10/4</SimpleData>
		<SimpleData name="UID">340-00997</SimpleData>
		<SimpleData name="TREE_NAME">小葉欖仁</SimpleData>
		<SimpleData name="ROAD">東豐路中央分隔島</SimpleData>
	</SchemaData></ExtendedData>
      <Point><coordinates>120.216307198655,23.0036508031172</coordinates></Point>
  </Placemark>
  <Placemark>
	<ExtendedData><SchemaData schemaUrl="#六區行道樹2021_1">
		<SimpleData name="AREA">北區</SimpleData>
		<SimpleData name="DATE">2019/10/7</SimpleData>
		<SimpleData name="UID">340-00998</SimpleData>
		<SimpleData name="TREE_NAME">小葉欖仁</SimpleData>
		<SimpleData name="ROAD">東豐路中央分隔島</SimpleData>
	</SchemaData></ExtendedData>
      <Point><coordinates>120.21594960643,23.0037335552607</coordinates></Point>
  </Placemark>
  <Placemark>
	<ExtendedData><SchemaData schemaUrl="#六區行道樹2021_1">
		<SimpleData name="AREA">北區</SimpleData>
		<SimpleData name="DATE">2019/10/7</SimpleData>
		<SimpleData name="UID">340-00999</SimpleData>
		<SimpleData name="TREE_NAME">空樹穴</SimpleData>
		<SimpleData name="ROAD">東豐路中央分隔島</SimpleData>
	</SchemaData></ExtendedData>
      <Point><coordinates>120.215913778489,23.0037385250581</coordinates></Point>
  </Placemark>
  <Placemark>
	<ExtendedData><SchemaData schemaUrl="#六區行道樹2021_1">
		<SimpleData name="AREA">北區</SimpleData>
		<SimpleData name="DATE">2019/10/7</SimpleData>
		<SimpleData name="UID">340-01000</SimpleData>
		<SimpleData name="TREE_NAME">小葉欖仁</SimpleData>
		<SimpleData name="ROAD">東豐路中央分隔島</SimpleData>
	</SchemaData></ExtendedData>
      <Point><coordinates>120.215870822097,23.0037448140731</coordinates></Point>
  </Placemark>
  <Placemark>
	<ExtendedData><SchemaData schemaUrl="#六區行道樹2021_1">
		<SimpleData name="AREA">北區</SimpleData>
		<SimpleData name="DATE">2019/10/7</SimpleData>
		<SimpleData name="UID">340-01001</SimpleData>
		<SimpleData name="TREE_NAME">小葉欖仁</SimpleData>
		<SimpleData name="ROAD">東豐路中央分隔島</SimpleData>
	</SchemaData></ExtendedData>
      <Point><coordinates>120.215846520376,23.0037470415814</coordinates></Point>
  </Placemark>
  <Placemark>
	<ExtendedData><SchemaData schemaUrl="#六區行道樹2021_1">
		<SimpleData name="AREA">北區</SimpleData>
		<SimpleData name="DATE">2019/10/7</SimpleData>
		<SimpleData name="UID">340-01002</SimpleData>
		<SimpleData name="TREE_NAME">小葉欖仁</SimpleData>
		<SimpleData name="ROAD">東豐路中央分隔島</SimpleData>
	</SchemaData></ExtendedData>
      <Point><coordinates>120.215805649422,23.0037469295046</coordinates></Point>
  </Placemark>
  <Placemark>
	<ExtendedData><SchemaData schemaUrl="#六區行道樹2021_1">
		<SimpleData name="AREA">北區</SimpleData>
		<SimpleData name="DATE">2019/10/7</SimpleData>
		<SimpleData name="UID">340-01003</SimpleData>
		<SimpleData name="TREE_NAME">小葉欖仁</SimpleData>
		<SimpleData name="ROAD">東豐路中央分隔島</SimpleData>
	</SchemaData></ExtendedData>
      <Point><coordinates>120.215763106153,23.0037492472739</coordinates></Point>
  </Placemark>
  <Placemark>
	<ExtendedData><SchemaData schemaUrl="#六區行道樹2021_1">
		<SimpleData name="AREA">北區</SimpleData>
		<SimpleData name="DATE">2019/10/7</SimpleData>
		<SimpleData name="UID">340-01004</SimpleData>
		<SimpleData name="TREE_NAME">小葉欖仁</SimpleData>
		<SimpleData name="ROAD">東豐路中央分隔島</SimpleData>
	</SchemaData></ExtendedData>
      <Point><coordinates>120.215714218948,23.0037521657244</coordinates></Point>
  </Placemark>
  <Placemark>
	<ExtendedData><SchemaData schemaUrl="#六區行道樹2021_1">
		<SimpleData name="AREA">北區</SimpleData>
		<SimpleData name="DATE">2019/10/7</SimpleData>
		<SimpleData name="UID">340-01005</SimpleData>
		<SimpleData name="TREE_NAME">小葉欖仁</SimpleData>
		<SimpleData name="ROAD">東豐路中央分隔島</SimpleData>
	</SchemaData></ExtendedData>
      <Point><coordinates>120.215601063511,23.0037694849775</coordinates></Point>
  </Placemark>
  <Placemark>
	<ExtendedData><SchemaData schemaUrl="#六區行道樹2021_1">
		<SimpleData name="AREA">北區</SimpleData>
		<SimpleData name="DATE">2019/10/7</SimpleData>
		<SimpleData name="UID">340-01006</SimpleData>
		<SimpleData name="TREE_NAME">空樹穴</SimpleData>
		<SimpleData name="ROAD">東豐路中央分隔島</SimpleData>
	</SchemaData></ExtendedData>
      <Point><coordinates>120.215215386452,23.0036988548574</coordinates></Point>
  </Placemark>
  <Placemark>
	<ExtendedData><SchemaData schemaUrl="#六區行道樹2021_1">
		<SimpleData name="AREA">北區</SimpleData>
		<SimpleData name="DATE">2019/10/7</SimpleData>
		<SimpleData name="UID">340-01007</SimpleData>
		<SimpleData name="TREE_NAME">洋紅風鈴木</SimpleData>
		<SimpleData name="ROAD">東豐路中央分隔島</SimpleData>
	</SchemaData></ExtendedData>
      <Point><coordinates>120.215342261129,23.0037550188961</coordinates></Point>
  </Placemark>
  <Placemark>
	<ExtendedData><SchemaData schemaUrl="#六區行道樹2021_1">
		<SimpleData name="AREA">北區</SimpleData>
		<SimpleData name="DATE">2019/10/7</SimpleData>
		<SimpleData name="UID">340-01008</SimpleData>
		<SimpleData name="TREE_NAME">洋紅風鈴木</SimpleData>
		<SimpleData name="ROAD">東豐路中央分隔島</SimpleData>
	</SchemaData></ExtendedData>
      <Point><coordinates>120.215403836808,23.0037339225401</coordinates></Point>
  </Placemark>
  <Placemark>
	<ExtendedData><SchemaData schemaUrl="#六區行道樹2021_1">
		<SimpleData name="AREA">北區</SimpleData>
		<SimpleData name="DATE">2019/10/7</SimpleData>
		<SimpleData name="UID">340-01009</SimpleData>
		<SimpleData name="TREE_NAME">阿勃勒</SimpleData>
		<SimpleData name="ROAD">東豐路中央分隔島</SimpleData>
	</SchemaData></ExtendedData>
      <Point><coordinates>120.215445674901,23.0037185979715</coordinates></Point>
  </Placemark>
  <Placemark>
	<ExtendedData><SchemaData schemaUrl="#六區行道樹2021_1">
		<SimpleData name="AREA">北區</SimpleData>
		<SimpleData name="DATE">2019/10/7</SimpleData>
		<SimpleData name="UID">340-01010</SimpleData>
		<SimpleData name="TREE_NAME">洋紅風鈴木</SimpleData>
		<SimpleData name="ROAD">東豐路中央分隔島</SimpleData>
	</SchemaData></ExtendedData>
      <Point><coordinates>120.215485262128,23.0037214128239</coordinates></Point>
  </Placemark>
  <Placemark>
	<ExtendedData><SchemaData schemaUrl="#六區行道樹2021_1">
		<SimpleData name="AREA">北區</SimpleData>
		<SimpleData name="DATE">2019/10/7</SimpleData>
		<SimpleData name="UID">340-01011</SimpleData>
		<SimpleData name="TREE_NAME">黃花風鈴木</SimpleData>
		<SimpleData name="ROAD">東豐路中央分隔島</SimpleData>
	</SchemaData></ExtendedData>
      <Point><coordinates>120.215507525367,23.0037174595464</coordinates></Point>
  </Placemark>
  <Placemark>
	<ExtendedData><SchemaData schemaUrl="#六區行道樹2021_1">
		<SimpleData name="AREA">北區</SimpleData>
		<SimpleData name="DATE">2019/10/7</SimpleData>
		<SimpleData name="UID">340-01012</SimpleData>
		<SimpleData name="TREE_NAME">黃花風鈴木</SimpleData>
		<SimpleData name="ROAD">東豐路中央分隔島</SimpleData>
	</SchemaData></ExtendedData>
      <Point><coordinates>120.21555880004,23.0037065161603</coordinates></Point>
  </Placemark>
  <Placemark>
	<ExtendedData><SchemaData schemaUrl="#六區行道樹2021_1">
		<SimpleData name="AREA">北區</SimpleData>
		<SimpleData name="DATE">2019/10/7</SimpleData>
		<SimpleData name="UID">340-01013</SimpleData>
		<SimpleData name="TREE_NAME">洋紅風鈴木</SimpleData>
		<SimpleData name="ROAD">東豐路中央分隔島</SimpleData>
	</SchemaData></ExtendedData>
      <Point><coordinates>120.215602577481,23.0036931877867</coordinates></Point>
  </Placemark>
  <Placemark>
	<ExtendedData><SchemaData schemaUrl="#六區行道樹2021_1">
		<SimpleData name="AREA">北區</SimpleData>
		<SimpleData name="DATE">2019/10/7</SimpleData>
		<SimpleData name="UID">340-01014</SimpleData>
		<SimpleData name="TREE_NAME">無葉樹</SimpleData>
		<SimpleData name="ROAD">東豐路中央分隔島</SimpleData>
	</SchemaData></ExtendedData>
      <Point><coordinates>120.215665371575,23.003680675996</coordinates></Point>
  </Placemark>
  <Placemark>
	<ExtendedData><SchemaData schemaUrl="#六區行道樹2021_1">
		<SimpleData name="AREA">北區</SimpleData>
		<SimpleData name="DATE">2019/10/7</SimpleData>
		<SimpleData name="UID">340-01015</SimpleData>
		<SimpleData name="TREE_NAME">洋紅風鈴木</SimpleData>
		<SimpleData name="ROAD">東豐路中央分隔島</SimpleData>
	</SchemaData></ExtendedData>
      <Point><coordinates>120.215731120639,23.0036632122362</coordinates></Point>
  </Placemark>
  <Placemark>
	<ExtendedData><SchemaData schemaUrl="#六區行道樹2021_1">
		<SimpleData name="AREA">北區</SimpleData>
		<SimpleData name="DATE">2019/10/7</SimpleData>
		<SimpleData name="UID">340-01016</SimpleData>
		<SimpleData name="TREE_NAME">風鈴木</SimpleData>
		<SimpleData name="ROAD">東豐路中央分隔島</SimpleData>
	</SchemaData></ExtendedData>
      <Point><coordinates>120.215850917226,23.0036444809485</coordinates></Point>
  </Placemark>
  <Placemark>
	<ExtendedData><SchemaData schemaUrl="#六區行道樹2021_1">
		<SimpleData name="AREA">北區</SimpleData>
		<SimpleData name="DATE">2019/10/7</SimpleData>
		<SimpleData name="UID">340-01017</SimpleData>
		<SimpleData name="TREE_NAME">洋紅風鈴木</SimpleData>
		<SimpleData name="ROAD">東豐路中央分隔島</SimpleData>
	</SchemaData></ExtendedData>
      <Point><coordinates>120.215929699936,23.0036334930407</coordinates></Point>
  </Placemark>
  <Placemark>
	<ExtendedData><SchemaData schemaUrl="#六區行道樹2021_1">
		<SimpleData name="AREA">北區</SimpleData>
		<SimpleData name="DATE">2019/10/7</SimpleData>
		<SimpleData name="UID">340-01018</SimpleData>
		<SimpleData name="TREE_NAME">木棉</SimpleData>
		<SimpleData name="ROAD">東豐路中央分隔島</SimpleData>
	</SchemaData></ExtendedData>
      <Point><coordinates>120.216287808404,23.0035964360087</coordinates></Point>
  </Placemark>
  <Placemark>
	<ExtendedData><SchemaData schemaUrl="#六區行道樹2021_1">
		<SimpleData name="AREA">北區</SimpleData>
		<SimpleData name="DATE">2019/10/7</SimpleData>
		<SimpleData name="UID">340-01019</SimpleData>
		<SimpleData name="TREE_NAME">木棉</SimpleData>
		<SimpleData name="ROAD">東豐路中央分隔島</SimpleData>
	</SchemaData></ExtendedData>
      <Point><coordinates>120.216360423448,23.0035893003241</coordinates></Point>
  </Placemark>
  <Placemark>
	<ExtendedData><SchemaData schemaUrl="#六區行道樹2021_1">
		<SimpleData name="AREA">北區</SimpleData>
		<SimpleData name="DATE">2019/10/7</SimpleData>
		<SimpleData name="UID">340-01020</SimpleData>
		<SimpleData name="TREE_NAME">木棉</SimpleData>
		<SimpleData name="ROAD">東豐路中央分隔島</SimpleData>
	</SchemaData></ExtendedData>
      <Point><coordinates>120.216404419326,23.003571909243</coordinates></Point>
  </Placemark>
  <Placemark>
	<ExtendedData><SchemaData schemaUrl="#六區行道樹2021_1">
		<SimpleData name="AREA">北區</SimpleData>
		<SimpleData name="DATE">2019/10/7</SimpleData>
		<SimpleData name="UID">340-01021</SimpleData>
		<SimpleData name="TREE_NAME">木棉</SimpleData>
		<SimpleData name="ROAD">東豐路中央分隔島</SimpleData>
	</SchemaData></ExtendedData>
      <Point><coordinates>120.216457737584,23.003561788387</coordinates></Point>
  </Placemark>
  <Placemark>
	<ExtendedData><SchemaData schemaUrl="#六區行道樹2021_1">
		<SimpleData name="AREA">北區</SimpleData>
		<SimpleData name="DATE">2019/10/7</SimpleData>
		<SimpleData name="UID">340-01022</SimpleData>
		<SimpleData name="TREE_NAME">木棉</SimpleData>
		<SimpleData name="ROAD">東豐路中央分隔島</SimpleData>
	</SchemaData></ExtendedData>
      <Point><coordinates>120.216521412039,23.0035488291019</coordinates></Point>
  </Placemark>
  <Placemark>
	<ExtendedData><SchemaData schemaUrl="#六區行道樹2021_1">
		<SimpleData name="AREA">北區</SimpleData>
		<SimpleData name="DATE">2019/10/7</SimpleData>
		<SimpleData name="UID">340-01023</SimpleData>
		<SimpleData name="TREE_NAME">木棉</SimpleData>
		<SimpleData name="ROAD">東豐路中央分隔島</SimpleData>
	</SchemaData></ExtendedData>
      <Point><coordinates>120.216556920178,23.0035485532573</coordinates></Point>
  </Placemark>
  <Placemark>
	<ExtendedData><SchemaData schemaUrl="#六區行道樹2021_1">
		<SimpleData name="AREA">北區</SimpleData>
		<SimpleData name="DATE">2019/10/7</SimpleData>
		<SimpleData name="UID">340-01024</SimpleData>
		<SimpleData name="TREE_NAME">木棉</SimpleData>
		<SimpleData name="ROAD">東豐路中央分隔島</SimpleData>
	</SchemaData></ExtendedData>
      <Point><coordinates>120.216597156755,23.0035402639682</coordinates></Point>
  </Placemark>
  <Placemark>
	<ExtendedData><SchemaData schemaUrl="#六區行道樹2021_1">
		<SimpleData name="AREA">北區</SimpleData>
		<SimpleData name="DATE">2019/10/7</SimpleData>
		<SimpleData name="UID">340-01025</SimpleData>
		<SimpleData name="TREE_NAME">木棉</SimpleData>
		<SimpleData name="ROAD">東豐路中央分隔島</SimpleData>
	</SchemaData></ExtendedData>
      <Point><coordinates>120.216633011725,23.0035305984739</coordinates></Point>
  </Placemark>
  <Placemark>
	<ExtendedData><SchemaData schemaUrl="#六區行道樹2021_1">
		<SimpleData name="AREA">北區</SimpleData>
		<SimpleData name="DATE">2019/10/7</SimpleData>
		<SimpleData name="UID">340-01026</SimpleData>
		<SimpleData name="TREE_NAME">木棉</SimpleData>
		<SimpleData name="ROAD">東豐路中央分隔島</SimpleData>
	</SchemaData></ExtendedData>
      <Point><coordinates>120.216673431911,23.0035242967048</coordinates></Point>
  </Placemark>
  <Placemark>
	<ExtendedData><SchemaData schemaUrl="#六區行道樹2021_1">
		<SimpleData name="AREA">北區</SimpleData>
		<SimpleData name="DATE">2019/10/7</SimpleData>
		<SimpleData name="UID">340-01027</SimpleData>
		<SimpleData name="TREE_NAME">木棉</SimpleData>
		<SimpleData name="ROAD">東豐路中央分隔島</SimpleData>
	</SchemaData></ExtendedData>
      <Point><coordinates>120.216702443773,23.003517216088</coordinates></Point>
  </Placemark>
  <Placemark>
	<ExtendedData><SchemaData schemaUrl="#六區行道樹2021_1">
		<SimpleData name="AREA">北區</SimpleData>
		<SimpleData name="DATE">2019/10/7</SimpleData>
		<SimpleData name="UID">340-01028</SimpleData>
		<SimpleData name="TREE_NAME">木棉</SimpleData>
		<SimpleData name="ROAD">東豐路中央分隔島</SimpleData>
	</SchemaData></ExtendedData>
      <Point><coordinates>120.216732508798,23.0035135721289</coordinates></Point>
  </Placemark>
  <Placemark>
	<ExtendedData><SchemaData schemaUrl="#六區行道樹2021_1">
		<SimpleData name="AREA">北區</SimpleData>
		<SimpleData name="DATE">2019/10/7</SimpleData>
		<SimpleData name="UID">340-01029</SimpleData>
		<SimpleData name="TREE_NAME">木棉</SimpleData>
		<SimpleData name="ROAD">東豐路中央分隔島</SimpleData>
	</SchemaData></ExtendedData>
      <Point><coordinates>120.216755560651,23.0035081777517</coordinates></Point>
  </Placemark>
  <Placemark>
	<ExtendedData><SchemaData schemaUrl="#六區行道樹2021_1">
		<SimpleData name="AREA">北區</SimpleData>
		<SimpleData name="DATE">2019/10/7</SimpleData>
		<SimpleData name="UID">340-01030</SimpleData>
		<SimpleData name="TREE_NAME">木棉</SimpleData>
		<SimpleData name="ROAD">東豐路中央分隔島</SimpleData>
	</SchemaData></ExtendedData>
      <Point><coordinates>120.216799017155,23.0034997237328</coordinates></Point>
  </Placemark>
  <Placemark>
	<ExtendedData><SchemaData schemaUrl="#六區行道樹2021_1">
		<SimpleData name="AREA">北區</SimpleData>
		<SimpleData name="DATE">2019/10/7</SimpleData>
		<SimpleData name="UID">340-01031</SimpleData>
		<SimpleData name="TREE_NAME">木棉</SimpleData>
		<SimpleData name="ROAD">東豐路中央分隔島</SimpleData>
	</SchemaData></ExtendedData>
      <Point><coordinates>120.216841385573,23.0034938830625</coordinates></Point>
  </Placemark>
  <Placemark>
	<ExtendedData><SchemaData schemaUrl="#六區行道樹2021_1">
		<SimpleData name="AREA">北區</SimpleData>
		<SimpleData name="DATE">2019/10/7</SimpleData>
		<SimpleData name="UID">340-01032</SimpleData>
		<SimpleData name="TREE_NAME">木棉</SimpleData>
		<SimpleData name="ROAD">東豐路中央分隔島</SimpleData>
	</SchemaData></ExtendedData>
      <Point><coordinates>120.216883669471,23.0034857844271</coordinates></Point>
  </Placemark>
  <Placemark>
	<ExtendedData><SchemaData schemaUrl="#六區行道樹2021_1">
		<SimpleData name="AREA">北區</SimpleData>
		<SimpleData name="DATE">2019/10/7</SimpleData>
		<SimpleData name="UID">340-01033</SimpleData>
		<SimpleData name="TREE_NAME">木棉</SimpleData>
		<SimpleData name="ROAD">東豐路中央分隔島</SimpleData>
	</SchemaData></ExtendedData>
      <Point><coordinates>120.216929490428,23.0034732784996</coordinates></Point>
  </Placemark>
  <Placemark>
	<ExtendedData><SchemaData schemaUrl="#六區行道樹2021_1">
		<SimpleData name="AREA">北區</SimpleData>
		<SimpleData name="DATE">2019/10/7</SimpleData>
		<SimpleData name="UID">340-01034</SimpleData>
		<SimpleData name="TREE_NAME">木棉</SimpleData>
		<SimpleData name="ROAD">東豐路中央分隔島</SimpleData>
	</SchemaData></ExtendedData>
      <Point><coordinates>120.216990348692,23.0034750242322</coordinates></Point>
  </Placemark>
  <Placemark>
	<ExtendedData><SchemaData schemaUrl="#六區行道樹2021_1">
		<SimpleData name="AREA">北區</SimpleData>
		<SimpleData name="DATE">2019/10/7</SimpleData>
		<SimpleData name="UID">340-01035</SimpleData>
		<SimpleData name="TREE_NAME">木棉</SimpleData>
		<SimpleData name="ROAD">東豐路中央分隔島</SimpleData>
	</SchemaData></ExtendedData>
      <Point><coordinates>120.217073284932,23.0034710997986</coordinates></Point>
  </Placemark>
  <Placemark>
	<ExtendedData><SchemaData schemaUrl="#六區行道樹2021_1">
		<SimpleData name="AREA">北區</SimpleData>
		<SimpleData name="DATE">2019/10/7</SimpleData>
		<SimpleData name="UID">340-01036</SimpleData>
		<SimpleData name="TREE_NAME">木棉</SimpleData>
		<SimpleData name="ROAD">東豐路中央分隔島</SimpleData>
	</SchemaData></ExtendedData>
      <Point><coordinates>120.217121748374,23.0034570717543</coordinates></Point>
  </Placemark>
  <Placemark>
	<ExtendedData><SchemaData schemaUrl="#六區行道樹2021_1">
		<SimpleData name="AREA">北區</SimpleData>
		<SimpleData name="DATE">2019/10/7</SimpleData>
		<SimpleData name="UID">340-01037</SimpleData>
		<SimpleData name="TREE_NAME">木棉</SimpleData>
		<SimpleData name="ROAD">東豐路中央分隔島</SimpleData>
	</SchemaData></ExtendedData>
      <Point><coordinates>120.217156208524,23.0034524561251</coordinates></Point>
  </Placemark>
  <Placemark>
	<ExtendedData><SchemaData schemaUrl="#六區行道樹2021_1">
		<SimpleData name="AREA">北區</SimpleData>
		<SimpleData name="DATE">2019/10/7</SimpleData>
		<SimpleData name="UID">340-01038</SimpleData>
		<SimpleData name="TREE_NAME">木棉</SimpleData>
		<SimpleData name="ROAD">東豐路中央分隔島</SimpleData>
	</SchemaData></ExtendedData>
      <Point><coordinates>120.217191938809,23.0034474855609</coordinates></Point>
  </Placemark>
  <Placemark>
	<ExtendedData><SchemaData schemaUrl="#六區行道樹2021_1">
		<SimpleData name="AREA">北區</SimpleData>
		<SimpleData name="DATE">2019/10/7</SimpleData>
		<SimpleData name="UID">340-01039</SimpleData>
		<SimpleData name="TREE_NAME">木棉</SimpleData>
		<SimpleData name="ROAD">東豐路中央分隔島</SimpleData>
	</SchemaData></ExtendedData>
      <Point><coordinates>120.217260438722,23.0034434896699</coordinates></Point>
  </Placemark>
  <Placemark>
	<ExtendedData><SchemaData schemaUrl="#六區行道樹2021_1">
		<SimpleData name="AREA">北區</SimpleData>
		<SimpleData name="DATE">2019/10/7</SimpleData>
		<SimpleData name="UID">340-01040</SimpleData>
		<SimpleData name="TREE_NAME">木棉</SimpleData>
		<SimpleData name="ROAD">東豐路中央分隔島</SimpleData>
	</SchemaData></ExtendedData>
      <Point><coordinates>120.217299391554,23.0034379028987</coordinates></Point>
  </Placemark>
  <Placemark>
	<ExtendedData><SchemaData schemaUrl="#六區行道樹2021_1">
		<SimpleData name="AREA">北區</SimpleData>
		<SimpleData name="DATE">2019/10/7</SimpleData>
		<SimpleData name="UID">340-01041</SimpleData>
		<SimpleData name="TREE_NAME">木棉</SimpleData>
		<SimpleData name="ROAD">東豐路中央分隔島</SimpleData>
	</SchemaData></ExtendedData>
      <Point><coordinates>120.217350249266,23.0034315622389</coordinates></Point>
  </Placemark>
  <Placemark>
	<ExtendedData><SchemaData schemaUrl="#六區行道樹2021_1">
		<SimpleData name="AREA">北區</SimpleData>
		<SimpleData name="DATE">2019/10/7</SimpleData>
		<SimpleData name="UID">340-01042</SimpleData>
		<SimpleData name="TREE_NAME">木棉</SimpleData>
		<SimpleData name="ROAD">東豐路中央分隔島</SimpleData>
	</SchemaData></ExtendedData>
      <Point><coordinates>120.217736885024,23.003335946947</coordinates></Point>
  </Placemark>
  <Placemark>
	<ExtendedData><SchemaData schemaUrl="#六區行道樹2021_1">
		<SimpleData name="AREA">北區</SimpleData>
		<SimpleData name="DATE">2019/10/7</SimpleData>
		<SimpleData name="UID">340-01043</SimpleData>
		<SimpleData name="TREE_NAME">木棉</SimpleData>
		<SimpleData name="ROAD">東豐路中央分隔島</SimpleData>
	</SchemaData></ExtendedData>
      <Point><coordinates>120.217826519633,23.0033206772207</coordinates></Point>
  </Placemark>
  <Placemark>
	<ExtendedData><SchemaData schemaUrl="#六區行道樹2021_1">
		<SimpleData name="AREA">北區</SimpleData>
		<SimpleData name="DATE">2019/10/7</SimpleData>
		<SimpleData name="UID">340-01044</SimpleData>
		<SimpleData name="TREE_NAME">木棉</SimpleData>
		<SimpleData name="ROAD">東豐路中央分隔島</SimpleData>
	</SchemaData></ExtendedData>
      <Point><coordinates>120.217896417046,23.003328065937</coordinates></Point>
  </Placemark>
  <Placemark>
	<ExtendedData><SchemaData schemaUrl="#六區行道樹2021_1">
		<SimpleData name="AREA">北區</SimpleData>
		<SimpleData name="DATE">2019/10/7</SimpleData>
		<SimpleData name="UID">340-01045</SimpleData>
		<SimpleData name="TREE_NAME">木棉</SimpleData>
		<SimpleData name="ROAD">東豐路中央分隔島</SimpleData>
	</SchemaData></ExtendedData>
      <Point><coordinates>120.217953346268,23.0033176011992</coordinates></Point>
  </Placemark>
  <Placemark>
	<ExtendedData><SchemaData schemaUrl="#六區行道樹2021_1">
		<SimpleData name="AREA">北區</SimpleData>
		<SimpleData name="DATE">2019/10/7</SimpleData>
		<SimpleData name="UID">340-01046</SimpleData>
		<SimpleData name="TREE_NAME">木棉</SimpleData>
		<SimpleData name="ROAD">東豐路中央分隔島</SimpleData>
	</SchemaData></ExtendedData>
      <Point><coordinates>120.21801658557,23.0033124050824</coordinates></Point>
  </Placemark>
  <Placemark>
	<ExtendedData><SchemaData schemaUrl="#六區行道樹2021_1">
		<SimpleData name="AREA">北區</SimpleData>
		<SimpleData name="DATE">2019/10/7</SimpleData>
		<SimpleData name="UID">340-01047</SimpleData>
		<SimpleData name="TREE_NAME">木棉</SimpleData>
		<SimpleData name="ROAD">東豐路中央分隔島</SimpleData>
	</SchemaData></ExtendedData>
      <Point><coordinates>120.218081375144,23.0033090226234</coordinates></Point>
  </Placemark>
  <Placemark>
	<ExtendedData><SchemaData schemaUrl="#六區行道樹2021_1">
		<SimpleData name="AREA">北區</SimpleData>
		<SimpleData name="DATE">2019/10/7</SimpleData>
		<SimpleData name="UID">340-01048</SimpleData>
		<SimpleData name="TREE_NAME">木棉</SimpleData>
		<SimpleData name="ROAD">東豐路中央分隔島</SimpleData>
	</SchemaData></ExtendedData>
      <Point><coordinates>120.218157316816,23.0033000965045</coordinates></Point>
  </Placemark>
  <Placemark>
	<ExtendedData><SchemaData schemaUrl="#六區行道樹2021_1">
		<SimpleData name="AREA">北區</SimpleData>
		<SimpleData name="DATE">2019/10/7</SimpleData>
		<SimpleData name="UID">340-01049</SimpleData>
		<SimpleData name="TREE_NAME">木棉</SimpleData>
		<SimpleData name="ROAD">東豐路中央分隔島</SimpleData>
	</SchemaData></ExtendedData>
      <Point><coordinates>120.218214643982,23.0032882791148</coordinates></Point>
  </Placemark>
  <Placemark>
	<ExtendedData><SchemaData schemaUrl="#六區行道樹2021_1">
		<SimpleData name="AREA">北區</SimpleData>
		<SimpleData name="DATE">2019/10/7</SimpleData>
		<SimpleData name="UID">340-01050</SimpleData>
		<SimpleData name="TREE_NAME">木棉</SimpleData>
		<SimpleData name="ROAD">東豐路中央分隔島</SimpleData>
	</SchemaData></ExtendedData>
      <Point><coordinates>120.218274476037,23.0032818921557</coordinates></Point>
  </Placemark>
  <Placemark>
	<ExtendedData><SchemaData schemaUrl="#六區行道樹2021_1">
		<SimpleData name="AREA">北區</SimpleData>
		<SimpleData name="DATE">2019/10/8</SimpleData>
		<SimpleData name="UID">340-01349</SimpleData>
		<SimpleData name="TREE_NAME">木棉</SimpleData>
		<SimpleData name="ROAD">東豐路中央分隔島</SimpleData>
	</SchemaData></ExtendedData>
      <Point><coordinates>120.218275606169,23.0032381015293</coordinates></Point>
  </Placemark>
  <Placemark>
	<ExtendedData><SchemaData schemaUrl="#六區行道樹2021_1">
		<SimpleData name="AREA">北區</SimpleData>
		<SimpleData name="DATE">2019/10/8</SimpleData>
		<SimpleData name="UID">340-01350</SimpleData>
		<SimpleData name="TREE_NAME">木棉</SimpleData>
		<SimpleData name="ROAD">東豐路中央分隔島</SimpleData>
	</SchemaData></ExtendedData>
      <Point><coordinates>120.218217612877,23.0032470260069</coordinates></Point>
  </Placemark>
  <Placemark>
	<ExtendedData><SchemaData schemaUrl="#六區行道樹2021_1">
		<SimpleData name="AREA">北區</SimpleData>
		<SimpleData name="DATE">2019/10/8</SimpleData>
		<SimpleData name="UID">340-01351</SimpleData>
		<SimpleData name="TREE_NAME">木棉</SimpleData>
		<SimpleData name="ROAD">東豐路中央分隔島</SimpleData>
	</SchemaData></ExtendedData>
      <Point><coordinates>120.218158468834,23.0032525133269</coordinates></Point>
  </Placemark>
  <Placemark>
	<ExtendedData><SchemaData schemaUrl="#六區行道樹2021_1">
		<SimpleData name="AREA">北區</SimpleData>
		<SimpleData name="DATE">2019/10/8</SimpleData>
		<SimpleData name="UID">340-01352</SimpleData>
		<SimpleData name="TREE_NAME">木棉</SimpleData>
		<SimpleData name="ROAD">東豐路中央分隔島</SimpleData>
	</SchemaData></ExtendedData>
      <Point><coordinates>120.218084171365,23.0032638857042</coordinates></Point>
  </Placemark>
  <Placemark>
	<ExtendedData><SchemaData schemaUrl="#六區行道樹2021_1">
		<SimpleData name="AREA">北區</SimpleData>
		<SimpleData name="DATE">2019/10/8</SimpleData>
		<SimpleData name="UID">340-01353</SimpleData>
		<SimpleData name="TREE_NAME">木棉</SimpleData>
		<SimpleData name="ROAD">東豐路中央分隔島</SimpleData>
	</SchemaData></ExtendedData>
      <Point><coordinates>120.218019647386,23.0032719651516</coordinates></Point>
  </Placemark>
  <Placemark>
	<ExtendedData><SchemaData schemaUrl="#六區行道樹2021_1">
		<SimpleData name="AREA">北區</SimpleData>
		<SimpleData name="DATE">2019/10/8</SimpleData>
		<SimpleData name="UID">340-01354</SimpleData>
		<SimpleData name="TREE_NAME">木棉</SimpleData>
		<SimpleData name="ROAD">東豐路中央分隔島</SimpleData>
	</SchemaData></ExtendedData>
      <Point><coordinates>120.217956169831,23.0032846551138</coordinates></Point>
  </Placemark>
  <Placemark>
	<ExtendedData><SchemaData schemaUrl="#六區行道樹2021_1">
		<SimpleData name="AREA">北區</SimpleData>
		<SimpleData name="DATE">2019/10/8</SimpleData>
		<SimpleData name="UID">340-01355</SimpleData>
		<SimpleData name="TREE_NAME">木棉</SimpleData>
		<SimpleData name="ROAD">東豐路中央分隔島</SimpleData>
	</SchemaData></ExtendedData>
      <Point><coordinates>120.217900049063,23.0032902475673</coordinates></Point>
  </Placemark>
  <Placemark>
	<ExtendedData><SchemaData schemaUrl="#六區行道樹2021_1">
		<SimpleData name="AREA">北區</SimpleData>
		<SimpleData name="DATE">2019/10/8</SimpleData>
		<SimpleData name="UID">340-01356</SimpleData>
		<SimpleData name="TREE_NAME">木棉</SimpleData>
		<SimpleData name="ROAD">東豐路中央分隔島</SimpleData>
	</SchemaData></ExtendedData>
      <Point><coordinates>120.217829878004,23.0032964930199</coordinates></Point>
  </Placemark>
  <Placemark>
	<ExtendedData><SchemaData schemaUrl="#六區行道樹2021_1">
		<SimpleData name="AREA">北區</SimpleData>
		<SimpleData name="DATE">2019/10/8</SimpleData>
		<SimpleData name="UID">340-01357</SimpleData>
		<SimpleData name="TREE_NAME">木棉</SimpleData>
		<SimpleData name="ROAD">東豐路中央分隔島</SimpleData>
	</SchemaData></ExtendedData>
      <Point><coordinates>120.217743689148,23.0033062713806</coordinates></Point>
  </Placemark>
  <Placemark>
	<ExtendedData><SchemaData schemaUrl="#六區行道樹2021_1">
		<SimpleData name="AREA">北區</SimpleData>
		<SimpleData name="DATE">2019/10/8</SimpleData>
		<SimpleData name="UID">340-01358</SimpleData>
		<SimpleData name="TREE_NAME">木棉</SimpleData>
		<SimpleData name="ROAD">東豐路中央分隔島</SimpleData>
	</SchemaData></ExtendedData>
      <Point><coordinates>120.217399018487,23.0033814150444</coordinates></Point>
  </Placemark>
  <Placemark>
	<ExtendedData><SchemaData schemaUrl="#六區行道樹2021_1">
		<SimpleData name="AREA">北區</SimpleData>
		<SimpleData name="DATE">2019/10/8</SimpleData>
		<SimpleData name="UID">340-01359</SimpleData>
		<SimpleData name="TREE_NAME">木棉</SimpleData>
		<SimpleData name="ROAD">東豐路中央分隔島</SimpleData>
	</SchemaData></ExtendedData>
      <Point><coordinates>120.217334962699,23.0033759513084</coordinates></Point>
  </Placemark>
  <Placemark>
	<ExtendedData><SchemaData schemaUrl="#六區行道樹2021_1">
		<SimpleData name="AREA">北區</SimpleData>
		<SimpleData name="DATE">2019/10/8</SimpleData>
		<SimpleData name="UID">340-01360</SimpleData>
		<SimpleData name="TREE_NAME">木棉</SimpleData>
		<SimpleData name="ROAD">東豐路中央分隔島</SimpleData>
	</SchemaData></ExtendedData>
      <Point><coordinates>120.217306581458,23.0033751789343</coordinates></Point>
  </Placemark>
  <Placemark>
	<ExtendedData><SchemaData schemaUrl="#六區行道樹2021_1">
		<SimpleData name="AREA">北區</SimpleData>
		<SimpleData name="DATE">2019/10/8</SimpleData>
		<SimpleData name="UID">340-01361</SimpleData>
		<SimpleData name="TREE_NAME">木棉</SimpleData>
		<SimpleData name="ROAD">東豐路中央分隔島</SimpleData>
	</SchemaData></ExtendedData>
      <Point><coordinates>120.217278198655,23.0033746774517</coordinates></Point>
  </Placemark>
  <Placemark>
	<ExtendedData><SchemaData schemaUrl="#六區行道樹2021_1">
		<SimpleData name="AREA">北區</SimpleData>
		<SimpleData name="DATE">2019/10/8</SimpleData>
		<SimpleData name="UID">340-01362</SimpleData>
		<SimpleData name="TREE_NAME">木棉</SimpleData>
		<SimpleData name="ROAD">東豐路中央分隔島</SimpleData>
	</SchemaData></ExtendedData>
      <Point><coordinates>120.217254764483,23.0033787154948</coordinates></Point>
  </Placemark>
  <Placemark>
	<ExtendedData><SchemaData schemaUrl="#六區行道樹2021_1">
		<SimpleData name="AREA">北區</SimpleData>
		<SimpleData name="DATE">2019/10/8</SimpleData>
		<SimpleData name="UID">340-01363</SimpleData>
		<SimpleData name="TREE_NAME">木棉</SimpleData>
		<SimpleData name="ROAD">東豐路中央分隔島</SimpleData>
	</SchemaData></ExtendedData>
      <Point><coordinates>120.21723359358,23.0033793332665</coordinates></Point>
  </Placemark>
  <Placemark>
	<ExtendedData><SchemaData schemaUrl="#六區行道樹2021_1">
		<SimpleData name="AREA">北區</SimpleData>
		<SimpleData name="DATE">2019/10/8</SimpleData>
		<SimpleData name="UID">340-01364</SimpleData>
		<SimpleData name="TREE_NAME">木棉</SimpleData>
		<SimpleData name="ROAD">東豐路中央分隔島</SimpleData>
	</SchemaData></ExtendedData>
      <Point><coordinates>120.217147371161,23.003378004058</coordinates></Point>
  </Placemark>
  <Placemark>
	<ExtendedData><SchemaData schemaUrl="#六區行道樹2021_1">
		<SimpleData name="AREA">北區</SimpleData>
		<SimpleData name="DATE">2019/10/8</SimpleData>
		<SimpleData name="UID">340-01365</SimpleData>
		<SimpleData name="TREE_NAME">木棉</SimpleData>
		<SimpleData name="ROAD">東豐路中央分隔島</SimpleData>
	</SchemaData></ExtendedData>
      <Point><coordinates>120.217078669422,23.0033831728217</coordinates></Point>
  </Placemark>
  <Placemark>
	<ExtendedData><SchemaData schemaUrl="#六區行道樹2021_1">
		<SimpleData name="AREA">北區</SimpleData>
		<SimpleData name="DATE">2019/10/8</SimpleData>
		<SimpleData name="UID">340-01366</SimpleData>
		<SimpleData name="TREE_NAME">木棉</SimpleData>
		<SimpleData name="ROAD">東豐路中央分隔島</SimpleData>
	</SchemaData></ExtendedData>
      <Point><coordinates>120.217024814987,23.0033848029041</coordinates></Point>
  </Placemark>
  <Placemark>
	<ExtendedData><SchemaData schemaUrl="#六區行道樹2021_1">
		<SimpleData name="AREA">北區</SimpleData>
		<SimpleData name="DATE">2019/10/8</SimpleData>
		<SimpleData name="UID">340-01367</SimpleData>
		<SimpleData name="TREE_NAME">木棉</SimpleData>
		<SimpleData name="ROAD">東豐路中央分隔島</SimpleData>
	</SchemaData></ExtendedData>
      <Point><coordinates>120.216951445786,23.0033874200964</coordinates></Point>
  </Placemark>
  <Placemark>
	<ExtendedData><SchemaData schemaUrl="#六區行道樹2021_1">
		<SimpleData name="AREA">北區</SimpleData>
		<SimpleData name="DATE">2019/10/8</SimpleData>
		<SimpleData name="UID">340-01368</SimpleData>
		<SimpleData name="TREE_NAME">木棉</SimpleData>
		<SimpleData name="ROAD">東豐路中央分隔島</SimpleData>
	</SchemaData></ExtendedData>
      <Point><coordinates>120.21689264794,23.0033836076052</coordinates></Point>
  </Placemark>
  <Placemark>
	<ExtendedData><SchemaData schemaUrl="#六區行道樹2021_1">
		<SimpleData name="AREA">北區</SimpleData>
		<SimpleData name="DATE">2019/10/8</SimpleData>
		<SimpleData name="UID">340-01369</SimpleData>
		<SimpleData name="TREE_NAME">木棉</SimpleData>
		<SimpleData name="ROAD">東豐路中央分隔島</SimpleData>
	</SchemaData></ExtendedData>
      <Point><coordinates>120.216835097308,23.0033834133173</coordinates></Point>
  </Placemark>
  <Placemark>
	<ExtendedData><SchemaData schemaUrl="#六區行道樹2021_1">
		<SimpleData name="AREA">北區</SimpleData>
		<SimpleData name="DATE">2019/10/8</SimpleData>
		<SimpleData name="UID">340-01370</SimpleData>
		<SimpleData name="TREE_NAME">木棉</SimpleData>
		<SimpleData name="ROAD">東豐路中央分隔島</SimpleData>
	</SchemaData></ExtendedData>
      <Point><coordinates>120.216811482108,23.0033850122606</coordinates></Point>
  </Placemark>
  <Placemark>
	<ExtendedData><SchemaData schemaUrl="#六區行道樹2021_1">
		<SimpleData name="AREA">北區</SimpleData>
		<SimpleData name="DATE">2019/10/8</SimpleData>
		<SimpleData name="UID">340-01371</SimpleData>
		<SimpleData name="TREE_NAME">木棉</SimpleData>
		<SimpleData name="ROAD">東豐路中央分隔島</SimpleData>
	</SchemaData></ExtendedData>
      <Point><coordinates>120.21678321258,23.0033986885739</coordinates></Point>
  </Placemark>
  <Placemark>
	<ExtendedData><SchemaData schemaUrl="#六區行道樹2021_1">
		<SimpleData name="AREA">北區</SimpleData>
		<SimpleData name="DATE">2019/10/8</SimpleData>
		<SimpleData name="UID">340-01372</SimpleData>
		<SimpleData name="TREE_NAME">木棉</SimpleData>
		<SimpleData name="ROAD">東豐路中央分隔島</SimpleData>
	</SchemaData></ExtendedData>
      <Point><coordinates>120.216761064164,23.0033996626536</coordinates></Point>
  </Placemark>
  <Placemark>
	<ExtendedData><SchemaData schemaUrl="#六區行道樹2021_1">
		<SimpleData name="AREA">北區</SimpleData>
		<SimpleData name="DATE">2019/10/8</SimpleData>
		<SimpleData name="UID">340-01373</SimpleData>
		<SimpleData name="TREE_NAME">木棉</SimpleData>
		<SimpleData name="ROAD">東豐路中央分隔島</SimpleData>
	</SchemaData></ExtendedData>
      <Point><coordinates>120.216734298936,23.0034062125849</coordinates></Point>
  </Placemark>
  <Placemark>
	<ExtendedData><SchemaData schemaUrl="#六區行道樹2021_1">
		<SimpleData name="AREA">北區</SimpleData>
		<SimpleData name="DATE">2019/10/8</SimpleData>
		<SimpleData name="UID">340-01374</SimpleData>
		<SimpleData name="TREE_NAME">木棉</SimpleData>
		<SimpleData name="ROAD">東豐路中央分隔島</SimpleData>
	</SchemaData></ExtendedData>
      <Point><coordinates>120.21670308427,23.0034062388017</coordinates></Point>
  </Placemark>
  <Placemark>
	<ExtendedData><SchemaData schemaUrl="#六區行道樹2021_1">
		<SimpleData name="AREA">北區</SimpleData>
		<SimpleData name="DATE">2019/10/8</SimpleData>
		<SimpleData name="UID">340-01375</SimpleData>
		<SimpleData name="TREE_NAME">空樹穴</SimpleData>
		<SimpleData name="ROAD">東豐路中央分隔島</SimpleData>
	</SchemaData></ExtendedData>
      <Point><coordinates>120.216682145014,23.0034174229122</coordinates></Point>
  </Placemark>
  <Placemark>
	<ExtendedData><SchemaData schemaUrl="#六區行道樹2021_1">
		<SimpleData name="AREA">北區</SimpleData>
		<SimpleData name="DATE">2019/10/8</SimpleData>
		<SimpleData name="UID">340-01376</SimpleData>
		<SimpleData name="TREE_NAME">木棉</SimpleData>
		<SimpleData name="ROAD">東豐路中央分隔島</SimpleData>
	</SchemaData></ExtendedData>
      <Point><coordinates>120.216659054084,23.0034295896928</coordinates></Point>
  </Placemark>
  <Placemark>
	<ExtendedData><SchemaData schemaUrl="#六區行道樹2021_1">
		<SimpleData name="AREA">北區</SimpleData>
		<SimpleData name="DATE">2019/10/8</SimpleData>
		<SimpleData name="UID">340-01377</SimpleData>
		<SimpleData name="TREE_NAME">木棉</SimpleData>
		<SimpleData name="ROAD">東豐路中央分隔島</SimpleData>
	</SchemaData></ExtendedData>
      <Point><coordinates>120.216626555203,23.0034324088864</coordinates></Point>
  </Placemark>
  <Placemark>
	<ExtendedData><SchemaData schemaUrl="#六區行道樹2021_1">
		<SimpleData name="AREA">北區</SimpleData>
		<SimpleData name="DATE">2019/10/8</SimpleData>
		<SimpleData name="UID">340-01378</SimpleData>
		<SimpleData name="TREE_NAME">木棉</SimpleData>
		<SimpleData name="ROAD">東豐路中央分隔島</SimpleData>
	</SchemaData></ExtendedData>
      <Point><coordinates>120.216578633644,23.0034370481106</coordinates></Point>
  </Placemark>
  <Placemark>
	<ExtendedData><SchemaData schemaUrl="#六區行道樹2021_1">
		<SimpleData name="AREA">北區</SimpleData>
		<SimpleData name="DATE">2019/10/8</SimpleData>
		<SimpleData name="UID">340-01379</SimpleData>
		<SimpleData name="TREE_NAME">木棉</SimpleData>
		<SimpleData name="ROAD">東豐路中央分隔島</SimpleData>
	</SchemaData></ExtendedData>
      <Point><coordinates>120.216529834721,23.0034415926783</coordinates></Point>
  </Placemark>
  <Placemark>
	<ExtendedData><SchemaData schemaUrl="#六區行道樹2021_1">
		<SimpleData name="AREA">北區</SimpleData>
		<SimpleData name="DATE">2019/10/8</SimpleData>
		<SimpleData name="UID">340-01380</SimpleData>
		<SimpleData name="TREE_NAME">木棉</SimpleData>
		<SimpleData name="ROAD">東豐路中央分隔島</SimpleData>
	</SchemaData></ExtendedData>
      <Point><coordinates>120.216486820062,23.0034579953348</coordinates></Point>
  </Placemark>
  <Placemark>
	<ExtendedData><SchemaData schemaUrl="#六區行道樹2021_1">
		<SimpleData name="AREA">北區</SimpleData>
		<SimpleData name="DATE">2019/10/8</SimpleData>
		<SimpleData name="UID">340-01381</SimpleData>
		<SimpleData name="TREE_NAME">木棉</SimpleData>
		<SimpleData name="ROAD">東豐路中央分隔島</SimpleData>
	</SchemaData></ExtendedData>
      <Point><coordinates>120.21643886669,23.0034681427458</coordinates></Point>
  </Placemark>
  <Placemark>
	<ExtendedData><SchemaData schemaUrl="#六區行道樹2021_1">
		<SimpleData name="AREA">北區</SimpleData>
		<SimpleData name="DATE">2019/10/8</SimpleData>
		<SimpleData name="UID">340-01382</SimpleData>
		<SimpleData name="TREE_NAME">木棉</SimpleData>
		<SimpleData name="ROAD">東豐路中央分隔島</SimpleData>
	</SchemaData></ExtendedData>
      <Point><coordinates>120.216393942346,23.0034774021155</coordinates></Point>
  </Placemark>
  <Placemark>
	<ExtendedData><SchemaData schemaUrl="#六區行道樹2021_1">
		<SimpleData name="AREA">北區</SimpleData>
		<SimpleData name="DATE">2019/10/8</SimpleData>
		<SimpleData name="UID">340-01383</SimpleData>
		<SimpleData name="TREE_NAME">木棉</SimpleData>
		<SimpleData name="ROAD">東豐路中央分隔島</SimpleData>
	</SchemaData></ExtendedData>
      <Point><coordinates>120.216317595194,23.0034889441183</coordinates></Point>
  </Placemark>
  <Placemark>
	<ExtendedData><SchemaData schemaUrl="#六區行道樹2021_1">
		<SimpleData name="AREA">北區</SimpleData>
		<SimpleData name="DATE">2019/10/8</SimpleData>
		<SimpleData name="UID">340-01384</SimpleData>
		<SimpleData name="TREE_NAME">洋紅風鈴木</SimpleData>
		<SimpleData name="ROAD">東豐路中央分隔島</SimpleData>
	</SchemaData></ExtendedData>
      <Point><coordinates>120.215926558265,23.0035694537837</coordinates></Point>
  </Placemark>
  <Placemark>
	<ExtendedData><SchemaData schemaUrl="#六區行道樹2021_1">
		<SimpleData name="AREA">北區</SimpleData>
		<SimpleData name="DATE">2019/10/8</SimpleData>
		<SimpleData name="UID">340-01385</SimpleData>
		<SimpleData name="TREE_NAME">洋紅風鈴木</SimpleData>
		<SimpleData name="ROAD">東豐路中央分隔島</SimpleData>
	</SchemaData></ExtendedData>
      <Point><coordinates>120.215871835261,23.0035694537462</coordinates></Point>
  </Placemark>
  <Placemark>
	<ExtendedData><SchemaData schemaUrl="#六區行道樹2021_1">
		<SimpleData name="AREA">北區</SimpleData>
		<SimpleData name="DATE">2019/10/8</SimpleData>
		<SimpleData name="UID">340-01386</SimpleData>
		<SimpleData name="TREE_NAME">洋紅風鈴木</SimpleData>
		<SimpleData name="ROAD">東豐路中央分隔島</SimpleData>
	</SchemaData></ExtendedData>
      <Point><coordinates>120.215814108759,23.0035828034265</coordinates></Point>
  </Placemark>
  <Placemark>
	<ExtendedData><SchemaData schemaUrl="#六區行道樹2021_1">
		<SimpleData name="AREA">北區</SimpleData>
		<SimpleData name="DATE">2019/10/8</SimpleData>
		<SimpleData name="UID">340-01387</SimpleData>
		<SimpleData name="TREE_NAME">樟樹</SimpleData>
		<SimpleData name="ROAD">東豐路中央分隔島</SimpleData>
	</SchemaData></ExtendedData>
      <Point><coordinates>120.215762726174,23.0035955523909</coordinates></Point>
  </Placemark>
  <Placemark>
	<ExtendedData><SchemaData schemaUrl="#六區行道樹2021_1">
		<SimpleData name="AREA">北區</SimpleData>
		<SimpleData name="DATE">2019/10/8</SimpleData>
		<SimpleData name="UID">340-01388</SimpleData>
		<SimpleData name="TREE_NAME">風鈴木</SimpleData>
		<SimpleData name="ROAD">東豐路中央分隔島</SimpleData>
	</SchemaData></ExtendedData>
      <Point><coordinates>120.215717424622,23.0036025521634</coordinates></Point>
  </Placemark>
  <Placemark>
	<ExtendedData><SchemaData schemaUrl="#六區行道樹2021_1">
		<SimpleData name="AREA">北區</SimpleData>
		<SimpleData name="DATE">2019/10/8</SimpleData>
		<SimpleData name="UID">340-01389</SimpleData>
		<SimpleData name="TREE_NAME">空樹穴</SimpleData>
		<SimpleData name="ROAD">東豐路中央分隔島</SimpleData>
	</SchemaData></ExtendedData>
      <Point><coordinates>120.215663834025,23.0036091496646</coordinates></Point>
  </Placemark>
  <Placemark>
	<ExtendedData><SchemaData schemaUrl="#六區行道樹2021_1">
		<SimpleData name="AREA">北區</SimpleData>
		<SimpleData name="DATE">2019/10/8</SimpleData>
		<SimpleData name="UID">340-01390</SimpleData>
		<SimpleData name="TREE_NAME">風鈴木</SimpleData>
		<SimpleData name="ROAD">東豐路中央分隔島</SimpleData>
	</SchemaData></ExtendedData>
      <Point><coordinates>120.215619209522,23.0036171460774</coordinates></Point>
  </Placemark>
  <Placemark>
	<ExtendedData><SchemaData schemaUrl="#六區行道樹2021_1">
		<SimpleData name="AREA">北區</SimpleData>
		<SimpleData name="DATE">2019/10/8</SimpleData>
		<SimpleData name="UID">340-01391</SimpleData>
		<SimpleData name="TREE_NAME">黃花風鈴木</SimpleData>
		<SimpleData name="ROAD">東豐路中央分隔島</SimpleData>
	</SchemaData></ExtendedData>
      <Point><coordinates>120.215569691701,23.0036279175834</coordinates></Point>
  </Placemark>
  <Placemark>
	<ExtendedData><SchemaData schemaUrl="#六區行道樹2021_1">
		<SimpleData name="AREA">北區</SimpleData>
		<SimpleData name="DATE">2019/10/8</SimpleData>
		<SimpleData name="UID">340-01392</SimpleData>
		<SimpleData name="TREE_NAME">洋紅風鈴木</SimpleData>
		<SimpleData name="ROAD">東豐路中央分隔島</SimpleData>
	</SchemaData></ExtendedData>
      <Point><coordinates>120.21552631541,23.0036393516059</coordinates></Point>
  </Placemark>
  <Placemark>
	<ExtendedData><SchemaData schemaUrl="#六區行道樹2021_1">
		<SimpleData name="AREA">北區</SimpleData>
		<SimpleData name="DATE">2019/10/8</SimpleData>
		<SimpleData name="UID">340-01393</SimpleData>
		<SimpleData name="TREE_NAME">洋紅風鈴木</SimpleData>
		<SimpleData name="ROAD">東豐路中央分隔島</SimpleData>
	</SchemaData></ExtendedData>
      <Point><coordinates>120.215480441626,23.0036440909401</coordinates></Point>
  </Placemark>
  <Placemark>
	<ExtendedData><SchemaData schemaUrl="#六區行道樹2021_1">
		<SimpleData name="AREA">北區</SimpleData>
		<SimpleData name="DATE">2019/10/8</SimpleData>
		<SimpleData name="UID">340-01394</SimpleData>
		<SimpleData name="TREE_NAME">洋紅風鈴木</SimpleData>
		<SimpleData name="ROAD">東豐路中央分隔島</SimpleData>
	</SchemaData></ExtendedData>
      <Point><coordinates>120.215437580181,23.0036508318153</coordinates></Point>
  </Placemark>
  <Placemark>
	<ExtendedData><SchemaData schemaUrl="#六區行道樹2021_1">
		<SimpleData name="AREA">北區</SimpleData>
		<SimpleData name="DATE">2019/10/8</SimpleData>
		<SimpleData name="UID">340-01395</SimpleData>
		<SimpleData name="TREE_NAME">黃花風鈴木</SimpleData>
		<SimpleData name="ROAD">東豐路中央分隔島</SimpleData>
	</SchemaData></ExtendedData>
      <Point><coordinates>120.215405743669,23.0036571757928</coordinates></Point>
  </Placemark>
  <Placemark>
	<ExtendedData><SchemaData schemaUrl="#六區行道樹2021_1">
		<SimpleData name="AREA">北區</SimpleData>
		<SimpleData name="DATE">2019/10/8</SimpleData>
		<SimpleData name="UID">340-01396</SimpleData>
		<SimpleData name="TREE_NAME">空樹穴</SimpleData>
		<SimpleData name="ROAD">東豐路中央分隔島</SimpleData>
	</SchemaData></ExtendedData>
      <Point><coordinates>120.215377325848,23.0036627239889</coordinates></Point>
  </Placemark>
  <Placemark>
	<ExtendedData><SchemaData schemaUrl="#六區行道樹2021_1">
		<SimpleData name="AREA">北區</SimpleData>
		<SimpleData name="DATE">2019/10/8</SimpleData>
		<SimpleData name="UID">340-01397</SimpleData>
		<SimpleData name="TREE_NAME">黃花風鈴木</SimpleData>
		<SimpleData name="ROAD">東豐路中央分隔島</SimpleData>
	</SchemaData></ExtendedData>
      <Point><coordinates>120.215356636871,23.0036643372115</coordinates></Point>
  </Placemark>
  <Placemark>
	<ExtendedData><SchemaData schemaUrl="#六區行道樹2021_1">
		<SimpleData name="AREA">北區</SimpleData>
		<SimpleData name="DATE">2019/10/8</SimpleData>
		<SimpleData name="UID">340-01398</SimpleData>
		<SimpleData name="TREE_NAME">無葉樹</SimpleData>
		<SimpleData name="ROAD">東豐路中央分隔島</SimpleData>
	</SchemaData></ExtendedData>
      <Point><coordinates>120.215334013223,23.0036631415021</coordinates></Point>
  </Placemark>
  <Placemark>
	<ExtendedData><SchemaData schemaUrl="#六區行道樹2021_1">
		<SimpleData name="AREA">北區</SimpleData>
		<SimpleData name="DATE">2019/10/8</SimpleData>
		<SimpleData name="UID">340-01399</SimpleData>
		<SimpleData name="TREE_NAME">空樹穴</SimpleData>
		<SimpleData name="ROAD">東豐路中央分隔島</SimpleData>
	</SchemaData></ExtendedData>
      <Point><coordinates>120.215309406874,23.0036674443511</coordinates></Point>
  </Placemark>
  <Placemark>
	<ExtendedData><SchemaData schemaUrl="#六區行道樹2021_1">
		<SimpleData name="AREA">北區</SimpleData>
		<SimpleData name="DATE">2019/10/8</SimpleData>
		<SimpleData name="UID">340-01400</SimpleData>
		<SimpleData name="TREE_NAME">空樹穴</SimpleData>
		<SimpleData name="ROAD">東豐路中央分隔島</SimpleData>
	</SchemaData></ExtendedData>
      <Point><coordinates>120.215261950985,23.00367587814</coordinates></Point>
  </Placemark>
  <Placemark>
	<ExtendedData><SchemaData schemaUrl="#六區行道樹2021_1">
		<SimpleData name="AREA">北區</SimpleData>
		<SimpleData name="DATE">2019/10/8</SimpleData>
		<SimpleData name="UID">340-01401</SimpleData>
		<SimpleData name="TREE_NAME">空樹穴</SimpleData>
		<SimpleData name="ROAD">東豐路中央分隔島</SimpleData>
	</SchemaData></ExtendedData>
      <Point><coordinates>120.215229848983,23.0036775250933</coordinates></Point>
  </Placemark>
  <Placemark>
	<ExtendedData><SchemaData schemaUrl="#六區行道樹2021_1">
		<SimpleData name="AREA">北區</SimpleData>
		<SimpleData name="DATE">2019/10/8</SimpleData>
		<SimpleData name="UID">340-01402</SimpleData>
		<SimpleData name="TREE_NAME">樹頭</SimpleData>
		<SimpleData name="ROAD">東豐路中央分隔島</SimpleData>
	</SchemaData></ExtendedData>
      <Point><coordinates>120.21518690825,23.0036811049581</coordinates></Point>
  </Placemark>
  <Placemark>
	<ExtendedData><SchemaData schemaUrl="#六區行道樹2021_1">
		<SimpleData name="AREA">北區</SimpleData>
		<SimpleData name="DATE">2019/10/8</SimpleData>
		<SimpleData name="UID">340-01403</SimpleData>
		<SimpleData name="TREE_NAME">長葉垂榕</SimpleData>
		<SimpleData name="ROAD">前鋒路柏油路</SimpleData>
	</SchemaData></ExtendedData>
      <Point><coordinates>120.215100791606,23.0034421921664</coordinates></Point>
  </Placemark>
  <Placemark>
	<ExtendedData><SchemaData schemaUrl="#六區行道樹2021_1">
		<SimpleData name="AREA">北區</SimpleData>
		<SimpleData name="DATE">2019/10/8</SimpleData>
		<SimpleData name="UID">340-01404</SimpleData>
		<SimpleData name="TREE_NAME">長葉垂榕</SimpleData>
		<SimpleData name="ROAD">前鋒路柏油路</SimpleData>
	</SchemaData></ExtendedData>
      <Point><coordinates>120.215009532973,23.00329969574</coordinates></Point>
  </Placemark>
  <Placemark>
	<ExtendedData><SchemaData schemaUrl="#六區行道樹2021_1">
		<SimpleData name="AREA">北區</SimpleData>
		<SimpleData name="DATE">2019/10/8</SimpleData>
		<SimpleData name="UID">340-01405</SimpleData>
		<SimpleData name="TREE_NAME">長葉垂榕</SimpleData>
		<SimpleData name="ROAD">前鋒路柏油路</SimpleData>
	</SchemaData></ExtendedData>
      <Point><coordinates>120.214959906173,23.0031100877019</coordinates></Point>
  </Placemark>
  <Placemark>
	<ExtendedData><SchemaData schemaUrl="#六區行道樹2021_1">
		<SimpleData name="AREA">北區</SimpleData>
		<SimpleData name="DATE">2019/10/8</SimpleData>
		<SimpleData name="UID">340-01406</SimpleData>
		<SimpleData name="TREE_NAME">長葉垂榕</SimpleData>
		<SimpleData name="ROAD">前鋒路柏油路</SimpleData>
	</SchemaData></ExtendedData>
      <Point><coordinates>120.214955205203,23.0030627464627</coordinates></Point>
  </Placemark>
  <Placemark>
	<ExtendedData><SchemaData schemaUrl="#六區行道樹2021_1">
		<SimpleData name="AREA">北區</SimpleData>
		<SimpleData name="DATE">2019/10/8</SimpleData>
		<SimpleData name="UID">340-01407</SimpleData>
		<SimpleData name="TREE_NAME">長葉垂榕</SimpleData>
		<SimpleData name="ROAD">前鋒路柏油路</SimpleData>
	</SchemaData></ExtendedData>
      <Point><coordinates>120.214951182854,23.0030161309984</coordinates></Point>
  </Placemark>
  <Placemark>
	<ExtendedData><SchemaData schemaUrl="#六區行道樹2021_1">
		<SimpleData name="AREA">北區</SimpleData>
		<SimpleData name="DATE">2019/10/8</SimpleData>
		<SimpleData name="UID">340-01408</SimpleData>
		<SimpleData name="TREE_NAME">長葉垂榕</SimpleData>
		<SimpleData name="ROAD">前鋒路柏油路</SimpleData>
	</SchemaData></ExtendedData>
      <Point><coordinates>120.214947460968,23.0029681625022</coordinates></Point>
  </Placemark>
  <Placemark>
	<ExtendedData><SchemaData schemaUrl="#六區行道樹2021_1">
		<SimpleData name="AREA">北區</SimpleData>
		<SimpleData name="DATE">2019/10/8</SimpleData>
		<SimpleData name="UID">340-01409</SimpleData>
		<SimpleData name="TREE_NAME">長葉垂榕</SimpleData>
		<SimpleData name="ROAD">前鋒路柏油路</SimpleData>
	</SchemaData></ExtendedData>
      <Point><coordinates>120.214894989247,23.0025452917986</coordinates></Point>
  </Placemark>
  <Placemark>
	<ExtendedData><SchemaData schemaUrl="#六區行道樹2021_1">
		<SimpleData name="AREA">北區</SimpleData>
		<SimpleData name="DATE">2019/10/8</SimpleData>
		<SimpleData name="UID">340-01410</SimpleData>
		<SimpleData name="TREE_NAME">長葉垂榕</SimpleData>
		<SimpleData name="ROAD">前鋒路柏油路</SimpleData>
	</SchemaData></ExtendedData>
      <Point><coordinates>120.214883428655,23.0024865385717</coordinates></Point>
  </Placemark>
  <Placemark>
	<ExtendedData><SchemaData schemaUrl="#六區行道樹2021_1">
		<SimpleData name="AREA">北區</SimpleData>
		<SimpleData name="DATE">2019/10/8</SimpleData>
		<SimpleData name="UID">340-01411</SimpleData>
		<SimpleData name="TREE_NAME">長葉垂榕</SimpleData>
		<SimpleData name="ROAD">前鋒路柏油路</SimpleData>
	</SchemaData></ExtendedData>
      <Point><coordinates>120.214880225328,23.002433244859</coordinates></Point>
  </Placemark>
  <Placemark>
	<ExtendedData><SchemaData schemaUrl="#六區行道樹2021_1">
		<SimpleData name="AREA">北區</SimpleData>
		<SimpleData name="DATE">2019/10/8</SimpleData>
		<SimpleData name="UID">340-01412</SimpleData>
		<SimpleData name="TREE_NAME">長葉垂榕</SimpleData>
		<SimpleData name="ROAD">前鋒路柏油路</SimpleData>
	</SchemaData></ExtendedData>
      <Point><coordinates>120.214881698264,23.0023809676436</coordinates></Point>
  </Placemark>
  <Placemark>
	<ExtendedData><SchemaData schemaUrl="#六區行道樹2021_1">
		<SimpleData name="AREA">北區</SimpleData>
		<SimpleData name="DATE">2019/10/8</SimpleData>
		<SimpleData name="UID">340-01413</SimpleData>
		<SimpleData name="TREE_NAME">長葉垂榕</SimpleData>
		<SimpleData name="ROAD">前鋒路柏油路</SimpleData>
	</SchemaData></ExtendedData>
      <Point><coordinates>120.214872803974,23.0022828562171</coordinates></Point>
  </Placemark>
  <Placemark>
	<ExtendedData><SchemaData schemaUrl="#六區行道樹2021_1">
		<SimpleData name="AREA">北區</SimpleData>
		<SimpleData name="DATE">2019/10/8</SimpleData>
		<SimpleData name="UID">340-01414</SimpleData>
		<SimpleData name="TREE_NAME">長葉垂榕</SimpleData>
		<SimpleData name="ROAD">前鋒路柏油路</SimpleData>
	</SchemaData></ExtendedData>
      <Point><coordinates>120.214840357653,23.0021417348577</coordinates></Point>
  </Placemark>
  <Placemark>
	<ExtendedData><SchemaData schemaUrl="#六區行道樹2021_1">
		<SimpleData name="AREA">北區</SimpleData>
		<SimpleData name="DATE">2019/10/8</SimpleData>
		<SimpleData name="UID">340-01415</SimpleData>
		<SimpleData name="TREE_NAME">長葉垂榕</SimpleData>
		<SimpleData name="ROAD">前鋒路柏油路</SimpleData>
	</SchemaData></ExtendedData>
      <Point><coordinates>120.21481690478,23.0020309993535</coordinates></Point>
  </Placemark>
  <Placemark>
	<ExtendedData><SchemaData schemaUrl="#六區行道樹2021_1">
		<SimpleData name="AREA">北區</SimpleData>
		<SimpleData name="DATE">2019/10/8</SimpleData>
		<SimpleData name="UID">340-01416</SimpleData>
		<SimpleData name="TREE_NAME">長葉垂榕</SimpleData>
		<SimpleData name="ROAD">前鋒路柏油路</SimpleData>
	</SchemaData></ExtendedData>
      <Point><coordinates>120.21480261875,23.0019206704985</coordinates></Point>
  </Placemark>
  <Placemark>
	<ExtendedData><SchemaData schemaUrl="#六區行道樹2021_1">
		<SimpleData name="AREA">北區</SimpleData>
		<SimpleData name="DATE">2019/10/8</SimpleData>
		<SimpleData name="UID">340-01417</SimpleData>
		<SimpleData name="TREE_NAME">長葉垂榕</SimpleData>
		<SimpleData name="ROAD">前鋒路柏油路</SimpleData>
	</SchemaData></ExtendedData>
      <Point><coordinates>120.214799795846,23.0018522080295</coordinates></Point>
  </Placemark>
  <Placemark>
	<ExtendedData><SchemaData schemaUrl="#六區行道樹2021_1">
		<SimpleData name="AREA">北區</SimpleData>
		<SimpleData name="DATE">2019/10/8</SimpleData>
		<SimpleData name="UID">340-01418</SimpleData>
		<SimpleData name="TREE_NAME">長葉垂榕</SimpleData>
		<SimpleData name="ROAD">前鋒路柏油路</SimpleData>
	</SchemaData></ExtendedData>
      <Point><coordinates>120.214805116792,23.0017923645701</coordinates></Point>
  </Placemark>
  <Placemark>
	<ExtendedData><SchemaData schemaUrl="#六區行道樹2021_1">
		<SimpleData name="AREA">北區</SimpleData>
		<SimpleData name="DATE">2019/10/8</SimpleData>
		<SimpleData name="UID">340-01419</SimpleData>
		<SimpleData name="TREE_NAME">長葉垂榕</SimpleData>
		<SimpleData name="ROAD">前鋒路柏油路</SimpleData>
	</SchemaData></ExtendedData>
      <Point><coordinates>120.214785040421,23.0017387162944</coordinates></Point>
  </Placemark>
  <Placemark>
	<ExtendedData><SchemaData schemaUrl="#六區行道樹2021_1">
		<SimpleData name="AREA">北區</SimpleData>
		<SimpleData name="DATE">2019/10/8</SimpleData>
		<SimpleData name="UID">340-01420</SimpleData>
		<SimpleData name="TREE_NAME">長葉垂榕</SimpleData>
		<SimpleData name="ROAD">前鋒路柏油路</SimpleData>
	</SchemaData></ExtendedData>
      <Point><coordinates>120.214772412204,23.0016790547489</coordinates></Point>
  </Placemark>
  <Placemark>
	<ExtendedData><SchemaData schemaUrl="#六區行道樹2021_1">
		<SimpleData name="AREA">北區</SimpleData>
		<SimpleData name="DATE">2019/10/8</SimpleData>
		<SimpleData name="UID">340-01421</SimpleData>
		<SimpleData name="TREE_NAME">長葉垂榕</SimpleData>
		<SimpleData name="ROAD">前鋒路柏油路</SimpleData>
	</SchemaData></ExtendedData>
      <Point><coordinates>120.214673744147,23.0020756208465</coordinates></Point>
  </Placemark>
  <Placemark>
	<ExtendedData><SchemaData schemaUrl="#六區行道樹2021_1">
		<SimpleData name="AREA">北區</SimpleData>
		<SimpleData name="DATE">2019/10/8</SimpleData>
		<SimpleData name="UID">340-01422</SimpleData>
		<SimpleData name="TREE_NAME">長葉垂榕</SimpleData>
		<SimpleData name="ROAD">前鋒路柏油路</SimpleData>
	</SchemaData></ExtendedData>
      <Point><coordinates>120.214699048052,23.0023047506967</coordinates></Point>
  </Placemark>
  <Placemark>
	<ExtendedData><SchemaData schemaUrl="#六區行道樹2021_1">
		<SimpleData name="AREA">北區</SimpleData>
		<SimpleData name="DATE">2019/10/8</SimpleData>
		<SimpleData name="UID">340-01423</SimpleData>
		<SimpleData name="TREE_NAME">長葉垂榕</SimpleData>
		<SimpleData name="ROAD">前鋒路柏油路</SimpleData>
	</SchemaData></ExtendedData>
      <Point><coordinates>120.214726249001,23.002492622201</coordinates></Point>
  </Placemark>
  <Placemark>
	<ExtendedData><SchemaData schemaUrl="#六區行道樹2021_1">
		<SimpleData name="AREA">北區</SimpleData>
		<SimpleData name="DATE">2019/10/8</SimpleData>
		<SimpleData name="UID">340-01424</SimpleData>
		<SimpleData name="TREE_NAME">長葉垂榕</SimpleData>
		<SimpleData name="ROAD">前鋒路柏油路</SimpleData>
	</SchemaData></ExtendedData>
      <Point><coordinates>120.214734513689,23.0025815197657</coordinates></Point>
  </Placemark>
  <Placemark>
	<ExtendedData><SchemaData schemaUrl="#六區行道樹2021_1">
		<SimpleData name="AREA">北區</SimpleData>
		<SimpleData name="DATE">2019/10/8</SimpleData>
		<SimpleData name="UID">340-01425</SimpleData>
		<SimpleData name="TREE_NAME">長葉垂榕</SimpleData>
		<SimpleData name="ROAD">前鋒路柏油路</SimpleData>
	</SchemaData></ExtendedData>
      <Point><coordinates>120.214789452952,23.0029150043537</coordinates></Point>
  </Placemark>
  <Placemark>
	<ExtendedData><SchemaData schemaUrl="#六區行道樹2021_1">
		<SimpleData name="AREA">北區</SimpleData>
		<SimpleData name="DATE">2019/10/8</SimpleData>
		<SimpleData name="UID">340-01426</SimpleData>
		<SimpleData name="TREE_NAME">長葉垂榕</SimpleData>
		<SimpleData name="ROAD">前鋒路柏油路</SimpleData>
	</SchemaData></ExtendedData>
      <Point><coordinates>120.215098633107,23.0042202183228</coordinates></Point>
  </Placemark>
  <Placemark>
	<ExtendedData><SchemaData schemaUrl="#六區行道樹2021_1">
		<SimpleData name="AREA">北區</SimpleData>
		<SimpleData name="DATE">2019/10/8</SimpleData>
		<SimpleData name="UID">340-01427</SimpleData>
		<SimpleData name="TREE_NAME">長葉垂榕</SimpleData>
		<SimpleData name="ROAD">前鋒路柏油路</SimpleData>
	</SchemaData></ExtendedData>
      <Point><coordinates>120.215217146261,23.0044235322994</coordinates></Point>
  </Placemark>
  <Placemark>
	<ExtendedData><SchemaData schemaUrl="#六區行道樹2021_1">
		<SimpleData name="AREA">北區</SimpleData>
		<SimpleData name="DATE">2019/10/8</SimpleData>
		<SimpleData name="UID">340-01428</SimpleData>
		<SimpleData name="TREE_NAME">長葉垂榕</SimpleData>
		<SimpleData name="ROAD">前鋒路柏油路</SimpleData>
	</SchemaData></ExtendedData>
      <Point><coordinates>120.21547556318,23.0048592527137</coordinates></Point>
  </Placemark>
  <Placemark>
	<ExtendedData><SchemaData schemaUrl="#六區行道樹2021_1">
		<SimpleData name="AREA">北區</SimpleData>
		<SimpleData name="DATE">2019/10/8</SimpleData>
		<SimpleData name="UID">340-01429</SimpleData>
		<SimpleData name="TREE_NAME">小葉欖仁</SimpleData>
		<SimpleData name="ROAD">前鋒路柏油路</SimpleData>
	</SchemaData></ExtendedData>
      <Point><coordinates>120.215932558107,23.0053674747542</coordinates></Point>
  </Placemark>
  <Placemark>
	<ExtendedData><SchemaData schemaUrl="#六區行道樹2021_1">
		<SimpleData name="AREA">北區</SimpleData>
		<SimpleData name="DATE">2019/10/8</SimpleData>
		<SimpleData name="UID">340-01430</SimpleData>
		<SimpleData name="TREE_NAME">樹頭</SimpleData>
		<SimpleData name="ROAD">前鋒路柏油路</SimpleData>
	</SchemaData></ExtendedData>
      <Point><coordinates>120.216066371735,23.0054892314125</coordinates></Point>
  </Placemark>
  <Placemark>
	<ExtendedData><SchemaData schemaUrl="#六區行道樹2021_1">
		<SimpleData name="AREA">北區</SimpleData>
		<SimpleData name="DATE">2019/10/8</SimpleData>
		<SimpleData name="UID">340-01431</SimpleData>
		<SimpleData name="TREE_NAME">空樹穴</SimpleData>
		<SimpleData name="ROAD">前鋒路柏油路</SimpleData>
	</SchemaData></ExtendedData>
      <Point><coordinates>120.216173521108,23.0056169061755</coordinates></Point>
  </Placemark>
  <Placemark>
	<ExtendedData><SchemaData schemaUrl="#六區行道樹2021_1">
		<SimpleData name="AREA">北區</SimpleData>
		<SimpleData name="DATE">2019/10/8</SimpleData>
		<SimpleData name="UID">340-01432</SimpleData>
		<SimpleData name="TREE_NAME">長葉垂榕</SimpleData>
		<SimpleData name="ROAD">前鋒路柏油路</SimpleData>
	</SchemaData></ExtendedData>
      <Point><coordinates>120.21627216705,23.005696859647</coordinates></Point>
  </Placemark>
  <Placemark>
	<ExtendedData><SchemaData schemaUrl="#六區行道樹2021_1">
		<SimpleData name="AREA">北區</SimpleData>
		<SimpleData name="DATE">2019/10/8</SimpleData>
		<SimpleData name="UID">340-01433</SimpleData>
		<SimpleData name="TREE_NAME">茄苳</SimpleData>
		<SimpleData name="ROAD">開元路中央分隔島</SimpleData>
	</SchemaData></ExtendedData>
      <Point><coordinates>120.216373998212,23.005799584773</coordinates></Point>
  </Placemark>
  <Placemark>
	<ExtendedData><SchemaData schemaUrl="#六區行道樹2021_1">
		<SimpleData name="AREA">北區</SimpleData>
		<SimpleData name="DATE">2019/10/8</SimpleData>
		<SimpleData name="UID">340-01434</SimpleData>
		<SimpleData name="TREE_NAME">長葉垂榕</SimpleData>
		<SimpleData name="ROAD">開元路柏油路</SimpleData>
	</SchemaData></ExtendedData>
      <Point><coordinates>120.216266731541,23.0059624091465</coordinates></Point>
  </Placemark>
  <Placemark>
	<ExtendedData><SchemaData schemaUrl="#六區行道樹2021_1">
		<SimpleData name="AREA">北區</SimpleData>
		<SimpleData name="DATE">2019/10/8</SimpleData>
		<SimpleData name="UID">340-01435</SimpleData>
		<SimpleData name="TREE_NAME">長葉垂榕</SimpleData>
		<SimpleData name="ROAD">開元路柏油路</SimpleData>
	</SchemaData></ExtendedData>
      <Point><coordinates>120.216344966876,23.0059788699797</coordinates></Point>
  </Placemark>
  <Placemark>
	<ExtendedData><SchemaData schemaUrl="#六區行道樹2021_1">
		<SimpleData name="AREA">北區</SimpleData>
		<SimpleData name="DATE">2019/10/8</SimpleData>
		<SimpleData name="UID">340-01436</SimpleData>
		<SimpleData name="TREE_NAME">長葉垂榕</SimpleData>
		<SimpleData name="ROAD">開元路柏油路</SimpleData>
	</SchemaData></ExtendedData>
      <Point><coordinates>120.216914489137,23.0061575945001</coordinates></Point>
  </Placemark>
  <Placemark>
	<ExtendedData><SchemaData schemaUrl="#六區行道樹2021_1">
		<SimpleData name="AREA">北區</SimpleData>
		<SimpleData name="DATE">2019/10/8</SimpleData>
		<SimpleData name="UID">340-01437</SimpleData>
		<SimpleData name="TREE_NAME">阿勃勒</SimpleData>
		<SimpleData name="ROAD">開元路71巷人行道</SimpleData>
	</SchemaData></ExtendedData>
      <Point><coordinates>120.216826795255,23.0069855858079</coordinates></Point>
  </Placemark>
  <Placemark>
	<ExtendedData><SchemaData schemaUrl="#六區行道樹2021_1">
		<SimpleData name="AREA">北區</SimpleData>
		<SimpleData name="DATE">2019/10/8</SimpleData>
		<SimpleData name="UID">340-01438</SimpleData>
		<SimpleData name="TREE_NAME">阿勃勒</SimpleData>
		<SimpleData name="ROAD">開元路71巷人行道</SimpleData>
	</SchemaData></ExtendedData>
      <Point><coordinates>120.216845891853,23.0069219274741</coordinates></Point>
  </Placemark>
  <Placemark>
	<ExtendedData><SchemaData schemaUrl="#六區行道樹2021_1">
		<SimpleData name="AREA">北區</SimpleData>
		<SimpleData name="DATE">2019/10/8</SimpleData>
		<SimpleData name="UID">340-01439</SimpleData>
		<SimpleData name="TREE_NAME">阿勃勒</SimpleData>
		<SimpleData name="ROAD">開元路71巷人行道</SimpleData>
	</SchemaData></ExtendedData>
      <Point><coordinates>120.216864651501,23.0068659430891</coordinates></Point>
  </Placemark>
  <Placemark>
	<ExtendedData><SchemaData schemaUrl="#六區行道樹2021_1">
		<SimpleData name="AREA">北區</SimpleData>
		<SimpleData name="DATE">2019/10/8</SimpleData>
		<SimpleData name="UID">340-01440</SimpleData>
		<SimpleData name="TREE_NAME">阿勃勒</SimpleData>
		<SimpleData name="ROAD">開元路71巷人行道</SimpleData>
	</SchemaData></ExtendedData>
      <Point><coordinates>120.216893940784,23.0068109137886</coordinates></Point>
  </Placemark>
  <Placemark>
	<ExtendedData><SchemaData schemaUrl="#六區行道樹2021_1">
		<SimpleData name="AREA">北區</SimpleData>
		<SimpleData name="DATE">2019/10/8</SimpleData>
		<SimpleData name="UID">340-01441</SimpleData>
		<SimpleData name="TREE_NAME">阿勃勒</SimpleData>
		<SimpleData name="ROAD">開元路71巷人行道</SimpleData>
	</SchemaData></ExtendedData>
      <Point><coordinates>120.216904835306,23.0067655460653</coordinates></Point>
  </Placemark>
  <Placemark>
	<ExtendedData><SchemaData schemaUrl="#六區行道樹2021_1">
		<SimpleData name="AREA">北區</SimpleData>
		<SimpleData name="DATE">2019/10/8</SimpleData>
		<SimpleData name="UID">340-01442</SimpleData>
		<SimpleData name="TREE_NAME">阿勃勒</SimpleData>
		<SimpleData name="ROAD">開元路71巷人行道</SimpleData>
	</SchemaData></ExtendedData>
      <Point><coordinates>120.216922692091,23.0067307780339</coordinates></Point>
  </Placemark>
  <Placemark>
	<ExtendedData><SchemaData schemaUrl="#六區行道樹2021_1">
		<SimpleData name="AREA">北區</SimpleData>
		<SimpleData name="DATE">2019/10/8</SimpleData>
		<SimpleData name="UID">340-01443</SimpleData>
		<SimpleData name="TREE_NAME">阿勃勒</SimpleData>
		<SimpleData name="ROAD">開元路71巷人行道</SimpleData>
	</SchemaData></ExtendedData>
      <Point><coordinates>120.216941571212,23.0066878879301</coordinates></Point>
  </Placemark>
  <Placemark>
	<ExtendedData><SchemaData schemaUrl="#六區行道樹2021_1">
		<SimpleData name="AREA">北區</SimpleData>
		<SimpleData name="DATE">2019/10/8</SimpleData>
		<SimpleData name="UID">340-01444</SimpleData>
		<SimpleData name="TREE_NAME">阿勃勒</SimpleData>
		<SimpleData name="ROAD">開元路71巷人行道</SimpleData>
	</SchemaData></ExtendedData>
      <Point><coordinates>120.216960799337,23.0066521333597</coordinates></Point>
  </Placemark>
  <Placemark>
	<ExtendedData><SchemaData schemaUrl="#六區行道樹2021_1">
		<SimpleData name="AREA">北區</SimpleData>
		<SimpleData name="DATE">2019/10/8</SimpleData>
		<SimpleData name="UID">340-01445</SimpleData>
		<SimpleData name="TREE_NAME">阿勃勒</SimpleData>
		<SimpleData name="ROAD">開元路71巷人行道</SimpleData>
	</SchemaData></ExtendedData>
      <Point><coordinates>120.216975570608,23.0066111192671</coordinates></Point>
  </Placemark>
  <Placemark>
	<ExtendedData><SchemaData schemaUrl="#六區行道樹2021_1">
		<SimpleData name="AREA">北區</SimpleData>
		<SimpleData name="DATE">2019/10/8</SimpleData>
		<SimpleData name="UID">340-01446</SimpleData>
		<SimpleData name="TREE_NAME">阿勃勒</SimpleData>
		<SimpleData name="ROAD">開元路71巷人行道</SimpleData>
	</SchemaData></ExtendedData>
      <Point><coordinates>120.216995122088,23.0065700385082</coordinates></Point>
  </Placemark>
  <Placemark>
	<ExtendedData><SchemaData schemaUrl="#六區行道樹2021_1">
		<SimpleData name="AREA">北區</SimpleData>
		<SimpleData name="DATE">2019/10/8</SimpleData>
		<SimpleData name="UID">340-01447</SimpleData>
		<SimpleData name="TREE_NAME">空樹穴</SimpleData>
		<SimpleData name="ROAD">開元路71巷人行道</SimpleData>
	</SchemaData></ExtendedData>
      <Point><coordinates>120.217009354033,23.0065379615832</coordinates></Point>
  </Placemark>
  <Placemark>
	<ExtendedData><SchemaData schemaUrl="#六區行道樹2021_1">
		<SimpleData name="AREA">北區</SimpleData>
		<SimpleData name="DATE">2019/10/8</SimpleData>
		<SimpleData name="UID">340-01448</SimpleData>
		<SimpleData name="TREE_NAME">阿勃勒</SimpleData>
		<SimpleData name="ROAD">開元路71巷人行道</SimpleData>
	</SchemaData></ExtendedData>
      <Point><coordinates>120.21701999881,23.0065189606224</coordinates></Point>
  </Placemark>
  <Placemark>
	<ExtendedData><SchemaData schemaUrl="#六區行道樹2021_1">
		<SimpleData name="AREA">北區</SimpleData>
		<SimpleData name="DATE">2019/10/8</SimpleData>
		<SimpleData name="UID">340-01449</SimpleData>
		<SimpleData name="TREE_NAME">阿勃勒</SimpleData>
		<SimpleData name="ROAD">開元路71巷人行道</SimpleData>
	</SchemaData></ExtendedData>
      <Point><coordinates>120.21702089275,23.0064992793377</coordinates></Point>
  </Placemark>
  <Placemark>
	<ExtendedData><SchemaData schemaUrl="#六區行道樹2021_1">
		<SimpleData name="AREA">北區</SimpleData>
		<SimpleData name="DATE">2019/10/8</SimpleData>
		<SimpleData name="UID">340-01450</SimpleData>
		<SimpleData name="TREE_NAME">阿勃勒</SimpleData>
		<SimpleData name="ROAD">開元路71巷人行道</SimpleData>
	</SchemaData></ExtendedData>
      <Point><coordinates>120.217028604927,23.0064813474925</coordinates></Point>
  </Placemark>
  <Placemark>
	<ExtendedData><SchemaData schemaUrl="#六區行道樹2021_1">
		<SimpleData name="AREA">北區</SimpleData>
		<SimpleData name="DATE">2019/10/8</SimpleData>
		<SimpleData name="UID">340-01451</SimpleData>
		<SimpleData name="TREE_NAME">阿勃勒</SimpleData>
		<SimpleData name="ROAD">開元路71巷人行道</SimpleData>
	</SchemaData></ExtendedData>
      <Point><coordinates>120.217034962936,23.0064614223204</coordinates></Point>
  </Placemark>
  <Placemark>
	<ExtendedData><SchemaData schemaUrl="#六區行道樹2021_1">
		<SimpleData name="AREA">北區</SimpleData>
		<SimpleData name="DATE">2019/10/8</SimpleData>
		<SimpleData name="UID">340-01452</SimpleData>
		<SimpleData name="TREE_NAME">阿勃勒</SimpleData>
		<SimpleData name="ROAD">開元路71巷人行道</SimpleData>
	</SchemaData></ExtendedData>
      <Point><coordinates>120.217041650569,23.0064350873785</coordinates></Point>
  </Placemark>
  <Placemark>
	<ExtendedData><SchemaData schemaUrl="#六區行道樹2021_1">
		<SimpleData name="AREA">北區</SimpleData>
		<SimpleData name="DATE">2019/10/8</SimpleData>
		<SimpleData name="UID">340-01453</SimpleData>
		<SimpleData name="TREE_NAME">長葉垂榕</SimpleData>
		<SimpleData name="ROAD">開元路柏油路</SimpleData>
	</SchemaData></ExtendedData>
      <Point><coordinates>120.218158889582,23.0066674446793</coordinates></Point>
  </Placemark>
  <Placemark>
	<ExtendedData><SchemaData schemaUrl="#六區行道樹2021_1">
		<SimpleData name="AREA">北區</SimpleData>
		<SimpleData name="DATE">2019/10/8</SimpleData>
		<SimpleData name="UID">340-01479</SimpleData>
		<SimpleData name="TREE_NAME">茄苳</SimpleData>
		<SimpleData name="ROAD">開元路柏油路</SimpleData>
	</SchemaData></ExtendedData>
      <Point><coordinates>120.218245576036,23.006520861956</coordinates></Point>
  </Placemark>
  <Placemark>
	<ExtendedData><SchemaData schemaUrl="#六區行道樹2021_1">
		<SimpleData name="AREA">北區</SimpleData>
		<SimpleData name="DATE">2019/10/8</SimpleData>
		<SimpleData name="UID">340-01480</SimpleData>
		<SimpleData name="TREE_NAME">龍眼</SimpleData>
		<SimpleData name="ROAD">開元路柏油路</SimpleData>
	</SchemaData></ExtendedData>
      <Point><coordinates>120.216878447341,23.0059121576575</coordinates></Point>
  </Placemark>
  <Placemark>
	<ExtendedData><SchemaData schemaUrl="#六區行道樹2021_1">
		<SimpleData name="AREA">北區</SimpleData>
		<SimpleData name="DATE">2019/10/8</SimpleData>
		<SimpleData name="UID">340-01481</SimpleData>
		<SimpleData name="TREE_NAME">長葉垂榕</SimpleData>
		<SimpleData name="ROAD">開元路柏油路</SimpleData>
	</SchemaData></ExtendedData>
      <Point><coordinates>120.216662757528,23.0058130235277</coordinates></Point>
  </Placemark>
  <Placemark>
	<ExtendedData><SchemaData schemaUrl="#六區行道樹2021_1">
		<SimpleData name="AREA">北區</SimpleData>
		<SimpleData name="DATE">2019/10/8</SimpleData>
		<SimpleData name="UID">340-01482</SimpleData>
		<SimpleData name="TREE_NAME">長葉垂榕</SimpleData>
		<SimpleData name="ROAD">前鋒路柏油路</SimpleData>
	</SchemaData></ExtendedData>
      <Point><coordinates>120.216280506548,23.0055196392778</coordinates></Point>
  </Placemark>
  <Placemark>
	<ExtendedData><SchemaData schemaUrl="#六區行道樹2021_1">
		<SimpleData name="AREA">北區</SimpleData>
		<SimpleData name="DATE">2019/10/8</SimpleData>
		<SimpleData name="UID">340-01483</SimpleData>
		<SimpleData name="TREE_NAME">長葉垂榕</SimpleData>
		<SimpleData name="ROAD">前鋒路柏油路</SimpleData>
	</SchemaData></ExtendedData>
      <Point><coordinates>120.216114436902,23.0053247595999</coordinates></Point>
  </Placemark>
  <Placemark>
	<ExtendedData><SchemaData schemaUrl="#六區行道樹2021_1">
		<SimpleData name="AREA">北區</SimpleData>
		<SimpleData name="DATE">2019/10/8</SimpleData>
		<SimpleData name="UID">340-01484</SimpleData>
		<SimpleData name="TREE_NAME">長葉垂榕</SimpleData>
		<SimpleData name="ROAD">前鋒路柏油路</SimpleData>
	</SchemaData></ExtendedData>
      <Point><coordinates>120.215971335865,23.0051896826957</coordinates></Point>
  </Placemark>
  <Placemark>
	<ExtendedData><SchemaData schemaUrl="#六區行道樹2021_1">
		<SimpleData name="AREA">北區</SimpleData>
		<SimpleData name="DATE">2019/10/8</SimpleData>
		<SimpleData name="UID">340-01485</SimpleData>
		<SimpleData name="TREE_NAME">玉蘭花</SimpleData>
		<SimpleData name="ROAD">前鋒路柏油路</SimpleData>
	</SchemaData></ExtendedData>
      <Point><coordinates>120.215889311996,23.0051368114662</coordinates></Point>
  </Placemark>
  <Placemark>
	<ExtendedData><SchemaData schemaUrl="#六區行道樹2021_1">
		<SimpleData name="AREA">北區</SimpleData>
		<SimpleData name="DATE">2019/11/27</SimpleData>
		<SimpleData name="UID">340-02338</SimpleData>
		<SimpleData name="TREE_NAME">苦楝</SimpleData>
		<SimpleData name="ROAD">和緯路一段人行道</SimpleData>
	</SchemaData></ExtendedData>
      <Point><coordinates>120.215540332194,23.0093480031215</coordinates></Point>
  </Placemark>
  <Placemark>
	<ExtendedData><SchemaData schemaUrl="#六區行道樹2021_1">
		<SimpleData name="AREA">北區</SimpleData>
		<SimpleData name="DATE">2019/11/27</SimpleData>
		<SimpleData name="UID">340-02339</SimpleData>
		<SimpleData name="TREE_NAME">鳳凰木</SimpleData>
		<SimpleData name="ROAD">和緯路一段人行道</SimpleData>
	</SchemaData></ExtendedData>
      <Point><coordinates>120.215387889198,23.0093939335815</coordinates></Point>
  </Placemark>
  <Placemark>
	<ExtendedData><SchemaData schemaUrl="#六區行道樹2021_1">
		<SimpleData name="AREA">北區</SimpleData>
		<SimpleData name="DATE">2019/11/27</SimpleData>
		<SimpleData name="UID">340-02340</SimpleData>
		<SimpleData name="TREE_NAME">鳳凰木</SimpleData>
		<SimpleData name="ROAD">和緯路一段人行道</SimpleData>
	</SchemaData></ExtendedData>
      <Point><coordinates>120.215284576939,23.009428910026</coordinates></Point>
  </Placemark>
  <Placemark>
	<ExtendedData><SchemaData schemaUrl="#六區行道樹2021_1">
		<SimpleData name="AREA">北區</SimpleData>
		<SimpleData name="DATE">2019/11/27</SimpleData>
		<SimpleData name="UID">340-02341</SimpleData>
		<SimpleData name="TREE_NAME">鳳凰木</SimpleData>
		<SimpleData name="ROAD">和緯路一段人行道</SimpleData>
	</SchemaData></ExtendedData>
      <Point><coordinates>120.215115343826,23.0094599475869</coordinates></Point>
  </Placemark>
  <Placemark>
	<ExtendedData><SchemaData schemaUrl="#六區行道樹2021_1">
		<SimpleData name="AREA">北區</SimpleData>
		<SimpleData name="DATE">2019/11/27</SimpleData>
		<SimpleData name="UID">340-02342</SimpleData>
		<SimpleData name="TREE_NAME">苦楝</SimpleData>
		<SimpleData name="ROAD">和緯路一段人行道</SimpleData>
	</SchemaData></ExtendedData>
      <Point><coordinates>120.214681102275,23.0095862029111</coordinates></Point>
  </Placemark>
  <Placemark>
	<ExtendedData><SchemaData schemaUrl="#六區行道樹2021_1">
		<SimpleData name="AREA">北區</SimpleData>
		<SimpleData name="DATE">2019/11/27</SimpleData>
		<SimpleData name="UID">340-02343</SimpleData>
		<SimpleData name="TREE_NAME">空樹穴</SimpleData>
		<SimpleData name="ROAD">和緯路一段人行道</SimpleData>
	</SchemaData></ExtendedData>
      <Point><coordinates>120.214597485307,23.0096228117059</coordinates></Point>
  </Placemark>
  <Placemark>
	<ExtendedData><SchemaData schemaUrl="#六區行道樹2021_1">
		<SimpleData name="AREA">北區</SimpleData>
		<SimpleData name="DATE">2019/11/27</SimpleData>
		<SimpleData name="UID">340-02344</SimpleData>
		<SimpleData name="TREE_NAME">空樹穴</SimpleData>
		<SimpleData name="ROAD">和緯路一段人行道</SimpleData>
	</SchemaData></ExtendedData>
      <Point><coordinates>120.21426018729,23.0097188442502</coordinates></Point>
  </Placemark>
  <Placemark>
	<ExtendedData><SchemaData schemaUrl="#六區行道樹2021_1">
		<SimpleData name="AREA">北區</SimpleData>
		<SimpleData name="DATE">2019/11/27</SimpleData>
		<SimpleData name="UID">340-02345</SimpleData>
		<SimpleData name="TREE_NAME">空樹穴</SimpleData>
		<SimpleData name="ROAD">和緯路一段人行道</SimpleData>
	</SchemaData></ExtendedData>
      <Point><coordinates>120.214086032583,23.0097742376281</coordinates></Point>
  </Placemark>
  <Placemark>
	<ExtendedData><SchemaData schemaUrl="#六區行道樹2021_1">
		<SimpleData name="AREA">北區</SimpleData>
		<SimpleData name="DATE">2019/11/27</SimpleData>
		<SimpleData name="UID">340-02346</SimpleData>
		<SimpleData name="TREE_NAME">空樹穴</SimpleData>
		<SimpleData name="ROAD">和緯路一段人行道</SimpleData>
	</SchemaData></ExtendedData>
      <Point><coordinates>120.213928002834,23.0098245636914</coordinates></Point>
  </Placemark>
  <Placemark>
	<ExtendedData><SchemaData schemaUrl="#六區行道樹2021_1">
		<SimpleData name="AREA">北區</SimpleData>
		<SimpleData name="DATE">2019/11/27</SimpleData>
		<SimpleData name="UID">340-02347</SimpleData>
		<SimpleData name="TREE_NAME">苦楝</SimpleData>
		<SimpleData name="ROAD">和緯路一段人行道</SimpleData>
	</SchemaData></ExtendedData>
      <Point><coordinates>120.213838239306,23.0098444358176</coordinates></Point>
  </Placemark>
  <Placemark>
	<ExtendedData><SchemaData schemaUrl="#六區行道樹2021_1">
		<SimpleData name="AREA">北區</SimpleData>
		<SimpleData name="DATE">2019/11/27</SimpleData>
		<SimpleData name="UID">340-02348</SimpleData>
		<SimpleData name="TREE_NAME">苦楝</SimpleData>
		<SimpleData name="ROAD">和緯路一段人行道</SimpleData>
	</SchemaData></ExtendedData>
      <Point><coordinates>120.21372399268,23.0098808017539</coordinates></Point>
  </Placemark>
  <Placemark>
	<ExtendedData><SchemaData schemaUrl="#六區行道樹2021_1">
		<SimpleData name="AREA">北區</SimpleData>
		<SimpleData name="DATE">2019/11/27</SimpleData>
		<SimpleData name="UID">340-02349</SimpleData>
		<SimpleData name="TREE_NAME">鳳凰木</SimpleData>
		<SimpleData name="ROAD">和緯路一段人行道</SimpleData>
	</SchemaData></ExtendedData>
      <Point><coordinates>120.213449122974,23.0099604368006</coordinates></Point>
  </Placemark>
  <Placemark>
	<ExtendedData><SchemaData schemaUrl="#六區行道樹2021_1">
		<SimpleData name="AREA">北區</SimpleData>
		<SimpleData name="DATE">2019/11/27</SimpleData>
		<SimpleData name="UID">340-02350</SimpleData>
		<SimpleData name="TREE_NAME">苦楝</SimpleData>
		<SimpleData name="ROAD">和緯路一段人行道</SimpleData>
	</SchemaData></ExtendedData>
      <Point><coordinates>120.213385379796,23.0099846820863</coordinates></Point>
  </Placemark>
  <Placemark>
	<ExtendedData><SchemaData schemaUrl="#六區行道樹2021_1">
		<SimpleData name="AREA">北區</SimpleData>
		<SimpleData name="DATE">2019/11/27</SimpleData>
		<SimpleData name="UID">340-02351</SimpleData>
		<SimpleData name="TREE_NAME">茄苳</SimpleData>
		<SimpleData name="ROAD">和緯路一段人行道</SimpleData>
	</SchemaData></ExtendedData>
      <Point><coordinates>120.213209186773,23.0100213719859</coordinates></Point>
  </Placemark>
  <Placemark>
	<ExtendedData><SchemaData schemaUrl="#六區行道樹2021_1">
		<SimpleData name="AREA">北區</SimpleData>
		<SimpleData name="DATE">2019/11/27</SimpleData>
		<SimpleData name="UID">340-02352</SimpleData>
		<SimpleData name="TREE_NAME">苦楝</SimpleData>
		<SimpleData name="ROAD">和緯路一段人行道</SimpleData>
	</SchemaData></ExtendedData>
      <Point><coordinates>120.213132838458,23.0100492568832</coordinates></Point>
  </Placemark>
  <Placemark>
	<ExtendedData><SchemaData schemaUrl="#六區行道樹2021_1">
		<SimpleData name="AREA">北區</SimpleData>
		<SimpleData name="DATE">2019/11/27</SimpleData>
		<SimpleData name="UID">340-02353</SimpleData>
		<SimpleData name="TREE_NAME">樹頭</SimpleData>
		<SimpleData name="ROAD">和緯路一段人行道</SimpleData>
	</SchemaData></ExtendedData>
      <Point><coordinates>120.212981639517,23.0100990741239</coordinates></Point>
  </Placemark>
  <Placemark>
	<ExtendedData><SchemaData schemaUrl="#六區行道樹2021_1">
		<SimpleData name="AREA">北區</SimpleData>
		<SimpleData name="DATE">2019/11/27</SimpleData>
		<SimpleData name="UID">340-02354</SimpleData>
		<SimpleData name="TREE_NAME">樹頭</SimpleData>
		<SimpleData name="ROAD">和緯路一段人行道</SimpleData>
	</SchemaData></ExtendedData>
      <Point><coordinates>120.212768496962,23.0101655598877</coordinates></Point>
  </Placemark>
  <Placemark>
	<ExtendedData><SchemaData schemaUrl="#六區行道樹2021_1">
		<SimpleData name="AREA">北區</SimpleData>
		<SimpleData name="DATE">2019/11/27</SimpleData>
		<SimpleData name="UID">340-02355</SimpleData>
		<SimpleData name="TREE_NAME">空樹穴</SimpleData>
		<SimpleData name="ROAD">和緯路一段人行道</SimpleData>
	</SchemaData></ExtendedData>
      <Point><coordinates>120.212682129399,23.0101885184772</coordinates></Point>
  </Placemark>
  <Placemark>
	<ExtendedData><SchemaData schemaUrl="#六區行道樹2021_1">
		<SimpleData name="AREA">北區</SimpleData>
		<SimpleData name="DATE">2019/11/27</SimpleData>
		<SimpleData name="UID">340-02356</SimpleData>
		<SimpleData name="TREE_NAME">苦楝</SimpleData>
		<SimpleData name="ROAD">和緯路一段人行道</SimpleData>
	</SchemaData></ExtendedData>
      <Point><coordinates>120.212568504236,23.0102353616041</coordinates></Point>
  </Placemark>
  <Placemark>
	<ExtendedData><SchemaData schemaUrl="#六區行道樹2021_1">
		<SimpleData name="AREA">北區</SimpleData>
		<SimpleData name="DATE">2019/11/27</SimpleData>
		<SimpleData name="UID">340-02357</SimpleData>
		<SimpleData name="TREE_NAME">苦楝</SimpleData>
		<SimpleData name="ROAD">和緯路一段人行道</SimpleData>
	</SchemaData></ExtendedData>
      <Point><coordinates>120.212194508243,23.0103341870997</coordinates></Point>
  </Placemark>
  <Placemark>
	<ExtendedData><SchemaData schemaUrl="#六區行道樹2021_1">
		<SimpleData name="AREA">北區</SimpleData>
		<SimpleData name="DATE">2019/11/27</SimpleData>
		<SimpleData name="UID">340-02358</SimpleData>
		<SimpleData name="TREE_NAME">無患子</SimpleData>
		<SimpleData name="ROAD">和緯路一段人行道</SimpleData>
	</SchemaData></ExtendedData>
      <Point><coordinates>120.212120362772,23.0103690356581</coordinates></Point>
  </Placemark>
  <Placemark>
	<ExtendedData><SchemaData schemaUrl="#六區行道樹2021_1">
		<SimpleData name="AREA">北區</SimpleData>
		<SimpleData name="DATE">2019/11/27</SimpleData>
		<SimpleData name="UID">340-02359</SimpleData>
		<SimpleData name="TREE_NAME">樹頭</SimpleData>
		<SimpleData name="ROAD">和緯路一段人行道</SimpleData>
	</SchemaData></ExtendedData>
      <Point><coordinates>120.212081130335,23.0103720009715</coordinates></Point>
  </Placemark>
  <Placemark>
	<ExtendedData><SchemaData schemaUrl="#六區行道樹2021_1">
		<SimpleData name="AREA">北區</SimpleData>
		<SimpleData name="DATE">2019/11/27</SimpleData>
		<SimpleData name="UID">340-02360</SimpleData>
		<SimpleData name="TREE_NAME">空樹穴</SimpleData>
		<SimpleData name="ROAD">和緯路一段人行道</SimpleData>
	</SchemaData></ExtendedData>
      <Point><coordinates>120.212026618082,23.0103856360845</coordinates></Point>
  </Placemark>
  <Placemark>
	<ExtendedData><SchemaData schemaUrl="#六區行道樹2021_1">
		<SimpleData name="AREA">北區</SimpleData>
		<SimpleData name="DATE">2019/11/27</SimpleData>
		<SimpleData name="UID">340-02361</SimpleData>
		<SimpleData name="TREE_NAME">空樹穴</SimpleData>
		<SimpleData name="ROAD">和緯路一段人行道</SimpleData>
	</SchemaData></ExtendedData>
      <Point><coordinates>120.211955106849,23.0104204073723</coordinates></Point>
  </Placemark>
  <Placemark>
	<ExtendedData><SchemaData schemaUrl="#六區行道樹2021_1">
		<SimpleData name="AREA">北區</SimpleData>
		<SimpleData name="DATE">2019/11/27</SimpleData>
		<SimpleData name="UID">340-02362</SimpleData>
		<SimpleData name="TREE_NAME">苦楝</SimpleData>
		<SimpleData name="ROAD">和緯路一段人行道</SimpleData>
	</SchemaData></ExtendedData>
      <Point><coordinates>120.211802879186,23.0104624524356</coordinates></Point>
  </Placemark>
  <Placemark>
	<ExtendedData><SchemaData schemaUrl="#六區行道樹2021_1">
		<SimpleData name="AREA">北區</SimpleData>
		<SimpleData name="DATE">2019/11/27</SimpleData>
		<SimpleData name="UID">340-02363</SimpleData>
		<SimpleData name="TREE_NAME">鳳凰木</SimpleData>
		<SimpleData name="ROAD">和緯路一段人行道</SimpleData>
	</SchemaData></ExtendedData>
      <Point><coordinates>120.211696379765,23.0104916313464</coordinates></Point>
  </Placemark>
  <Placemark>
	<ExtendedData><SchemaData schemaUrl="#六區行道樹2021_1">
		<SimpleData name="AREA">北區</SimpleData>
		<SimpleData name="DATE">2019/11/27</SimpleData>
		<SimpleData name="UID">340-02364</SimpleData>
		<SimpleData name="TREE_NAME">苦楝</SimpleData>
		<SimpleData name="ROAD">和緯路一段人行道</SimpleData>
	</SchemaData></ExtendedData>
      <Point><coordinates>120.211620705907,23.0105040773402</coordinates></Point>
  </Placemark>
  <Placemark>
	<ExtendedData><SchemaData schemaUrl="#六區行道樹2021_1">
		<SimpleData name="AREA">北區</SimpleData>
		<SimpleData name="DATE">2019/11/27</SimpleData>
		<SimpleData name="UID">340-02365</SimpleData>
		<SimpleData name="TREE_NAME">欖仁</SimpleData>
		<SimpleData name="ROAD">和緯路一段人行道</SimpleData>
	</SchemaData></ExtendedData>
      <Point><coordinates>120.211539728199,23.0105395237091</coordinates></Point>
  </Placemark>
  <Placemark>
	<ExtendedData><SchemaData schemaUrl="#六區行道樹2021_1">
		<SimpleData name="AREA">北區</SimpleData>
		<SimpleData name="DATE">2019/11/27</SimpleData>
		<SimpleData name="UID">340-02366</SimpleData>
		<SimpleData name="TREE_NAME">苦楝</SimpleData>
		<SimpleData name="ROAD">和緯路一段人行道</SimpleData>
	</SchemaData></ExtendedData>
      <Point><coordinates>120.211372897012,23.0105765290586</coordinates></Point>
  </Placemark>
  <Placemark>
	<ExtendedData><SchemaData schemaUrl="#六區行道樹2021_1">
		<SimpleData name="AREA">北區</SimpleData>
		<SimpleData name="DATE">2019/11/27</SimpleData>
		<SimpleData name="UID">340-02367</SimpleData>
		<SimpleData name="TREE_NAME">茄苳</SimpleData>
		<SimpleData name="ROAD">和緯路一段人行道</SimpleData>
	</SchemaData></ExtendedData>
      <Point><coordinates>120.211296052945,23.0106056748008</coordinates></Point>
  </Placemark>
  <Placemark>
	<ExtendedData><SchemaData schemaUrl="#六區行道樹2021_1">
		<SimpleData name="AREA">北區</SimpleData>
		<SimpleData name="DATE">2019/11/27</SimpleData>
		<SimpleData name="UID">340-02368</SimpleData>
		<SimpleData name="TREE_NAME">茄苳</SimpleData>
		<SimpleData name="ROAD">和緯路一段人行道</SimpleData>
	</SchemaData></ExtendedData>
      <Point><coordinates>120.211207589127,23.0106367492439</coordinates></Point>
  </Placemark>
  <Placemark>
	<ExtendedData><SchemaData schemaUrl="#六區行道樹2021_1">
		<SimpleData name="AREA">北區</SimpleData>
		<SimpleData name="DATE">2019/11/27</SimpleData>
		<SimpleData name="UID">340-02369</SimpleData>
		<SimpleData name="TREE_NAME">羊蹄甲</SimpleData>
		<SimpleData name="ROAD">和緯路一段人行道</SimpleData>
	</SchemaData></ExtendedData>
      <Point><coordinates>120.21113159363,23.0106541599678</coordinates></Point>
  </Placemark>
  <Placemark>
	<ExtendedData><SchemaData schemaUrl="#六區行道樹2021_1">
		<SimpleData name="AREA">北區</SimpleData>
		<SimpleData name="DATE">2019/11/27</SimpleData>
		<SimpleData name="UID">340-02370</SimpleData>
		<SimpleData name="TREE_NAME">羊蹄甲</SimpleData>
		<SimpleData name="ROAD">和緯路一段人行道</SimpleData>
	</SchemaData></ExtendedData>
      <Point><coordinates>120.211048437227,23.0106783978682</coordinates></Point>
  </Placemark>
  <Placemark>
	<ExtendedData><SchemaData schemaUrl="#六區行道樹2021_1">
		<SimpleData name="AREA">北區</SimpleData>
		<SimpleData name="DATE">2019/11/27</SimpleData>
		<SimpleData name="UID">340-02371</SimpleData>
		<SimpleData name="TREE_NAME">苦楝</SimpleData>
		<SimpleData name="ROAD">和緯路一段人行道</SimpleData>
	</SchemaData></ExtendedData>
      <Point><coordinates>120.211047219551,23.0105187391693</coordinates></Point>
  </Placemark>
  <Placemark>
	<ExtendedData><SchemaData schemaUrl="#六區行道樹2021_1">
		<SimpleData name="AREA">北區</SimpleData>
		<SimpleData name="DATE">2019/11/27</SimpleData>
		<SimpleData name="UID">340-02372</SimpleData>
		<SimpleData name="TREE_NAME">苦楝</SimpleData>
		<SimpleData name="ROAD">和緯路一段人行道</SimpleData>
	</SchemaData></ExtendedData>
      <Point><coordinates>120.211111939259,23.0105112054414</coordinates></Point>
  </Placemark>
  <Placemark>
	<ExtendedData><SchemaData schemaUrl="#六區行道樹2021_1">
		<SimpleData name="AREA">北區</SimpleData>
		<SimpleData name="DATE">2019/11/27</SimpleData>
		<SimpleData name="UID">340-02373</SimpleData>
		<SimpleData name="TREE_NAME">苦楝</SimpleData>
		<SimpleData name="ROAD">和緯路一段人行道</SimpleData>
	</SchemaData></ExtendedData>
      <Point><coordinates>120.211192999902,23.010478288142</coordinates></Point>
  </Placemark>
  <Placemark>
	<ExtendedData><SchemaData schemaUrl="#六區行道樹2021_1">
		<SimpleData name="AREA">北區</SimpleData>
		<SimpleData name="DATE">2019/11/27</SimpleData>
		<SimpleData name="UID">340-02374</SimpleData>
		<SimpleData name="TREE_NAME">苦楝</SimpleData>
		<SimpleData name="ROAD">和緯路一段人行道</SimpleData>
	</SchemaData></ExtendedData>
      <Point><coordinates>120.211292122019,23.0104428420355</coordinates></Point>
  </Placemark>
  <Placemark>
	<ExtendedData><SchemaData schemaUrl="#六區行道樹2021_1">
		<SimpleData name="AREA">北區</SimpleData>
		<SimpleData name="DATE">2019/11/27</SimpleData>
		<SimpleData name="UID">340-02375</SimpleData>
		<SimpleData name="TREE_NAME">苦楝</SimpleData>
		<SimpleData name="ROAD">和緯路一段人行道</SimpleData>
	</SchemaData></ExtendedData>
      <Point><coordinates>120.211356219734,23.0104248301611</coordinates></Point>
  </Placemark>
  <Placemark>
	<ExtendedData><SchemaData schemaUrl="#六區行道樹2021_1">
		<SimpleData name="AREA">北區</SimpleData>
		<SimpleData name="DATE">2019/11/27</SimpleData>
		<SimpleData name="UID">340-02376</SimpleData>
		<SimpleData name="TREE_NAME">苦楝</SimpleData>
		<SimpleData name="ROAD">和緯路一段人行道</SimpleData>
	</SchemaData></ExtendedData>
      <Point><coordinates>120.211438326526,23.0103965233087</coordinates></Point>
  </Placemark>
  <Placemark>
	<ExtendedData><SchemaData schemaUrl="#六區行道樹2021_1">
		<SimpleData name="AREA">北區</SimpleData>
		<SimpleData name="DATE">2019/11/27</SimpleData>
		<SimpleData name="UID">340-02377</SimpleData>
		<SimpleData name="TREE_NAME">苦楝</SimpleData>
		<SimpleData name="ROAD">和緯路一段人行道</SimpleData>
	</SchemaData></ExtendedData>
      <Point><coordinates>120.211536234922,23.0103684757057</coordinates></Point>
  </Placemark>
  <Placemark>
	<ExtendedData><SchemaData schemaUrl="#六區行道樹2021_1">
		<SimpleData name="AREA">北區</SimpleData>
		<SimpleData name="DATE">2019/11/27</SimpleData>
		<SimpleData name="UID">340-02378</SimpleData>
		<SimpleData name="TREE_NAME">苦楝</SimpleData>
		<SimpleData name="ROAD">和緯路一段人行道</SimpleData>
	</SchemaData></ExtendedData>
      <Point><coordinates>120.211686477502,23.0103322905971</coordinates></Point>
  </Placemark>
  <Placemark>
	<ExtendedData><SchemaData schemaUrl="#六區行道樹2021_1">
		<SimpleData name="AREA">北區</SimpleData>
		<SimpleData name="DATE">2019/11/27</SimpleData>
		<SimpleData name="UID">340-02379</SimpleData>
		<SimpleData name="TREE_NAME">苦楝</SimpleData>
		<SimpleData name="ROAD">和緯路一段人行道</SimpleData>
	</SchemaData></ExtendedData>
      <Point><coordinates>120.21178240918,23.0102918617226</coordinates></Point>
  </Placemark>
  <Placemark>
	<ExtendedData><SchemaData schemaUrl="#六區行道樹2021_1">
		<SimpleData name="AREA">北區</SimpleData>
		<SimpleData name="DATE">2019/11/27</SimpleData>
		<SimpleData name="UID">340-02380</SimpleData>
		<SimpleData name="TREE_NAME">苦楝</SimpleData>
		<SimpleData name="ROAD">和緯路一段人行道</SimpleData>
	</SchemaData></ExtendedData>
      <Point><coordinates>120.211854979225,23.0102763299545</coordinates></Point>
  </Placemark>
  <Placemark>
	<ExtendedData><SchemaData schemaUrl="#六區行道樹2021_1">
		<SimpleData name="AREA">北區</SimpleData>
		<SimpleData name="DATE">2019/11/27</SimpleData>
		<SimpleData name="UID">340-02381</SimpleData>
		<SimpleData name="TREE_NAME">苦楝</SimpleData>
		<SimpleData name="ROAD">和緯路一段人行道</SimpleData>
	</SchemaData></ExtendedData>
      <Point><coordinates>120.211952218786,23.010245840626</coordinates></Point>
  </Placemark>
  <Placemark>
	<ExtendedData><SchemaData schemaUrl="#六區行道樹2021_1">
		<SimpleData name="AREA">北區</SimpleData>
		<SimpleData name="DATE">2019/11/27</SimpleData>
		<SimpleData name="UID">340-02382</SimpleData>
		<SimpleData name="TREE_NAME">苦楝</SimpleData>
		<SimpleData name="ROAD">和緯路一段人行道</SimpleData>
	</SchemaData></ExtendedData>
      <Point><coordinates>120.212037322051,23.0102222440376</coordinates></Point>
  </Placemark>
  <Placemark>
	<ExtendedData><SchemaData schemaUrl="#六區行道樹2021_1">
		<SimpleData name="AREA">北區</SimpleData>
		<SimpleData name="DATE">2019/11/27</SimpleData>
		<SimpleData name="UID">340-02383</SimpleData>
		<SimpleData name="TREE_NAME">鳳凰木</SimpleData>
		<SimpleData name="ROAD">和緯路一段人行道</SimpleData>
	</SchemaData></ExtendedData>
      <Point><coordinates>120.212351097078,23.0101289889244</coordinates></Point>
  </Placemark>
  <Placemark>
	<ExtendedData><SchemaData schemaUrl="#六區行道樹2021_1">
		<SimpleData name="AREA">北區</SimpleData>
		<SimpleData name="DATE">2019/11/27</SimpleData>
		<SimpleData name="UID">340-02384</SimpleData>
		<SimpleData name="TREE_NAME">苦楝</SimpleData>
		<SimpleData name="ROAD">和緯路一段人行道</SimpleData>
	</SchemaData></ExtendedData>
      <Point><coordinates>120.212435481209,23.0101116193298</coordinates></Point>
  </Placemark>
  <Placemark>
	<ExtendedData><SchemaData schemaUrl="#六區行道樹2021_1">
		<SimpleData name="AREA">北區</SimpleData>
		<SimpleData name="DATE">2019/11/27</SimpleData>
		<SimpleData name="UID">340-02385</SimpleData>
		<SimpleData name="TREE_NAME">鳳凰木</SimpleData>
		<SimpleData name="ROAD">和緯路一段人行道</SimpleData>
	</SchemaData></ExtendedData>
      <Point><coordinates>120.21251792538,23.0100923437141</coordinates></Point>
  </Placemark>
  <Placemark>
	<ExtendedData><SchemaData schemaUrl="#六區行道樹2021_1">
		<SimpleData name="AREA">北區</SimpleData>
		<SimpleData name="DATE">2019/11/27</SimpleData>
		<SimpleData name="UID">340-02386</SimpleData>
		<SimpleData name="TREE_NAME">鳳凰木</SimpleData>
		<SimpleData name="ROAD">和緯路一段人行道</SimpleData>
	</SchemaData></ExtendedData>
      <Point><coordinates>120.212681386603,23.0100475544664</coordinates></Point>
  </Placemark>
  <Placemark>
	<ExtendedData><SchemaData schemaUrl="#六區行道樹2021_1">
		<SimpleData name="AREA">北區</SimpleData>
		<SimpleData name="DATE">2019/11/27</SimpleData>
		<SimpleData name="UID">340-02387</SimpleData>
		<SimpleData name="TREE_NAME">鳳凰木</SimpleData>
		<SimpleData name="ROAD">和緯路一段人行道</SimpleData>
	</SchemaData></ExtendedData>
      <Point><coordinates>120.213205310919,23.0098822887208</coordinates></Point>
  </Placemark>
  <Placemark>
	<ExtendedData><SchemaData schemaUrl="#六區行道樹2021_1">
		<SimpleData name="AREA">北區</SimpleData>
		<SimpleData name="DATE">2019/11/27</SimpleData>
		<SimpleData name="UID">340-02388</SimpleData>
		<SimpleData name="TREE_NAME">空樹穴</SimpleData>
		<SimpleData name="ROAD">和緯路一段人行道</SimpleData>
	</SchemaData></ExtendedData>
      <Point><coordinates>120.213793574018,23.0097075881524</coordinates></Point>
  </Placemark>
  <Placemark>
	<ExtendedData><SchemaData schemaUrl="#六區行道樹2021_1">
		<SimpleData name="AREA">北區</SimpleData>
		<SimpleData name="DATE">2019/11/27</SimpleData>
		<SimpleData name="UID">340-02389</SimpleData>
		<SimpleData name="TREE_NAME">鳳凰木</SimpleData>
		<SimpleData name="ROAD">和緯路一段人行道</SimpleData>
	</SchemaData></ExtendedData>
      <Point><coordinates>120.214253439136,23.0095870611345</coordinates></Point>
  </Placemark>
  <Placemark>
	<ExtendedData><SchemaData schemaUrl="#六區行道樹2021_1">
		<SimpleData name="AREA">北區</SimpleData>
		<SimpleData name="DATE">2019/11/27</SimpleData>
		<SimpleData name="UID">340-02390</SimpleData>
		<SimpleData name="TREE_NAME">苦楝</SimpleData>
		<SimpleData name="ROAD">和緯路一段人行道</SimpleData>
	</SchemaData></ExtendedData>
      <Point><coordinates>120.214326311654,23.0095697236916</coordinates></Point>
  </Placemark>
  <Placemark>
	<ExtendedData><SchemaData schemaUrl="#六區行道樹2021_1">
		<SimpleData name="AREA">北區</SimpleData>
		<SimpleData name="DATE">2019/11/27</SimpleData>
		<SimpleData name="UID">340-02391</SimpleData>
		<SimpleData name="TREE_NAME">鳳凰木</SimpleData>
		<SimpleData name="ROAD">和緯路一段人行道</SimpleData>
	</SchemaData></ExtendedData>
      <Point><coordinates>120.214490186676,23.0095038040883</coordinates></Point>
  </Placemark>
  <Placemark>
	<ExtendedData><SchemaData schemaUrl="#六區行道樹2021_1">
		<SimpleData name="AREA">北區</SimpleData>
		<SimpleData name="DATE">2019/11/27</SimpleData>
		<SimpleData name="UID">340-02392</SimpleData>
		<SimpleData name="TREE_NAME">鳳凰木</SimpleData>
		<SimpleData name="ROAD">和緯路一段人行道</SimpleData>
	</SchemaData></ExtendedData>
      <Point><coordinates>120.21456104357,23.0094807675523</coordinates></Point>
  </Placemark>
  <Placemark>
	<ExtendedData><SchemaData schemaUrl="#六區行道樹2021_1">
		<SimpleData name="AREA">北區</SimpleData>
		<SimpleData name="DATE">2019/11/27</SimpleData>
		<SimpleData name="UID">340-02393</SimpleData>
		<SimpleData name="TREE_NAME">鳳凰木</SimpleData>
		<SimpleData name="ROAD">和緯路一段人行道</SimpleData>
	</SchemaData></ExtendedData>
      <Point><coordinates>120.214646759971,23.0094522060059</coordinates></Point>
  </Placemark>
  <Placemark>
	<ExtendedData><SchemaData schemaUrl="#六區行道樹2021_1">
		<SimpleData name="AREA">北區</SimpleData>
		<SimpleData name="DATE">2019/11/27</SimpleData>
		<SimpleData name="UID">340-02394</SimpleData>
		<SimpleData name="TREE_NAME">空樹穴</SimpleData>
		<SimpleData name="ROAD">和緯路一段人行道</SimpleData>
	</SchemaData></ExtendedData>
      <Point><coordinates>120.215452131199,23.0092327028071</coordinates></Point>
  </Placemark>
  <Placemark>
	<ExtendedData><SchemaData schemaUrl="#六區行道樹2021_1">
		<SimpleData name="AREA">北區</SimpleData>
		<SimpleData name="DATE">2019/11/27</SimpleData>
		<SimpleData name="UID">340-02395</SimpleData>
		<SimpleData name="TREE_NAME">苦楝</SimpleData>
		<SimpleData name="ROAD">和緯路一段人行道</SimpleData>
	</SchemaData></ExtendedData>
      <Point><coordinates>120.21554988206,23.0091978792981</coordinates></Point>
  </Placemark>
  <Placemark>
	<ExtendedData><SchemaData schemaUrl="#六區行道樹2021_1">
		<SimpleData name="AREA">北區</SimpleData>
		<SimpleData name="DATE">2019/12/16</SimpleData>
		<SimpleData name="UID">340-04028</SimpleData>
		<SimpleData name="TREE_NAME">樟樹</SimpleData>
		<SimpleData name="ROAD">長榮路五段柏油路</SimpleData>
	</SchemaData></ExtendedData>
      <Point><coordinates>120.217308586598,23.0128868142546</coordinates></Point>
  </Placemark>
  <Placemark>
	<ExtendedData><SchemaData schemaUrl="#六區行道樹2021_1">
		<SimpleData name="AREA">北區</SimpleData>
		<SimpleData name="DATE">2019/12/16</SimpleData>
		<SimpleData name="UID">340-04029</SimpleData>
		<SimpleData name="TREE_NAME">洋紅風鈴木</SimpleData>
		<SimpleData name="ROAD">北門路三段柏油路</SimpleData>
	</SchemaData></ExtendedData>
      <Point><coordinates>120.217162204164,23.0132342924188</coordinates></Point>
  </Placemark>
  <Placemark>
	<ExtendedData><SchemaData schemaUrl="#六區行道樹2021_1">
		<SimpleData name="AREA">北區</SimpleData>
		<SimpleData name="DATE">2019/12/16</SimpleData>
		<SimpleData name="UID">340-04032</SimpleData>
		<SimpleData name="TREE_NAME">空樹穴</SimpleData>
		<SimpleData name="ROAD">北門路三段柏油路</SimpleData>
	</SchemaData></ExtendedData>
      <Point><coordinates>120.216999548587,23.0133080769315</coordinates></Point>
  </Placemark>
  <Placemark>
	<ExtendedData><SchemaData schemaUrl="#六區行道樹2021_1">
		<SimpleData name="AREA">北區</SimpleData>
		<SimpleData name="DATE">2019/12/16</SimpleData>
		<SimpleData name="UID">340-04033</SimpleData>
		<SimpleData name="TREE_NAME">小葉欖仁</SimpleData>
		<SimpleData name="ROAD">長榮路五段柏油路</SimpleData>
	</SchemaData></ExtendedData>
      <Point><coordinates>120.215807362242,23.012987024549</coordinates></Point>
  </Placemark>
  <Placemark>
	<ExtendedData><SchemaData schemaUrl="#六區行道樹2021_1">
		<SimpleData name="AREA">北區</SimpleData>
		<SimpleData name="DATE">2019/12/16</SimpleData>
		<SimpleData name="UID">340-04034</SimpleData>
		<SimpleData name="TREE_NAME">樟樹</SimpleData>
		<SimpleData name="ROAD">長榮路五段柏油路</SimpleData>
	</SchemaData></ExtendedData>
      <Point><coordinates>120.215729265266,23.0129965708359</coordinates></Point>
  </Placemark>
  <Placemark>
	<ExtendedData><SchemaData schemaUrl="#六區行道樹2021_1">
		<SimpleData name="AREA">北區</SimpleData>
		<SimpleData name="DATE">2019/12/16</SimpleData>
		<SimpleData name="UID">340-04035</SimpleData>
		<SimpleData name="TREE_NAME">樟樹</SimpleData>
		<SimpleData name="ROAD">長榮路五段柏油路</SimpleData>
	</SchemaData></ExtendedData>
      <Point><coordinates>120.215507666055,23.0130403526719</coordinates></Point>
  </Placemark>
  <Placemark>
	<ExtendedData><SchemaData schemaUrl="#六區行道樹2021_1">
		<SimpleData name="AREA">北區</SimpleData>
		<SimpleData name="DATE">2019/12/16</SimpleData>
		<SimpleData name="UID">340-04036</SimpleData>
		<SimpleData name="TREE_NAME">樟樹</SimpleData>
		<SimpleData name="ROAD">長榮路五段柏油路</SimpleData>
	</SchemaData></ExtendedData>
      <Point><coordinates>120.215360667648,23.0130718617614</coordinates></Point>
  </Placemark>
  <Placemark>
	<ExtendedData><SchemaData schemaUrl="#六區行道樹2021_1">
		<SimpleData name="AREA">北區</SimpleData>
		<SimpleData name="DATE">2019/12/16</SimpleData>
		<SimpleData name="UID">340-04037</SimpleData>
		<SimpleData name="TREE_NAME">龍眼</SimpleData>
		<SimpleData name="ROAD">長榮路五段柏油路</SimpleData>
	</SchemaData></ExtendedData>
      <Point><coordinates>120.214949844989,23.0131781866883</coordinates></Point>
  </Placemark>
  <Placemark>
	<ExtendedData><SchemaData schemaUrl="#六區行道樹2021_1">
		<SimpleData name="AREA">北區</SimpleData>
		<SimpleData name="DATE">2019/12/16</SimpleData>
		<SimpleData name="UID">340-04038</SimpleData>
		<SimpleData name="TREE_NAME">茄苳</SimpleData>
		<SimpleData name="ROAD">長榮路五段柏油路</SimpleData>
	</SchemaData></ExtendedData>
      <Point><coordinates>120.214798124928,23.0131995580905</coordinates></Point>
  </Placemark>
  <Placemark>
	<ExtendedData><SchemaData schemaUrl="#六區行道樹2021_1">
		<SimpleData name="AREA">北區</SimpleData>
		<SimpleData name="DATE">2019/12/16</SimpleData>
		<SimpleData name="UID">340-04039</SimpleData>
		<SimpleData name="TREE_NAME">樟樹</SimpleData>
		<SimpleData name="ROAD">長榮路五段柏油路</SimpleData>
	</SchemaData></ExtendedData>
      <Point><coordinates>120.214591121183,23.013232845766</coordinates></Point>
  </Placemark>
  <Placemark>
	<ExtendedData><SchemaData schemaUrl="#六區行道樹2021_1">
		<SimpleData name="AREA">北區</SimpleData>
		<SimpleData name="DATE">2019/12/16</SimpleData>
		<SimpleData name="UID">340-04040</SimpleData>
		<SimpleData name="TREE_NAME">無葉樹</SimpleData>
		<SimpleData name="ROAD">長榮路五段柏油路</SimpleData>
	</SchemaData></ExtendedData>
      <Point><coordinates>120.214160922819,23.0132315236701</coordinates></Point>
  </Placemark>
  <Placemark>
	<ExtendedData><SchemaData schemaUrl="#六區行道樹2021_1">
		<SimpleData name="AREA">北區</SimpleData>
		<SimpleData name="DATE">2019/12/16</SimpleData>
		<SimpleData name="UID">340-04041</SimpleData>
		<SimpleData name="TREE_NAME">福木</SimpleData>
		<SimpleData name="ROAD">長榮路五段柏油路</SimpleData>
	</SchemaData></ExtendedData>
      <Point><coordinates>120.214062538962,23.0132403363195</coordinates></Point>
  </Placemark>
  <Placemark>
	<ExtendedData><SchemaData schemaUrl="#六區行道樹2021_1">
		<SimpleData name="AREA">北區</SimpleData>
		<SimpleData name="DATE">2019/12/16</SimpleData>
		<SimpleData name="UID">340-04042</SimpleData>
		<SimpleData name="TREE_NAME">樟樹</SimpleData>
		<SimpleData name="ROAD">長榮路五段柏油路</SimpleData>
	</SchemaData></ExtendedData>
      <Point><coordinates>120.213206479695,23.013246739767</coordinates></Point>
  </Placemark>
  <Placemark>
	<ExtendedData><SchemaData schemaUrl="#六區行道樹2021_1">
		<SimpleData name="AREA">北區</SimpleData>
		<SimpleData name="DATE">2019/12/16</SimpleData>
		<SimpleData name="UID">340-04043</SimpleData>
		<SimpleData name="TREE_NAME">樟樹</SimpleData>
		<SimpleData name="ROAD">長榮路五段柏油路</SimpleData>
	</SchemaData></ExtendedData>
      <Point><coordinates>120.213355086087,23.0130894510173</coordinates></Point>
  </Placemark>
  <Placemark>
	<ExtendedData><SchemaData schemaUrl="#六區行道樹2021_1">
		<SimpleData name="AREA">北區</SimpleData>
		<SimpleData name="DATE">2019/12/16</SimpleData>
		<SimpleData name="UID">340-04044</SimpleData>
		<SimpleData name="TREE_NAME">樟樹</SimpleData>
		<SimpleData name="ROAD">長榮路五段柏油路</SimpleData>
	</SchemaData></ExtendedData>
      <Point><coordinates>120.213474541765,23.0130973589272</coordinates></Point>
  </Placemark>
  <Placemark>
	<ExtendedData><SchemaData schemaUrl="#六區行道樹2021_1">
		<SimpleData name="AREA">北區</SimpleData>
		<SimpleData name="DATE">2019/12/16</SimpleData>
		<SimpleData name="UID">340-04045</SimpleData>
		<SimpleData name="TREE_NAME">樟樹</SimpleData>
		<SimpleData name="ROAD">長榮路五段柏油路</SimpleData>
	</SchemaData></ExtendedData>
      <Point><coordinates>120.213570543002,23.0130956686067</coordinates></Point>
  </Placemark>
  <Placemark>
	<ExtendedData><SchemaData schemaUrl="#六區行道樹2021_1">
		<SimpleData name="AREA">北區</SimpleData>
		<SimpleData name="DATE">2019/12/16</SimpleData>
		<SimpleData name="UID">340-04046</SimpleData>
		<SimpleData name="TREE_NAME">樟樹</SimpleData>
		<SimpleData name="ROAD">長榮路五段柏油路</SimpleData>
	</SchemaData></ExtendedData>
      <Point><coordinates>120.21413178592,23.0130914120553</coordinates></Point>
  </Placemark>
  <Placemark>
	<ExtendedData><SchemaData schemaUrl="#六區行道樹2021_1">
		<SimpleData name="AREA">北區</SimpleData>
		<SimpleData name="DATE">2019/12/16</SimpleData>
		<SimpleData name="UID">340-04047</SimpleData>
		<SimpleData name="TREE_NAME">樟樹</SimpleData>
		<SimpleData name="ROAD">長榮路五段柏油路</SimpleData>
	</SchemaData></ExtendedData>
      <Point><coordinates>120.21436174194,23.0130870449884</coordinates></Point>
  </Placemark>
  <Placemark>
	<ExtendedData><SchemaData schemaUrl="#六區行道樹2021_1">
		<SimpleData name="AREA">北區</SimpleData>
		<SimpleData name="DATE">2019/12/16</SimpleData>
		<SimpleData name="UID">340-04048</SimpleData>
		<SimpleData name="TREE_NAME">樟樹</SimpleData>
		<SimpleData name="ROAD">長榮路五段柏油路</SimpleData>
	</SchemaData></ExtendedData>
      <Point><coordinates>120.214479353376,23.0130765215268</coordinates></Point>
  </Placemark>
  <Placemark>
	<ExtendedData><SchemaData schemaUrl="#六區行道樹2021_1">
		<SimpleData name="AREA">北區</SimpleData>
		<SimpleData name="DATE">2019/12/16</SimpleData>
		<SimpleData name="UID">340-04049</SimpleData>
		<SimpleData name="TREE_NAME">樟樹</SimpleData>
		<SimpleData name="ROAD">長榮路五段柏油路</SimpleData>
	</SchemaData></ExtendedData>
      <Point><coordinates>120.214563088468,23.0130704352804</coordinates></Point>
  </Placemark>
  <Placemark>
	<ExtendedData><SchemaData schemaUrl="#六區行道樹2021_1">
		<SimpleData name="AREA">北區</SimpleData>
		<SimpleData name="DATE">2019/12/16</SimpleData>
		<SimpleData name="UID">340-04050</SimpleData>
		<SimpleData name="TREE_NAME">樟樹</SimpleData>
		<SimpleData name="ROAD">長榮路五段柏油路</SimpleData>
	</SchemaData></ExtendedData>
      <Point><coordinates>120.214689402168,23.0130564330849</coordinates></Point>
  </Placemark>
  <Placemark>
	<ExtendedData><SchemaData schemaUrl="#六區行道樹2021_1">
		<SimpleData name="AREA">北區</SimpleData>
		<SimpleData name="DATE">2019/12/16</SimpleData>
		<SimpleData name="UID">340-04051</SimpleData>
		<SimpleData name="TREE_NAME">樟樹</SimpleData>
		<SimpleData name="ROAD">長榮路五段柏油路</SimpleData>
	</SchemaData></ExtendedData>
      <Point><coordinates>120.214783425929,23.0130424512431</coordinates></Point>
  </Placemark>
  <Placemark>
	<ExtendedData><SchemaData schemaUrl="#六區行道樹2021_1">
		<SimpleData name="AREA">北區</SimpleData>
		<SimpleData name="DATE">2019/12/16</SimpleData>
		<SimpleData name="UID">340-04052</SimpleData>
		<SimpleData name="TREE_NAME">樟樹</SimpleData>
		<SimpleData name="ROAD">長榮路五段柏油路</SimpleData>
	</SchemaData></ExtendedData>
      <Point><coordinates>120.215421479579,23.0129136843576</coordinates></Point>
  </Placemark>
  <Placemark>
	<ExtendedData><SchemaData schemaUrl="#六區行道樹2021_1">
		<SimpleData name="AREA">北區</SimpleData>
		<SimpleData name="DATE">2019/12/16</SimpleData>
		<SimpleData name="UID">340-04053</SimpleData>
		<SimpleData name="TREE_NAME">樟樹</SimpleData>
		<SimpleData name="ROAD">長榮路五段柏油路</SimpleData>
	</SchemaData></ExtendedData>
      <Point><coordinates>120.21569625352,23.0128514737024</coordinates></Point>
  </Placemark>
  <Placemark>
	<ExtendedData><SchemaData schemaUrl="#六區行道樹2021_1">
		<SimpleData name="AREA">北區</SimpleData>
		<SimpleData name="DATE">2019/12/16</SimpleData>
		<SimpleData name="UID">340-04054</SimpleData>
		<SimpleData name="TREE_NAME">樟樹</SimpleData>
		<SimpleData name="ROAD">長榮路五段柏油路</SimpleData>
	</SchemaData></ExtendedData>
      <Point><coordinates>120.216132285091,23.0127885259443</coordinates></Point>
  </Placemark>
  <Placemark>
	<ExtendedData><SchemaData schemaUrl="#六區行道樹2021_1">
		<SimpleData name="AREA">北區</SimpleData>
		<SimpleData name="DATE">2019/12/16</SimpleData>
		<SimpleData name="UID">340-04055</SimpleData>
		<SimpleData name="TREE_NAME">樟樹</SimpleData>
		<SimpleData name="ROAD">長榮路五段柏油路</SimpleData>
	</SchemaData></ExtendedData>
      <Point><coordinates>120.21672921321,23.01275355378</coordinates></Point>
  </Placemark>
  <Placemark>
	<ExtendedData><SchemaData schemaUrl="#六區行道樹2021_1">
		<SimpleData name="AREA">北區</SimpleData>
		<SimpleData name="DATE">2019/12/16</SimpleData>
		<SimpleData name="UID">340-04056</SimpleData>
		<SimpleData name="TREE_NAME">洋紅風鈴木</SimpleData>
		<SimpleData name="ROAD">北門路二段柏油路</SimpleData>
	</SchemaData></ExtendedData>
      <Point><coordinates>120.216814712412,23.0125094407664</coordinates></Point>
  </Placemark>
  <Placemark>
	<ExtendedData><SchemaData schemaUrl="#六區行道樹2021_1">
		<SimpleData name="AREA">北區</SimpleData>
		<SimpleData name="DATE">2019/12/16</SimpleData>
		<SimpleData name="UID">340-04057</SimpleData>
		<SimpleData name="TREE_NAME">洋紅風鈴木</SimpleData>
		<SimpleData name="ROAD">北門路二段柏油路</SimpleData>
	</SchemaData></ExtendedData>
      <Point><coordinates>120.216779525612,23.0124367547323</coordinates></Point>
  </Placemark>
  <Placemark>
	<ExtendedData><SchemaData schemaUrl="#六區行道樹2021_1">
		<SimpleData name="AREA">北區</SimpleData>
		<SimpleData name="DATE">2019/12/16</SimpleData>
		<SimpleData name="UID">340-04058</SimpleData>
		<SimpleData name="TREE_NAME">洋紅風鈴木</SimpleData>
		<SimpleData name="ROAD">北門路二段柏油路</SimpleData>
	</SchemaData></ExtendedData>
      <Point><coordinates>120.21661524702,23.0119132778604</coordinates></Point>
  </Placemark>
  <Placemark>
	<ExtendedData><SchemaData schemaUrl="#六區行道樹2021_1">
		<SimpleData name="AREA">北區</SimpleData>
		<SimpleData name="DATE">2019/12/16</SimpleData>
		<SimpleData name="UID">340-04059</SimpleData>
		<SimpleData name="TREE_NAME">洋紅風鈴木</SimpleData>
		<SimpleData name="ROAD">北門路二段柏油路</SimpleData>
	</SchemaData></ExtendedData>
      <Point><coordinates>120.216590555574,23.0118475969182</coordinates></Point>
  </Placemark>
  <Placemark>
	<ExtendedData><SchemaData schemaUrl="#六區行道樹2021_1">
		<SimpleData name="AREA">北區</SimpleData>
		<SimpleData name="DATE">2019/12/16</SimpleData>
		<SimpleData name="UID">340-04060</SimpleData>
		<SimpleData name="TREE_NAME">無葉樹</SimpleData>
		<SimpleData name="ROAD">北門路二段柏油路</SimpleData>
	</SchemaData></ExtendedData>
      <Point><coordinates>120.216446128183,23.0113666597167</coordinates></Point>
  </Placemark>
  <Placemark>
	<ExtendedData><SchemaData schemaUrl="#六區行道樹2021_1">
		<SimpleData name="AREA">北區</SimpleData>
		<SimpleData name="DATE">2019/12/16</SimpleData>
		<SimpleData name="UID">340-04061</SimpleData>
		<SimpleData name="TREE_NAME">洋紅風鈴木</SimpleData>
		<SimpleData name="ROAD">北門路二段柏油路</SimpleData>
	</SchemaData></ExtendedData>
      <Point><coordinates>120.21600589803,23.0101312350718</coordinates></Point>
  </Placemark>
  <Placemark>
	<ExtendedData><SchemaData schemaUrl="#六區行道樹2021_1">
		<SimpleData name="AREA">北區</SimpleData>
		<SimpleData name="DATE">2019/12/16</SimpleData>
		<SimpleData name="UID">340-04062</SimpleData>
		<SimpleData name="TREE_NAME">樹頭</SimpleData>
		<SimpleData name="ROAD">北門路二段柏油路</SimpleData>
	</SchemaData></ExtendedData>
      <Point><coordinates>120.216506984745,23.0110821504648</coordinates></Point>
  </Placemark>
  <Placemark>
	<ExtendedData><SchemaData schemaUrl="#六區行道樹2021_1">
		<SimpleData name="AREA">北區</SimpleData>
		<SimpleData name="DATE">2019/12/16</SimpleData>
		<SimpleData name="UID">340-04063</SimpleData>
		<SimpleData name="TREE_NAME">榕樹</SimpleData>
		<SimpleData name="ROAD">北門路二段柏油路</SimpleData>
	</SchemaData></ExtendedData>
      <Point><coordinates>120.216578501536,23.0112827927241</coordinates></Point>
  </Placemark>
  <Placemark>
	<ExtendedData><SchemaData schemaUrl="#六區行道樹2021_1">
		<SimpleData name="AREA">北區</SimpleData>
		<SimpleData name="DATE">2019/12/16</SimpleData>
		<SimpleData name="UID">340-04064</SimpleData>
		<SimpleData name="TREE_NAME">樹頭</SimpleData>
		<SimpleData name="ROAD">北門路二段柏油路</SimpleData>
	</SchemaData></ExtendedData>
      <Point><coordinates>120.216633479011,23.0114419951057</coordinates></Point>
  </Placemark>
  <Placemark>
	<ExtendedData><SchemaData schemaUrl="#六區行道樹2021_1">
		<SimpleData name="AREA">北區</SimpleData>
		<SimpleData name="DATE">2019/12/16</SimpleData>
		<SimpleData name="UID">340-04065</SimpleData>
		<SimpleData name="TREE_NAME">樟樹</SimpleData>
		<SimpleData name="ROAD">長榮路五段柏油路</SimpleData>
	</SchemaData></ExtendedData>
      <Point><coordinates>120.217131808441,23.0127370333088</coordinates></Point>
  </Placemark>
  <Placemark>
	<ExtendedData><SchemaData schemaUrl="#六區行道樹2021_1">
		<SimpleData name="AREA">北區</SimpleData>
		<SimpleData name="DATE">2019/12/16</SimpleData>
		<SimpleData name="UID">340-04066</SimpleData>
		<SimpleData name="TREE_NAME">樟樹</SimpleData>
		<SimpleData name="ROAD">長榮路五段柏油路</SimpleData>
	</SchemaData></ExtendedData>
      <Point><coordinates>120.217313077035,23.0127510232512</coordinates></Point>
  </Placemark>
  <Placemark>
	<ExtendedData><SchemaData schemaUrl="#六區行道樹2021_1">
		<SimpleData name="AREA">北區</SimpleData>
		<SimpleData name="DATE">2019/12/16</SimpleData>
		<SimpleData name="UID">340-04067</SimpleData>
		<SimpleData name="TREE_NAME">樟樹</SimpleData>
		<SimpleData name="ROAD">長榮路五段柏油路</SimpleData>
	</SchemaData></ExtendedData>
      <Point><coordinates>120.217875008058,23.012711810174</coordinates></Point>
  </Placemark>
  <Placemark>
	<ExtendedData><SchemaData schemaUrl="#六區行道樹2021_1">
		<SimpleData name="AREA">北區</SimpleData>
		<SimpleData name="DATE">2019/12/16</SimpleData>
		<SimpleData name="UID">340-04068</SimpleData>
		<SimpleData name="TREE_NAME">樟樹</SimpleData>
		<SimpleData name="ROAD">長榮路五段柏油路</SimpleData>
	</SchemaData></ExtendedData>
      <Point><coordinates>120.217997442098,23.0126938128972</coordinates></Point>
  </Placemark>
  </Folder>
</Document></kml>